[48;2;0;0;0m[38;2;0;0;0m▘▘▘▘▘▘▘▘▘▘▘▘▘▘▘▘▘▘▘▘▘▘▘▘▘▘▘▘▘▘▘▘▘▘▘▘▘▘▘▘▘▘▘▘▘▘▘▘▘▘▘▘▘▘▘▘▘▘▘▘▘▘▘▘▘▘▘▘▘▘▘▘▘▘▘▘▘▘[0m
[48;2;0;0;0m[38;2;0;0;0m▘▘▘▘▘▘▘▘▘▘▘▘▘▘▘▘▘▘▘▘▘▘▘▘▘▘▘▘▘▘▘▘▘▘▘▘▘▘▘▘▘▘▘▘▘▘▘▘▘▘▘▘▘▘▘▘▘▘▘▘▘▘▘▘▘▘▘▘▘▘▘▘▘▘▘▘▘▘[0m
[48;2;0;0;0m[38;2;0;0;0m▘▘▘▘▘▘▘▘▘▘▘▘▘▘▘▘▘▘▘▘▘▘▘▘▘▘▘▘▘▘▘▘▘▘▘▘▘▘▘▘▘▘▘▘▘▘▘▘▘▘▘▘▘▘▘▘▘▘▘▘▘▘▘▘▘▘▘▘▘▘▘▘▘▘▘▘▘▘[0m
[48;2;0;0;0m[38;2;0;0;0m▘▘▘▘▘▘▘▘▘▘▘▘▘▘▘▘▘▘▘▘▘▘▘▘▘▘▘▘▘▘▘▘▘▘▘▘▘▘▘▘▘▘▘▘▘▘▘▘▘▘▘▘▘▘▘▘▘▘▘▘▘▘▘▘▘▘▘▘▘▘▘▘▘▘▘▘▘▘[0m
[48;2;0;0;0m[38;2;0;0;0m▘▘▘▘▘▘▘▘▘▘▘▘▘▘▘▘▘▘▘▘▘▘▘▘▘▘▘▘▘▘▘▘▘▘▘▘▘▘▘▘▘▘▘▘▘▘▘▘▘▘▘▘▘▘▘▘▘▘▘▘▘▘▘▘▘▘▘▘▘▘▘▘▘▘▘▘▘▘[0m
[48;2;0;0;0m[38;2;0;0;0m▘▘▘▘▘▘▘▘▘▘▘▘▘▘▘▘▘▘▘▘▘▘▘▘▘▘▘▘▘▘▘▘▘▘▘▘▘▘▘▘▘▘▘▘▘▘▘▘▘▘▘▘▘▘▘▘▘▘▘▘▘▘▘▘▘▘▘▘▘▘▘▘▘▘▘▘▘▘[0m
[48;2;0;0;0m[38;2;0;0;0m▘▘▘▘▘▘▘▘▘▘▘▘▘▘▘▘▘▘▘▘▘▘▘▘▘▘▘▘▘▘▘▘▘▘▘▘▘▘▘▘▘▘▘▘▘▘▘▘▘▘▘▘▘▘▘▘▘▘▘▘▘▘▘▘▘▘▘▘▘▘▘▘▘▘▘▘▘▘[0m
[48;2;0;0;0m[38;2;0;0;0m▘▘▘▘▘▘▘▘▘▘▘▘▘▘▘▘▘▘▘▘▘▘▘▘▘▘▘▘▘▘▘▘▘▘▘▘▘▘▘▘▘▘▘▘▘▘▘▘▘▘▘▘▘▘▘▘▘▘▘▘▘▘▘▘▘▘▘▘▘▘▘▘▘▘▘▘▘▘[0m
[48;2;0;0;0m[38;2;0;0;0m▘▘▘▘▘▘▘▘▘▘▘▘▘▘▘▘▘▘▘▘▘▘▘▘▘▘▘▘▘▘▘▘▘▘▘▘▘▘▘▘▘▘▘▘▘▘▘▘▘▘▘▘▘▘▘▘▘▘▘▘▘▘▘▘▘▘▘▘▘▘▘▘▘▘▘▘▘▘[0m
[48;2;0;0;0m[38;2;0;0;0m▘▘▘▘▘▘▘▘▘▘▘▘▘▘▘▘▘▘▘▘▘▘▘▘▘▘▘▘▘▘▘▘▘▘▘▘▘▘▘▘▘▘▘▘▘▘▘▘▘▘▘▘▘▘▘▘▘▘▘▘▘▘▘▘▘▘▘▘▘▘▘▘▘▘▘▘▘▘[0m
[48;2;0;0;0m[38;2;0;0;0m▘▘▘▘▘▘▘▘▘▘▘▘▘▘▘▘▘▘▘▘▘▘▘▘▘▘▘▘▘▘▘▘▘▘▘▘▘▘▘▘▘▘▘▘▘▘▘▘▘▘▘▘▘▘▘▘▘▘▘▘▘▘▘▘▘▘▘▘▘▘▘▘▘▘▘▘▘▘[0m
[48;2;0;0;0m[38;2;0;0;0m▘▘▘▘▘▘▘▘▘▘▘▘▘▘▘▘▘▘▘▘▘▘▘▘▘▘▘▘▘▘▘▘▘▘▘▘▘▘▘▘▘▘▘▘▘▘▘▘▘▘▘▘▘▘▘▘▘▘▘▘▘▘▘▘▘▘▘▘▘▘▘▘▘▘▘▘▘▘[0m
[48;2;0;0;0m[38;2;0;0;0m▘▘▘▘▘▘▘▘▘▘▘▘▘▘▘▘▘▘▘▘▘▘▘▘▘▘▘▘▘▘▘▘▘▘▘▘▘▘▘▘▘▘▘▘▘▘▘▘▘▘▘▘▘▘▘▘▘▘▘▘▘▘▘▘▘▘▘▘▘▘▘▘▘▘▘▘▘▘[0m
[48;2;0;0;0m[38;2;0;0;0m▘▘▘▘▘▘▘▘▘▘▘▘▘▘▘▘▘▘▘▘▘▘▘▘▘▘▘▘▘▘▘▘▘▘▘▘▘▘▘▘▘▘▘▘▘▘▘▘▘▘▘▘▘▘▘▘▘▘▘▘▘▘▘▘▘▘▘▘▘▘▘▘▘▘▘▘▘▘[0m
[48;2;0;0;0m[38;2;0;0;0m▘▘▘▘▘▘▘▘▘▘▘▘▘▘▘▘▘▘▘▘▘▘▘▘▘▘▘▘▘▘▘▘▘▘▘▘▘▘▘▘▘▘▘▘▘▘▘▘▘▘▘▘▘▘▘▘▘▘▘▘▘▘▘▘▘▘▘▘▘▘▘▘▘▘▘▘▘▘[0m
[48;2;0;0;0m[38;2;0;0;0m▘[38;2;0;10;0m▐[38;2;0;0;0m▘[48;2;1;11;0m[38;2;24;57;14m▗[48;2;0;13;0m[38;2;23;57;15m▄[48;2;0;15;0m[38;2;30;68;19m▄[48;2;0;18;0m[38;2;31;70;22m▄[48;2;0;22;0m[38;2;39;81;28m▄[48;2;1;24;0m[38;2;38;82;29m▄[48;2;3;27;0m[38;2;37;76;26m▄[48;2;10;33;1m[38;2;38;79;25m▄[48;2;15;41;3m[38;2;38;73;23m▄[48;2;23;46;8m[38;2;44;77;26m▄[48;2;30;50;13m[38;2;51;74;27m▄[48;2;39;57;17m[38;2;86;94;29m▄[48;2;40;48;13m[38;2;61;68;24m▖[48;2;34;47;14m[38;2;50;57;19m▄[48;2;30;46;13m[38;2;44;59;25m▄[48;2;24;46;13m[38;2;40;65;26m▄[48;2;23;48;13m[38;2;39;64;26m▗[48;2;25;50;15m[38;2;35;60;23m▄[48;2;23;51;12m[38;2;38;67;28m▖[48;2;38;83;31m[38;2;52;97;38m▄[48;2;39;86;33m[38;2;50;100;37m▄[48;2;32;68;22m[38;2;40;85;31m▙[48;2;37;81;30m[38;2;43;93;33m▄[48;2;35;80;26m[38;2;46;95;35m▌[48;2;39;87;32m[38;2;44;95;34m▟[48;2;43;93;35m[38;2;49;99;35m▄[48;2;32;72;22m[38;2;48;96;37m▐[48;2;47;97;35m[38;2;50;98;38m▀[48;2;33;81;27m[38;2;49;100;37m▌[48;2;50;99;36m[38;2;52;98;38m▀[48;2;46;94;34m[38;2;52;101;38m▌[48;2;34;78;26m[38;2;50;101;36m▐[48;2;49;98;34m[38;2;51;102;38m▀[48;2;33;74;22m[38;2;44;93;33m▌[48;2;49;99;34m[38;2;51;102;38m▀[48;2;43;89;31m[38;2;51;101;36m▌[48;2;40;87;27m[38;2;53;105;38m▐[48;2;51;103;35m[38;2;52;105;37m▝[48;2;39;82;29m[38;2;40;86;30m▐[48;2;50;99;36m[38;2;51;102;37m▘[48;2;39;86;30m[38;2;50;101;35m▌[48;2;43;90;30m▐[48;2;49;99;36m[38;2;51;102;38m▝[48;2;44;90;32m[38;2;44;95;34m▟[48;2;38;74;28m[38;2;50;98;36m▌[48;2;0;10;0m[38;2;17;42;10m▌[48;2;0;4;0m[38;2;0;14;0m▝[48;2;22;57;14m[38;2;42;95;31m▐[48;2;36;84;31m[38;2;41;93;31m▙[48;2;23;62;17m[38;2;39;85;30m▐[48;2;33;78;27m[38;2;41;91;33m▄[48;2;28;69;21m[38;2;36;81;26m▄[48;2;36;49;13m[38;2;35;76;24m▌[48;2;20;28;2m[38;2;38;44;13m▌[48;2;3;15;0m[38;2;14;23;0m▙[48;2;5;16;0m[38;2;14;18;0m▗[48;2;12;29;1m[38;2;22;33;5m▄[48;2;24;47;11m[38;2;38;61;22m▄[48;2;31;50;13m[38;2;42;63;23m▄[48;2;40;53;14m[38;2;56;65;25m▄[48;2;54;57;17m[38;2;74;73;27m▄[48;2;107;82;16m[38;2;200;146;30m▝[48;2;79;64;13m[38;2;97;78;20m▖[48;2;44;41;7m[38;2;72;64;19m▄[48;2;30;32;3m[38;2;50;49;10m▄[48;2;19;26;0m[38;2;43;43;11m▄[48;2;12;19;0m[38;2;38;39;9m▗[48;2;0;20;0m[38;2;43;75;26m▄[48;2;0;16;0m[38;2;31;68;22m▄[48;2;0;15;0m[38;2;35;72;23m▄[48;2;0;13;0m[38;2;24;62;16m▄[48;2;3;18;1m[38;2;25;63;18m▖[48;2;0;0;0m[38;2;0;0;0m▘[48;2;0;1;0m[38;2;0;13;0m▌[48;2;0;0;0m[38;2;0;0;0m▘[0m
[48;2;0;0;0m[38;2;0;0;0m▘[48;2;0;2;0m[38;2;0;13;0m▐[48;2;0;0;0m[38;2;0;0;0m▘[48;2;13;40;6m[38;2;40;81;27m▝[48;2;19;51;13m[38;2;35;77;24m▀[48;2;20;55;12m[38;2;39;81;27m▀[48;2;29;65;20m[38;2;43;84;30m▘[48;2;29;66;20m[38;2;40;85;30m▀[48;2;30;64;20m[38;2;37;78;26m▜[48;2;38;67;21m[38;2;38;77;26m▛[48;2;18;37;6m[38;2;36;67;23m▜[48;2;38;69;24m[38;2;46;77;28m▐[48;2;48;82;27m[38;2;57;83;31m▟[48;2;65;83;31m[38;2;98;101;38m▄[48;2;79;85;29m[38;2;130;121;37m▘[48;2;62;58;16m[38;2;76;71;19m▙[48;2;55;57;19m[38;2;73;67;22m▖[48;2;42;52;19m[38;2;47;57;21m▛[48;2;30;45;14m[38;2;38;60;24m▜[48;2;26;49;15m[38;2;33;56;22m▟[48;2;26;50;16m▖[48;2;21;49;14m[38;2;35;62;22m▙[48;2;37;66;24m[38;2;43;84;32m▜[48;2;28;67;21m[38;2;38;83;29m▜[48;2;33;74;25m[38;2;44;92;36m▄[48;2;34;77;26m[38;2;44;90;31m▖[48;2;27;63;18m[38;2;41;89;32m▙[48;2;30;74;23m[38;2;45;93;36m▖[48;2;33;79;25m[38;2;50;98;38m▗[48;2;28;70;21m[38;2;49;99;38m▄[48;2;28;67;20m[38;2;38;84;29m▄[48;2;24;63;16m[38;2;47;98;34m▄[48;2;33;78;23m[38;2;49;100;36m▖[48;2;28;68;18m[38;2;47;97;34m▄[48;2;25;64;16m[38;2;45;95;33m▄[48;2;0;9;0m[38;2;20;58;14m▛[48;2;16;51;10m[38;2;43;94;34m▗[48;2;28;71;20m[38;2;48;98;37m▖[48;2;23;59;15m[38;2;47;101;36m▄[48;2;23;63;16m[38;2;47;100;36m▄[48;2;31;75;22m[38;2;51;103;38m▗[48;2;20;54;13m[38;2;50;99;37m▄[48;2;29;71;19m[38;2;49;100;37m▖[48;2;26;65;18m[38;2;50;101;37m▄[48;2;22;58;14m[38;2;48;99;38m▄[48;2;23;60;14m[38;2;50;102;38m▗[48;2;28;69;20m[38;2;50;101;37m▄[48;2;23;56;15m[38;2;48;93;36m▖[48;2;0;11;0m[38;2;14;38;7m▌[48;2;0;6;0m[38;2;0;10;0m▟[48;2;2;25;1m[38;2;26;70;19m▝[48;2;30;72;21m[38;2;38;87;31m▄[48;2;15;50;13m[38;2;37;80;28m▟[48;2;31;73;24m[38;2;39;87;27m▗[48;2;42;48;13m[38;2;34;70;22m▛[48;2;20;28;3m[38;2;39;44;12m▛[48;2;21;28;3m[38;2;33;37;8m▘[48;2;17;24;0m[38;2;25;30;6m▖[48;2;11;19;1m[38;2;20;34;8m▗[48;2;21;32;4m[38;2;30;48;16m▄[48;2;25;40;7m[38;2;38;58;21m▛[48;2;44;60;20m[38;2;55;65;24m▐[48;2;67;69;24m[38;2;96;82;21m▗[48;2;85;76;25m[38;2;105;85;23m▟[48;2;137;99;22m[38;2;255;186;42m▗[48;2;133;97;24m[38;2;218;150;32m▗[48;2;93;75;19m[38;2;126;92;21m▖[48;2;58;50;12m[38;2;74;64;16m▖[48;2;38;34;7m[38;2;44;40;10m▛[48;2;25;26;1m[38;2;34;34;6m▝[48;2;37;49;14m[38;2;42;76;26m▝[48;2;29;60;17m[38;2;39;74;26m▘[48;2;22;52;12m[38;2;39;79;26m▀[48;2;24;57;13m[38;2;36;80;26m▘[48;2;18;45;10m[38;2;38;82;25m▘[48;2;0;0;0m[38;2;0;0;0m▘[48;2;0;3;0m[38;2;0;14;0m▌[48;2;0;0;0m[38;2;0;0;0m▘[0m
[48;2;0;0;0m[38;2;0;0;0m▘[48;2;0;3;0m[38;2;0;15;0m▐[48;2;0;0;0m[38;2;0;0;0m▘[48;2;11;33;2m[38;2;38;77;26m▐[48;2;32;68;21m[38;2;43;85;30m▀[48;2;26;58;18m[38;2;37;76;25m▀[48;2;30;64;20m[38;2;43;87;31m▀[48;2;30;67;20m[38;2;43;87;30m▘[48;2;31;65;19m[38;2;42;81;29m▀[48;2;30;41;10m[38;2;45;63;20m▀[48;2;26;36;4m[38;2;44;50;15m▝[48;2;45;48;16m[38;2;55;64;22m▝[48;2;69;68;23m[38;2;81;81;30m▝[48;2;106;100;33m[38;2;126;99;29m▙[48;2;111;99;33m[38;2;134;100;30m▄[48;2;105;80;20m[38;2;191;133;25m▌[48;2;70;64;20m[38;2;81;71;21m▛[48;2;47;54;19m[38;2;61;67;26m▘[48;2;30;44;15m[38;2;40;60;25m▝[48;2;24;43;13m[38;2;39;58;24m▀[48;2;30;55;17m[38;2;37;63;22m▘[48;2;24;48;18m[38;2;36;64;24m▛[48;2;34;64;25m[38;2;42;86;34m▝[48;2;33;71;26m[38;2;42;92;34m▝[48;2;34;72;26m[38;2;46;96;38m▀[48;2;38;81;30m[38;2;45;90;34m▘[48;2;26;66;20m[38;2;43;93;32m▛[48;2;37;81;27m[38;2;46;98;37m▘[48;2;27;66;21m[38;2;42;89;32m▛[48;2;28;67;22m[38;2;49;97;37m▜[48;2;39;85;30m[38;2;43;88;34m▝[48;2;28;68;22m[38;2;46;98;35m▛[48;2;41;85;31m[38;2;52;103;42m▘[48;2;42;89;32m[38;2;51;101;38m▀[48;2;32;73;26m[38;2;48;95;37m▚[48;2;0;20;0m[38;2;41;83;28m▄[48;2;32;76;25m[38;2;46;98;37m▝[48;2;41;87;30m[38;2;50;104;40m▘[48;2;40;88;30m[38;2;52;109;40m▀[48;2;31;73;22m[38;2;51;103;40m▜[48;2;43;89;32m[38;2;55;108;43m▝[48;2;35;80;25m[38;2;50;104;39m▀[48;2;31;70;22m[38;2;46;94;34m▙[48;2;33;75;24m[38;2;50;101;37m▛[48;2;43;90;32m[38;2;53;108;41m▀[48;2;22;62;14m[38;2;47;94;35m▟[48;2;38;79;29m[38;2;50;103;40m▀[48;2;21;57;13m[38;2;43;90;32m▙[48;2;3;25;0m[38;2;34;75;23m▙[48;2;0;13;0m[38;2;26;64;19m▖[48;2;0;15;0m[38;2;13;43;8m▗[48;2;33;73;26m[38;2;39;89;32m▀[48;2;30;67;22m[38;2;44;92;34m▀[48;2;31;39;10m[38;2;31;62;19m▛[48;2;22;28;5m[38;2;42;49;16m▀[48;2;27;30;5m[38;2;49;46;10m▘[48;2;19;24;2m[38;2;37;42;8m▘[48;2;13;18;1m[38;2;23;26;3m▀[48;2;12;21;2m[38;2;25;40;9m▐[48;2;24;40;10m[38;2;35;54;19m▀[48;2;27;40;9m[38;2;39;58;20m▌[48;2;46;54;15m[38;2;60;62;20m▜[48;2;81;70;17m[38;2;138;101;22m▐[48;2;139;97;22m[38;2;212;144;27m▄[48;2;165;116;27m[38;2;255;204;52m▐[48;2;240;170;43m[38;2;255;216;60m▄[48;2;127;93;25m[38;2;212;146;35m▌[48;2;72;60;14m[38;2;95;75;20m▌[48;2;37;32;1m[38;2;49;42;6m▛[48;2;20;20;0m[38;2;31;30;2m▀[48;2;27;30;3m[38;2;40;47;11m▀[48;2;32;61;17m[38;2;42;80;27m▀[48;2;27;59;17m[38;2;42;84;28m▘[48;2;32;63;20m[38;2;42;83;29m▀[48;2;29;63;19m[38;2;40;79;30m▘[48;2;0;0;0m[38;2;0;0;0m▘[48;2;0;5;0m[38;2;0;15;0m▌[48;2;0;0;0m[38;2;0;0;0m▘[0m
[48;2;0;0;0m[38;2;0;0;0m▘[48;2;0;5;0m[38;2;0;16;0m▐[48;2;0;0;0m[38;2;0;0;0m▘[48;2;24;54;12m[38;2;40;76;27m▟[48;2;33;69;21m[38;2;44;84;30m▐[48;2;37;70;26m[38;2;45;87;32m▙[48;2;21;45;13m[38;2;38;78;25m▟[48;2;43;86;30m[38;2;45;90;33m▀[48;2;32;49;14m[38;2;41;78;27m▌[48;2;19;22;0m[38;2;38;42;10m▛[48;2;20;25;1m[38;2;40;42;12m▘[48;2;16;25;0m[38;2;48;46;11m▜[48;2;77;67;18m[38;2;108;85;25m▐[48;2;174;121;27m[38;2;212;151;32m▄[48;2;185;131;38m[38;2;239;171;56m▄[48;2;176;122;26m[38;2;255;204;49m▙[48;2;64;57;15m[38;2;90;71;16m▛[48;2;32;40;12m[38;2;50;54;18m▛[48;2;22;35;8m[38;2;33;44;14m▀[48;2;18;32;2m[38;2;30;48;14m▀[48;2;25;33;4m[38;2;30;51;17m▜[48;2;19;40;14m[38;2;31;53;19m▙[48;2;31;55;18m[38;2;39;78;30m▝[48;2;26;51;13m[38;2;44;86;32m▜[48;2;35;71;22m[38;2;38;79;28m▝[48;2;35;69;23m[38;2;42;87;32m▀[48;2;32;68;22m[38;2;43;93;33m▘[48;2;28;61;17m[38;2;43;89;33m▀[48;2;33;68;21m[38;2;42;90;32m▘[48;2;23;55;14m[38;2;43;88;33m▝[48;2;29;63;18m[38;2;43;92;33m▀[48;2;32;70;20m[38;2;44;87;31m▌[48;2;26;59;14m[38;2;44;90;34m▀[48;2;32;63;19m[38;2;42;89;32m▀[48;2;31;65;20m[38;2;44;92;32m▝[48;2;27;58;15m[38;2;42;86;30m▀[48;2;28;63;17m[38;2;36;80;25m▘[48;2;29;63;19m[38;2;41;92;31m▀[48;2;38;70;23m[38;2;41;89;29m▀[48;2;26;59;15m[38;2;45;91;33m▝[48;2;26;55;13m[38;2;42;86;30m▜[48;2;26;61;14m[38;2;37;76;25m▛[48;2;21;50;10m[38;2;42;90;31m▀[48;2;35;71;23m[38;2;44;84;31m▚[48;2;31;63;19m[38;2;43;91;30m▀[48;2;22;49;10m[38;2;45;92;33m▀[48;2;32;67;22m[38;2;41;83;29m▜[48;2;26;58;15m[38;2;46;96;32m▀[48;2;22;48;13m[38;2;44;94;31m▘[48;2;15;28;7m[38;2;33;69;25m▘[48;2;10;23;2m[38;2;19;43;10m▐[48;2;22;42;8m[38;2;34;78;27m▀[48;2;19;42;9m[38;2;32;76;25m▝[48;2;24;31;7m[38;2;31;64;20m▘[48;2;15;20;0m[38;2;21;25;4m▌[48;2;22;26;4m[38;2;38;38;9m▀[48;2;18;22;2m[38;2;36;36;7m▘[48;2;18;22;3m[38;2;28;32;7m▗[48;2;23;31;4m[38;2;28;42;13m▝[48;2;25;39;9m[38;2;62;48;13m▄[48;2;36;41;9m[38;2;58;54;14m▌[48;2;45;43;8m[38;2;59;56;16m▜[48;2;83;66;16m[38;2;153;111;23m▐[48;2;193;151;45m[38;2;255;208;54m▀[48;2;219;176;56m[38;2;255;242;82m▐[48;2;255;231;65m[38;2;255;255;78m▖[48;2;175;127;33m[38;2;253;199;52m▌[48;2;102;78;19m[38;2;187;133;37m▖[48;2;39;34;0m[38;2;66;53;12m▌[48;2;19;20;0m[38;2;21;22;0m▖[48;2;26;26;1m[38;2;41;44;11m▐[48;2;24;47;11m[38;2;47;82;29m▌[48;2;45;81;32m[38;2;50;87;33m▟[48;2;34;69;23m[38;2;49;87;33m▌[48;2;34;69;22m[38;2;43;82;28m▙[48;2;0;0;0m[38;2;0;0;0m▘[48;2;0;8;0m[38;2;0;16;0m▌[48;2;0;0;0m[38;2;0;0;0m▘[0m
[48;2;0;0;0m[38;2;0;0;0m▘[48;2;0;8;0m[38;2;0;19;0m▐[48;2;0;0;0m[38;2;0;0;0m▘[48;2;20;44;9m[38;2;44;81;27m▄[48;2;26;55;15m[38;2;49;88;31m▄[48;2;32;63;21m[38;2;51;90;33m▗[48;2;35;69;23m[38;2;47;88;31m▄[48;2;32;63;20m[38;2;48;90;30m▖[48;2;37;39;9m[38;2;35;44;11m▀[48;2;16;20;0m[38;2;25;26;1m▄[38;2;49;36;4m▘[48;2;27;29;1m[38;2;64;51;9m▝[48;2;69;57;4m[38;2;145;107;22m▐[48;2;189;157;45m[38;2;234;192;52m▌[48;2;174;146;44m[38;2;255;225;76m▝[48;2;108;101;29m[38;2;248;226;82m▀[48;2;58;55;10m[38;2;106;80;14m▘[48;2;27;37;5m[38;2;51;51;13m▖[48;2;17;33;1m[38;2;57;50;13m▝[48;2;3;25;0m[38;2;31;34;4m▘[48;2;0;21;0m[38;2;1;22;0m▘[48;2;0;19;0m[38;2;0;21;0m▄[48;2;0;21;0m[38;2;0;24;0m▖[48;2;0;20;0m[38;2;0;23;0m▄[38;2;0;25;0m▄[38;2;0;23;0m▄[48;2;0;19;0m[38;2;0;20;0m▄[48;2;0;20;0m[38;2;0;22;0m▀[48;2;0;21;0m[38;2;0;25;0m▗[38;2;0;24;0m▗[48;2;0;20;0m[38;2;0;22;0m▄▌[48;2;0;21;0m[38;2;0;24;0m▗[38;2;0;22;0m▄[38;2;0;24;0m▗[48;2;0;20;0m[38;2;0;22;0m▙▙[48;2;0;21;0m▞[48;2;0;22;0m▘[48;2;0;20;0m[38;2;0;23;0m▙[38;2;0;22;0m▙[38;2;0;23;0m▟[38;2;0;22;0m▙[38;2;0;20;0m▘[38;2;0;22;0m▗[48;2;0;21;0m[38;2;0;25;0m▄[48;2;0;25;0m[38;2;0;27;0m▗[48;2;0;22;0m[38;2;0;25;0m▙[48;2;0;14;0m[38;2;0;20;0m▌[48;2;0;9;0m[38;2;0;16;0m▗[48;2;0;16;0m[38;2;0;18;0m▙▟[38;2;0;19;0m▙[48;2;0;15;0m[38;2;0;18;0m▖[48;2;0;10;0m[38;2;0;13;0m▙[38;2;0;12;0m▄[48;2;0;12;0m[38;2;0;14;0m▗[48;2;0;13;0m[38;2;0;15;0m▟[48;2;0;15;0m[38;2;1;19;0m▟[48;2;4;19;0m[38;2;7;20;0m▜[48;2;12;22;0m[38;2;31;30;1m▝[48;2;17;30;0m[38;2;57;46;10m▀[48;2;33;41;0m[38;2;73;61;10m▀[48;2;45;52;3m[38;2;80;72;8m▀[48;2;68;70;7m[38;2;120;110;24m▝[48;2;100;97;18m[38;2;201;184;63m▝[48;2;102;98;23m[38;2;255;234;88m▀[48;2;95;78;13m[38;2;225;176;49m▘[48;2;61;47;5m[38;2;102;64;15m▗[48;2;14;18;0m[38;2;32;28;0m▛[48;2;20;21;0m[38;2;31;34;6m▐[48;2;40;65;22m[38;2;54;88;31m▗[48;2;35;62;20m[38;2;49;85;27m▖[48;2;31;61;20m[38;2;50;90;33m▄[48;2;25;53;13m[38;2;49;88;30m▄[48;2;0;0;0m[38;2;0;3;0m▖[48;2;0;9;0m[38;2;0;19;0m▌[48;2;0;0;0m[38;2;0;0;0m▘[0m
[48;2;0;0;0m[38;2;0;0;0m▘[48;2;0;10;0m[38;2;0;20;0m▐[48;2;0;0;0m[38;2;0;0;0m▘[48;2;33;60;15m[38;2;42;75;25m▟[48;2;37;71;21m[38;2;52;88;31m▗[48;2;35;68;22m[38;2;56;94;35m▄[48;2;39;75;25m[38;2;50;88;32m▗[48;2;19;37;6m[38;2;46;67;21m▙[48;2;12;17;0m[38;2;42;39;8m▖[48;2;9;12;0m[38;2;47;36;5m▐[48;2;4;19;0m[38;2;11;21;0m▌[48;2;6;25;0m[38;2;12;32;0m▐[48;2;19;44;0m[38;2;46;58;4m▝[48;2;47;75;15m[38;2;132;208;132m▗[48;2;34;59;8m[38;2;46;100;39m▖[48;2;23;54;5m[38;2;76;141;80m▖[48;2;31;67;19m[38;2;134;219;142m▗[48;2;10;42;4m[38;2;100;177;108m▖[48;2;0;34;0m[38;2;27;86;34m▖[48;2;0;33;0m[38;2;88;163;99m▄[48;2;0;28;0m[38;2;3;43;3m▖[48;2;3;38;3m[38;2;134;219;144m▗[48;2;0;34;0m[38;2;131;216;143m▄[48;2;0;33;2m[38;2;51;110;57m▗[48;2;18;58;19m[38;2;166;252;175m▗[48;2;0;29;0m[38;2;49;104;50m▖[48;2;0;25;0m[38;2;1;31;0m▄[48;2;0;27;0m[38;2;25;74;28m▗[48;2;5;40;6m[38;2;60;121;63m▗[48;2;13;58;14m[38;2;159;243;169m▄[48;2;0;28;0m[38;2;36;94;40m▄[48;2;0;27;0m[38;2;84;151;90m▗[48;2;11;48;11m[38;2;129;210;140m▄[48;2;5;48;8m[38;2;44;117;60m▗[48;2;7;41;7m[38;2;129;211;141m▄[48;2;0;26;0m[38;2;36;88;40m▖[48;2;0;27;0m[38;2;48;102;51m▗[48;2;7;44;4m[38;2;153;235;158m▄[48;2;0;25;0m[38;2;35;90;37m▄[48;2;5;42;3m[38;2;145;225;155m▄[48;2;0;29;0m[38;2;25;74;25m▖[48;2;18;58;18m[38;2;163;249;170m▗[48;2;2;32;0m[38;2;104;168;106m▖[48;2;0;24;0m[38;2;0;26;0m▄[48;2;3;35;2m[38;2;104;177;109m▗[48;2;14;61;15m[38;2;175;255;183m▄[48;2;12;59;13m[38;2;174;255;183m▄[48;2;0;32;0m[38;2;69;134;75m▖[48;2;0;19;0m[38;2;0;26;0m▖[48;2;24;64;26m[38;2;151;241;157m▗[48;2;0;29;0m[38;2;79;148;85m▖[48;2;7;44;9m[38;2;98;169;104m▗[48;2;7;40;6m[38;2;142;224;150m▖[48;2;1;19;0m[38;2;2;26;0m▖[48;2;0;13;0m[38;2;0;15;0m▙[48;2;5;23;1m[38;2;37;81;26m▗[48;2;8;31;3m[38;2;44;88;33m▖[48;2;0;19;0m[38;2;21;49;10m▖[48;2;1;19;0m[38;2;2;21;0m▗[48;2;3;21;0m[38;2;19;44;6m▗[48;2;7;28;0m[38;2;32;70;21m▗[48;2;18;45;4m[38;2;46;92;31m▖[48;2;22;42;0m[38;2;30;55;7m▗[48;2;31;50;3m[38;2;103;151;85m▗[48;2;36;59;5m[38;2;164;243;157m▄[48;2;44;69;8m[38;2;130;204;122m▄[48;2;48;77;18m[38;2;90;148;75m▖[48;2;53;86;27m[38;2;145;208;133m▗[48;2;43;49;4m[38;2;84;62;12m▟[48;2;25;22;0m[38;2;45;37;4m▗[48;2;26;26;2m[38;2;50;47;12m▄[48;2;31;44;10m[38;2;42;66;21m▟[48;2;41;65;22m[38;2;57;93;33m▄[48;2;41;73;25m[38;2;55;93;33m▖[48;2;41;73;23m[38;2;52;89;32m▄[48;2;0;2;0m[38;2;6;10;0m▖[48;2;0;11;0m[38;2;2;21;0m▌[48;2;0;0;0m[38;2;0;0;0m▘[0m
[48;2;0;0;0m[38;2;0;0;0m▘[48;2;0;13;0m[38;2;3;23;0m▐[48;2;0;0;0m[38;2;1;2;0m▐[48;2;32;54;13m[38;2;50;87;30m▀[48;2;38;63;18m[38;2;56;91;33m▝[48;2;45;66;21m[38;2;59;97;34m▀[48;2;43;74;26m[38;2;50;88;32m▝[48;2;28;33;7m[38;2;48;60;20m▛[48;2;22;24;0m[38;2;48;44;12m▘[48;2;0;3;0m[38;2;40;33;5m▟[48;2;2;15;0m[38;2;9;23;0m▐[48;2;3;28;0m[38;2;6;38;0m▗[48;2;34;86;35m[38;2;120;210;136m▗[48;2;60;127;68m[38;2;144;243;163m▜[48;2;103;192;117m[38;2;152;252;172m▙[48;2;18;72;24m[38;2;99;178;111m▘[48;2;14;67;16m[38;2;135;216;146m▜[48;2;40;110;50m[38;2;153;242;169m▙[48;2;0;56;9m[38;2;31;93;42m▛[48;2;106;181;117m[38;2;167;255;182m▜[48;2;0;38;0m[38;2;118;197;130m▌[48;2;20;68;22m[38;2;128;214;139m▝[48;2;88;165;99m[38;2;163;255;178m▜[48;2;74;147;84m[38;2;150;240;162m▖[48;2;9;61;15m[38;2;162;245;172m▜[48;2;19;70;24m[38;2;161;240;167m▌[48;2;0;35;0m[38;2;40;102;44m▗[48;2;73;148;85m[38;2;178;255;188m▖[48;2;36;102;44m[38;2;146;231;161m▞[48;2;60;123;68m[38;2;153;241;168m▜[48;2;9;55;9m[38;2;140;219;153m▛[48;2;11;55;10m[38;2;110;184;116m▝[48;2;67;132;67m[38;2;168;251;180m▜[48;2;68;143;85m[38;2;158;249;172m▖[48;2;0;46;3m[38;2;152;241;166m▜[48;2;22;69;23m[38;2;160;245;171m▌[48;2;9;49;9m[38;2;102;172;108m▝[48;2;6;49;6m[38;2;148;229;153m▀[48;2;63;128;69m[38;2;124;204;138m▟[48;2;30;93;38m[38;2;170;255;186m▜[48;2;16;70;20m[38;2;150;233;164m▙[48;2;55;116;60m[38;2;148;228;158m▜[48;2;51;109;55m[38;2;172;245;172m▙[48;2;0;28;0m[38;2;0;32;0m▙[48;2;22;75;26m[38;2;103;170;106m▘[48;2;0;50;6m[38;2;143;221;152m▜[48;2;78;145;87m[38;2;181;255;188m▀[48;2;36;90;39m[38;2;171;241;176m▙[48;2;3;36;4m[38;2;42;91;43m▝[48;2;0;38;2m[38;2;102;177;108m▜[48;2;3;61;9m[38;2;151;236;162m▙[48;2;67;130;67m[38;2;172;255;176m▝[48;2;102;163;99m[38;2;169;249;172m▙[48;2;4;26;0m[38;2;24;58;16m▖[48;2;5;25;0m[38;2;48;90;36m▗[48;2;4;26;0m[38;2;46;88;35m▛[48;2;19;50;8m[38;2;40;86;30m▀[48;2;3;21;0m[38;2;27;61;16m▘[48;2;4;23;0m[38;2;30;64;18m▗[48;2;33;69;20m[38;2;49;92;33m▌[48;2;15;44;6m[38;2;40;84;30m▛[48;2;43;90;31m[38;2;62;111;43m▗[48;2;35;68;17m[38;2;63;106;44m▚[48;2;33;75;20m[38;2;141;205;133m▛[48;2;35;86;24m[38;2;173;255;175m▀[48;2;128;196;120m[38;2;174;255;175m▜[48;2;165;254;167m[38;2;173;255;167m▄[48;2;16;39;0m[38;2;121;185;111m▛[48;2;41;37;2m[38;2;103;64;16m▗[48;2;24;21;0m[38;2;46;35;3m▞[48;2;24;22;0m[38;2;49;48;13m▜[48;2;48;71;23m[38;2;55;84;31m▘[48;2;67;69;18m[38;2;74;95;32m▛[48;2;45;68;23m[38;2;62;96;33m▘[48;2;38;60;19m[38;2;54;92;32m▀[48;2;0;0;0m[38;2;9;14;0m▌[48;2;3;13;0m[38;2;8;23;0m▌[48;2;0;0;0m[38;2;0;0;0m▘[0m
[48;2;0;0;0m[38;2;0;0;0m▘[48;2;0;13;0m[38;2;6;24;0m▐[48;2;1;0;0m[38;2;6;3;0m▐[48;2;50;74;23m[38;2;53;85;29m▀[48;2;60;81;25m[38;2;60;92;31m▀[48;2;58;74;22m[38;2;71;91;31m▐[48;2;58;81;31m[38;2;60;93;34m▀[48;2;29;35;4m[38;2;52;63;22m▌[48;2;8;17;0m[38;2;19;24;0m▘[48;2;2;16;0m[38;2;8;21;0m▝[48;2;15;28;2m[38;2;22;32;3m▘[48;2;7;34;0m[38;2;20;70;20m▐[48;2;112;206;130m[38;2;139;239;157m▌[48;2;21;76;23m[38;2;48;120;59m▌[48;2;37;100;40m[38;2;97;171;106m▞[48;2;0;44;1m[38;2;1;49;3m▌[48;2;2;49;5m[38;2;54;116;60m▐[48;2;130;218;147m[38;2;158;254;177m▌[48;2;5;57;11m[38;2;43;111;54m▌[48;2;91;161;98m[38;2;175;255;184m▐[48;2;0;46;1m[38;2;128;210;141m▌[48;2;0;44;1m[38;2;6;54;6m▗[48;2;93;166;100m[38;2;173;255;184m▐[48;2;59;121;65m[38;2;110;184;118m▌[48;2;13;61;8m[38;2;152;226;154m▐[48;2;50;120;61m[38;2;186;255;188m▌[48;2;28;81;31m[38;2;162;243;171m▐[48;2;59;130;70m[38;2;153;244;168m▘[48;2;46;110;50m[38;2;168;255;184m▌[48;2;25;78;27m[38;2;85;148;86m▞[48;2;0;39;0m[38;2;14;62;14m▘[48;2;0;33;0m[38;2;2;41;0m▐[48;2;68;131;66m[38;2;184;255;188m▐[48;2;62;132;75m[38;2;81;162;96m▘[48;2;1;46;2m[38;2;118;189;122m▐[48;2;34;88;36m[38;2;188;255;194m▌[48;2;0;32;0m[38;2;1;37;0m▐[48;2;3;42;0m[38;2;79;151;87m▐[48;2;97;178;109m[38;2;173;255;193m▌[48;2;23;78;22m[38;2;118;183;117m▐[48;2;136;208;141m[38;2;186;255;191m▌[48;2;69;128;71m[38;2;76;137;74m▐[48;2;161;238;156m[38;2;189;255;183m▌[48;2;0;34;0m[38;2;1;44;0m▖[48;2;0;37;0m[38;2;31;82;28m▗[48;2;115;189;123m[38;2;193;255;199m▖[48;2;28;81;29m[38;2;61;124;68m▌[48;2;147;215;147m[38;2;196;255;194m▌[48;2;0;28;0m[38;2;0;37;2m▙[48;2;3;42;0m[38;2;78;145;82m▐[48;2;72;143;81m[38;2;174;255;187m▌[48;2;5;51;5m[38;2;33;89;34m▌[48;2;140;219;141m[38;2;159;238;162m▗[48;2;13;40;4m[38;2;39;78;32m▘[48;2;20;46;8m[38;2;50;96;39m▐[48;2;30;54;20m[38;2;56;98;48m▌[48;2;8;28;3m[38;2;50;91;37m▗[48;2;5;24;0m[38;2;25;48;12m▖[48;2;10;32;1m[38;2;41;85;30m▟[48;2;13;49;4m[38;2;31;72;22m▜[48;2;25;55;15m[38;2;44;86;33m▙[48;2;12;39;3m[38;2;37;70;22m▞[48;2;18;44;7m[38;2;72;110;62m▝[48;2;37;85;30m[38;2;174;246;174m▗[48;2;30;80;20m[38;2;116;181;113m▙[48;2;128;199;126m[38;2;177;254;178m▌[48;2;18;50;2m[38;2;42;91;31m▌[48;2;15;35;0m[38;2;19;45;0m▘[48;2;43;36;0m[38;2;90;57;13m▝[48;2;32;26;0m[38;2;42;32;0m▗[48;2;36;29;0m[38;2;61;60;17m▐[48;2;66;79;25m[38;2;72;93;30m▜[48;2;84;91;30m[38;2;122;111;34m▖[48;2;62;81;27m[38;2;69;92;33m▛[48;2;54;77;25m[38;2;57;88;31m▀[48;2;3;1;0m[38;2;17;20;0m▌[48;2;7;14;0m[38;2;13;22;0m▌[48;2;0;0;0m[38;2;0;0;0m▘[0m
[48;2;0;0;0m[38;2;0;0;0m▘[48;2;2;13;0m[38;2;9;25;0m▐[48;2;5;3;0m[38;2;18;19;0m▗[48;2;60;86;31m[38;2;64;93;31m▟[48;2;65;81;25m[38;2;94;107;38m▐[48;2;111;114;41m[38;2;154;131;41m▄[48;2;64;74;24m[38;2;72;90;33m▟[48;2;49;46;12m[38;2;63;64;21m▛[48;2;30;31;2m[38;2;36;36;4m▖[48;2;1;12;0m[38;2;13;20;0m▌[48;2;4;15;0m[38;2;11;24;0m▐[48;2;8;33;0m[38;2;31;86;34m▐[48;2;117;207;130m[38;2;146;246;159m▙[48;2;67;138;77m[38;2;125;211;140m▄[48;2;116;198;126m[38;2;160;252;175m▙[48;2;7;54;8m[38;2;108;184;115m▖[48;2;9;57;12m[38;2;111;188;119m▟[48;2;134;214;147m[38;2;160;248;176m▌[48;2;24;78;26m[38;2;58;119;65m▛[48;2;112;187;120m[38;2;176;255;187m▐[48;2;0;50;3m[38;2;124;204;133m▌[48;2;29;83;31m[38;2;174;255;181m▗[48;2;150;229;158m[38;2;185;255;194m▟[48;2;62;118;62m[38;2;112;179;117m▌[48;2;19;63;12m[38;2;160;227;158m▐[48;2;56;121;62m[38;2;193;255;192m▌[48;2;132;198;130m[38;2;189;255;188m▐[48;2;52;106;52m[38;2;79;145;85m▌[48;2;77;138;74m[38;2;185;255;184m▌[48;2;145;221;149m[38;2;177;255;179m▄[48;2;29;80;27m[38;2;151;225;153m▌[48;2;17;63;18m[38;2;140;219;142m▗[48;2;146;232;156m[38;2;174;253;179m▟[48;2;82;153;94m[38;2;136;211;147m▗[48;2;19;74;24m[38;2;164;238;173m▟[48;2;0;37;3m[38;2;118;180;120m▘[48;2;1;31;1m[38;2;24;73;27m▗[48;2;94;162;98m[38;2;155;248;174m▟[48;2;99;174;107m[38;2;169;255;191m▌[48;2;80;142;80m[38;2;174;244;175m▐[48;2;165;237;166m[38;2;179;253;182m▙[48;2;85;146;80m[38;2;147;225;149m▌[48;2;170;243;161m[38;2;191;255;179m▌[48;2;0;37;0m[38;2;4;46;0m▙[48;2;26;75;26m[38;2;153;227;158m▟[48;2;105;176;108m[38;2;190;255;194m▌[48;2;24;89;31m[38;2;64;132;73m▌[48;2;145;223;149m[38;2;185;255;190m▌[48;2;2;42;0m[38;2;26;74;25m▗[48;2;60;115;56m[38;2;168;248;173m▟[48;2;67;135;73m[38;2;184;255;194m▌[48;2;55;118;56m[38;2;156;246;169m▗[48;2;9;54;3m[38;2;120;194;126m▛[48;2;11;38;1m[38;2;34;68;21m▗[48;2;36;67;20m[38;2;52;97;40m▟[48;2;43;70;28m[38;2;60;104;53m▌[48;2;19;37;4m[38;2;54;95;38m▜[48;2;7;26;0m[38;2;47;89;34m▌[48;2;39;81;30m[38;2;47;91;36m▟[48;2;4;33;0m[38;2;31;71;22m▐[48;2;49;96;39m[38;2;61;108;49m▐[48;2;31;63;18m[38;2;52;101;44m▄[48;2;18;45;7m[38;2;38;72;25m▙[48;2;114;183;114m[38;2;168;247;168m▟[48;2;16;70;13m[38;2;64;124;61m▐[48;2;135;201;130m[38;2;186;255;183m▌[48;2;19;47;1m[38;2;49;96;37m▌[48;2;19;39;0m[38;2;23;44;0m▄[48;2;56;47;2m[38;2;106;78;10m▗[48;2;55;39;0m[38;2;85;63;11m▟[48;2;84;65;16m[38;2;84;73;21m▐[48;2;80;74;22m[38;2;129;110;35m▐[48;2;154;129;41m[38;2;228;169;45m▖[48;2;74;84;29m[38;2;114;112;40m▌[48;2;63;92;31m[38;2;70;96;32m▖[48;2;5;2;0m[38;2;22;25;0m▌[48;2;7;15;0m[38;2;13;24;0m▌[48;2;0;0;0m[38;2;0;0;0m▘[0m
[48;2;0;0;0m[38;2;0;0;0m▘[48;2;2;14;0m[38;2;12;27;0m▐[48;2;7;2;0m[38;2;15;14;0m▐[48;2;51;67;18m[38;2;68;91;30m▄[48;2;70;79;21m[38;2;107;108;35m▟[48;2;169;137;39m[38;2;217;172;50m▖[48;2;77;90;31m[38;2;117;120;39m▖[48;2;42;45;13m[38;2;56;64;20m▌[48;2;26;28;2m[38;2;38;37;7m▌[48;2;6;15;0m[38;2;11;20;0m▙[48;2;4;18;0m[38;2;7;24;0m▜[48;2;7;33;0m[38;2;8;47;6m▐[48;2;21;70;21m[38;2;131;221;141m▜[48;2;69;141;76m[38;2;135;229;148m▌[48;2;44;105;45m[38;2;130;222;139m▜[48;2;16;61;12m[38;2;149;243;159m▌[48;2;51;97;45m[38;2;128;197;129m▀[48;2;128;208;137m[38;2;158;246;169m▌[48;2;24;70;24m[38;2;57;118;58m▌[48;2;109;178;114m[38;2;179;255;187m▐[48;2;8;56;7m[38;2;125;200;134m▌[48;2;17;62;13m[38;2;50;104;49m▝[48;2;121;190;122m[38;2;192;255;194m▐[48;2;64;119;62m[38;2;116;179;114m▌[48;2;23;64;14m[38;2;166;229;157m▐[48;2;48;113;54m[38;2;200;255;193m▌[48;2;151;217;148m[38;2;197;255;192m▐[48;2;65;121;64m[38;2;103;172;106m▖[48;2;77;136;71m[38;2;191;255;187m▌[48;2;7;51;1m[38;2;68;123;61m▛[48;2;2;38;1m[38;2;58;114;55m▘[48;2;0;32;0m[38;2;24;69;21m▝[48;2;80;141;79m[38;2;189;255;192m▐[48;2;73;146;86m[38;2;109;180;118m▝[48;2;32;100;45m[38;2;178;253;189m▜[48;2;24;75;32m[38;2;151;235;164m▖[48;2;0;32;3m[38;2;0;43;9m▝[48;2;18;65;23m[38;2;96;173;107m▐[48;2;102;174;108m[38;2;177;255;194m▌[48;2;31;76;23m[38;2;111;169;105m▐[48;2;136;207;136m[38;2;182;255;185m▌[48;2;77;135;71m[38;2;83;143;79m▌[48;2;174;246;165m[38;2;194;255;183m▌[48;2;2;40;0m[38;2;7;51;1m▌[48;2;0;42;2m[38;2;47;106;51m▜[48;2;140;216;144m[38;2;188;255;193m▛[48;2;102;172;103m[38;2;185;255;192m▀[48;2;150;227;152m[38;2;191;255;195m▌[48;2;3;45;0m[38;2;12;51;8m▝[48;2;8;46;0m[38;2;81;142;79m▜[48;2;73;144;79m[38;2;189;255;195m▌[48;2;57;121;56m[38;2;166;255;176m▝[48;2;52;108;49m[38;2;167;232;168m▙[48;2;18;45;1m[38;2;46;78;27m▝[48;2;31;52;8m[38;2;65;106;43m▜[48;2;48;77;30m[38;2;75;119;62m▌[48;2;20;38;6m[38;2;66;110;44m▟[48;2;9;27;0m[38;2;39;72;22m▌[48;2;50;97;38m[38;2;57;107;46m▐[48;2;8;43;1m[38;2;36;77;26m▟[48;2;50;85;37m[38;2;53;99;43m▛[48;2;12;34;2m[38;2;46;83;32m▜[48;2;23;48;8m[38;2;58;99;45m▐[48;2;135;215;134m[38;2;175;255;175m▌[48;2;12;57;7m[38;2;61;114;55m▐[48;2;146;209;138m[38;2;197;255;186m▌[48;2;23;53;3m[38;2;60;109;52m▌[48;2;33;52;3m[38;2;54;60;2m▗[48;2;89;66;4m[38;2;153;109;19m▗[48;2;77;55;0m[38;2;109;78;9m▌[48;2;58;43;1m[38;2;75;63;15m▐[48;2;85;78;19m[38;2;151;117;34m▐[48;2;238;181;45m[38;2;255;230;68m▙[48;2;78;81;24m[38;2;124;115;35m▙[48;2;53;67;18m[38;2;67;94;31m▄[48;2;5;2;0m[38;2;20;22;0m▌[48;2;5;15;0m[38;2;13;23;0m▌[48;2;0;0;0m[38;2;0;0;0m▘[0m
[48;2;0;0;0m[38;2;0;0;0m▘[48;2;2;16;0m[38;2;13;27;0m▐[48;2;9;6;0m[38;2;25;26;0m▗[48;2;62;85;26m[38;2;73;94;31m▐[48;2;91;98;30m[38;2;155;130;37m▐[48;2;248;204;60m[38;2;255;237;80m▙[48;2;79;93;30m[38;2;117;120;38m▙[48;2;44;50;12m[38;2;64;69;21m▄[48;2;31;31;3m[38;2;56;50;12m▖[48;2;3;15;0m[38;2;20;22;0m▌[48;2;2;16;0m[38;2;2;25;0m▐[48;2;5;34;0m[38;2;5;40;1m▐[48;2;3;49;5m[38;2;94;171;105m▝[48;2;64;131;69m[38;2;84;155;92m▌[48;2;46;105;49m[38;2;151;242;159m▐[48;2;18;61;14m[38;2;153;238;159m▌[48;2;21;56;15m[38;2;69;124;67m▐[48;2;120;202;128m[38;2;157;250;164m▌[48;2;28;72;25m[38;2;68;128;68m▌[48;2;107;174;112m[38;2;177;255;188m▐[48;2;23;64;19m[38;2;124;197;131m▌[48;2;17;58;13m[38;2;39;93;39m▗[48;2;126;199;129m[38;2;187;255;191m▐[48;2;89;150;87m[38;2;139;210;136m▖[48;2;25;71;19m[38;2;166;235;164m▐[48;2;41;99;42m[38;2;196;255;191m▌[48;2;27;81;30m[38;2;165;231;164m▜[48;2;69;129;66m[38;2;162;231;164m▙[48;2;66;122;65m[38;2;193;255;192m▘[48;2;0;37;0m[38;2;39;89;39m▌[48;2;0;34;0m[38;2;21;70;25m▗[48;2;0;31;0m[38;2;0;38;0m▐[48;2;87;152;89m[38;2;165;236;172m▐[48;2;13;78;26m[38;2;58;130;72m▜[48;2;0;50;4m[38;2;137;224;153m▐[48;2;25;94;40m[38;2;177;255;191m▌[48;2;0;34;0m[38;2;0;39;0m▛[48;2;1;41;2m[38;2;104;171;111m▐[48;2;66;128;70m[38;2;182;255;196m▘[48;2;23;68;17m[38;2;98;159;96m▐[48;2;133;206;136m[38;2;182;255;188m▌[48;2;76;136;75m[38;2;78;141;80m▌[48;2;174;246;169m[38;2;196;255;189m▌[48;2;0;41;0m[38;2;6;52;3m▌[48;2;0;43;0m[38;2;56;117;62m▐[48;2;34;95;42m[38;2;166;236;172m▌[48;2;0;48;1m[38;2;26;85;28m▐[48;2;147;225;152m[38;2;190;255;194m▌[48;2;4;40;0m[38;2;2;46;2m▌[48;2;8;45;2m[38;2;96;157;97m▐[48;2;29;90;30m[38;2;170;233;171m▌[48;2;9;50;0m[38;2;32;86;26m▛[48;2;175;243;163m[38;2;190;255;180m▜[48;2;37;58;2m[38;2;78;108;37m▖[48;2;38;56;6m[38;2;99;143;60m▐[48;2;50;73;20m[38;2;84;126;58m▘[48;2;25;47;4m[38;2;60;102;40m▐[48;2;11;29;0m[38;2;59;105;43m▌[48;2;45;82;27m[38;2;57;105;44m▐[48;2;38;76;25m[38;2;55;100;42m▙[48;2;25;55;15m[38;2;49;89;35m▜[48;2;9;32;2m[38;2;12;38;3m▟[48;2;20;48;6m[38;2;43;84;30m▐[48;2;157;234;153m[38;2;169;248;166m▜[48;2;52;105;45m[38;2;99;165;96m▖[48;2;36;84;28m[38;2;168;225;156m▛[48;2;28;59;5m[38;2;66;115;58m▌[48;2;65;71;5m[38;2;82;117;46m▖[48;2;148;109;13m[38;2;249;200;48m▐[48;2;121;84;11m[38;2;193;139;30m▖[48;2;67;54;6m[38;2;95;74;18m▄[48;2;65;73;19m[38;2;93;91;25m▞[48;2;100;114;38m[38;2;192;156;41m▀[48;2;67;87;27m[38;2;101;110;35m▌[48;2;57;80;24m[38;2;56;85;28m▄[48;2;2;2;0m[38;2;19;26;0m▌[48;2;1;16;0m[38;2;9;21;0m▌[48;2;0;0;0m[38;2;0;2;0m▖[0m
[48;2;0;0;0m[38;2;0;0;0m▘[48;2;2;16;0m[38;2;13;28;0m▐[48;2;8;5;0m[38;2;26;32;0m▝[48;2;40;61;16m[38;2;69;97;31m▀[48;2;69;83;24m[38;2;129;121;37m▝[48;2;99;103;29m[38;2;235;209;70m▀[48;2;63;85;29m[38;2;92;108;36m▀[48;2;49;53;15m[38;2;70;80;26m▘[48;2;35;34;4m[38;2;54;48;10m▘[48;2;16;22;0m[38;2;25;30;3m▗[48;2;1;20;0m[38;2;3;28;0m▐[48;2;13;54;11m[38;2;146;236;154m▗[48;2;112;194;117m[38;2;150;241;155m▟[48;2;81;151;81m[38;2;153;242;159m▙[48;2;41;97;40m[38;2;131;210;131m▞[48;2;11;44;6m[38;2;79;139;73m▘[48;2;14;45;7m[38;2;62;116;61m▝[48;2;109;176;109m[38;2;171;255;177m▜[48;2;31;76;26m[38;2;132;209;137m▙[48;2;118;193;125m[38;2;170;255;178m▐[48;2;28;79;25m[38;2;146;221;152m▙[48;2;37;87;31m[38;2;132;202;133m▟[48;2;150;217;151m[38;2;191;255;195m▜[48;2;186;255;183m[38;2;192;255;190m▜[48;2;104;159;98m[38;2;179;242;176m▛[48;2;12;50;6m[38;2;165;229;156m▘[48;2;6;47;3m[38;2;109;166;103m▝[48;2;181;247;171m[38;2;196;255;193m▜[48;2;59;121;60m[38;2;177;255;178m▄[48;2;17;68;18m[38;2;162;237;164m▄[48;2;2;48;2m[38;2;108;175;112m▛[48;2;19;71;21m[38;2;172;255;177m▗[48;2;63;134;73m[38;2;174;249;180m▙[48;2;8;71;19m[38;2;152;230;160m▄[48;2;4;56;8m[38;2;79;151;89m▐[48;2;122;201;135m[38;2;185;255;195m▙[48;2;2;51;6m[38;2;108;183;116m▄[48;2;45;106;49m[38;2;174;255;182m▄[48;2;35;89;33m[38;2;157;242;166m▄[48;2;27;79;24m[38;2;93;152;90m▐[48;2;154;226;152m[38;2;189;255;190m▙[48;2;69;123;64m[38;2;85;149;86m▛[48;2;188;255;186m[38;2;199;255;192m▙[48;2;15;68;13m[38;2;124;189;121m▄[48;2;55;112;50m[38;2;173;239;175m▟[48;2;11;71;18m[38;2;170;243;177m▄[48;2;6;54;9m[38;2;24;79;25m▝[48;2;165;241;165m[38;2;198;255;198m▙[48;2;20;68;14m[38;2;147;213;144m▖[48;2;34;85;25m[38;2;167;235;165m▟[48;2;39;98;37m[38;2;180;255;181m▄[48;2;25;61;7m[38;2;158;222;146m▖[48;2;110;156;80m[38;2;210;255;190m▐[48;2;104;112;30m[38;2;189;230;153m▌[48;2;68;89;18m[38;2;95;128;48m▄[48;2;33;49;1m[38;2;63;92;28m▟[48;2;26;44;0m[38;2;64;107;40m▐[48;2;16;42;3m[38;2;60;105;40m▙[48;2;25;49;10m[38;2;61;109;45m▝[48;2;47;93;37m[38;2;57;103;41m▀[48;2;13;38;3m[38;2;54;99;39m▟[48;2;14;40;3m[38;2;47;90;33m▄[48;2;27;59;14m[38;2;54;96;38m▘[48;2;28;58;15m[38;2;139;209;132m▜[48;2;140;202;132m[38;2;160;245;157m▙[48;2;46;99;39m[38;2;128;200;126m▖[48;2;78;131;67m[38;2;165;237;156m▗[48;2;103;102;23m[38;2;175;224;146m▘[48;2;188;136;24m[38;2;252;234;68m▟[48;2;133;93;17m[38;2;233;182;48m▌[48;2;72;57;8m[38;2;94;72;17m▀[48;2;50;67;19m[38;2;75;92;27m▘[48;2;38;60;17m[38;2;73;102;34m▀[48;2;43;66;20m[38;2;68;98;31m▘[48;2;32;56;14m[38;2;57;89;28m▀[48;2;0;0;0m[38;2;16;25;0m▌[48;2;0;15;0m[38;2;4;17;0m▌[48;2;0;0;0m[38;2;0;2;0m▌[0m
[48;2;0;0;0m[38;2;0;0;0m▘[48;2;0;15;0m[38;2;8;25;0m▐[48;2;0;0;0m[38;2;12;14;0m▐[48;2;47;76;23m[38;2;59;91;29m▀[48;2;51;78;24m[38;2;70;100;33m▀[48;2;57;82;25m[38;2;81;111;40m▝[48;2;51;78;26m[38;2;72;104;38m▀[48;2;38;48;12m[38;2;63;80;28m▘[48;2;37;35;3m[38;2;56;50;13m▘[48;2;12;20;0m[38;2;20;23;0m▛[48;2;8;28;0m[38;2;31;39;8m▖[48;2;7;36;1m[38;2;60;111;54m▛[48;2;6;37;1m[38;2;41;89;34m▀[48;2;22;61;17m[38;2;135;216;136m▀[48;2;5;36;1m[38;2;32;76;26m▘[48;2;2;26;0m[38;2;4;32;1m▘[48;2;3;26;0m[38;2;9;37;3m▝[48;2;15;49;9m[38;2;121;192;118m▝[48;2;36;81;34m[38;2;159;244;165m▘[48;2;24;66;22m[38;2;141;220;147m▝[48;2;31;78;30m[38;2;174;255;181m▘[48;2;27;73;25m[38;2;100;164;101m▌[48;2;138;200;140m[38;2;199;255;199m▐[48;2;43;85;33m[38;2;111;173;105m▛[48;2;21;50;8m[38;2;120;177;114m▘[48;2;5;31;0m[38;2;14;40;0m▘[48;2;1;25;0m[38;2;3;32;0m▀[48;2;8;39;3m[38;2;99;157;90m▝[48;2;45;82;34m[38;2;180;255;178m▀[48;2;36;76;33m[38;2;176;252;175m▘[48;2;0;29;0m[38;2;4;46;4m▘[48;2;0;32;0m[38;2;115;185;120m▛[48;2;27;76;27m[38;2;184;255;184m▝[48;2;32;80;30m[38;2;184;255;189m▘[48;2;0;34;0m[38;2;4;50;4m▝[48;2;16;59;16m[38;2;148;225;155m▀[48;2;0;40;0m[38;2;88;154;93m▛[48;2;24;71;22m[38;2;156;228;156m▝[48;2;43;94;41m[38;2;184;255;188m▘[48;2;0;31;0m[38;2;6;44;3m▛[48;2;18;59;16m[38;2;144;213;142m▀[48;2;0;33;0m[38;2;10;50;5m▀[48;2;18;60;14m[38;2;162;227;156m▀[48;2;54;107;50m[38;2;168;232;165m▝[48;2;2;43;2m[38;2;95;161;93m▀[48;2;34;83;36m[38;2;184;255;190m▘[48;2;0;29;0m[38;2;1;39;0m▝[48;2;33;77;29m[38;2;154;220;152m▀[48;2;15;57;10m[38;2;88;144;83m▐[48;2;8;37;0m[38;2;82;137;70m▀[48;2;54;91;34m[38;2;186;252;173m▀[48;2;39;55;2m[38;2;90;134;64m▘[48;2;77;68;9m[38;2;190;226;148m▝[48;2;153;139;40m[38;2;211;240;157m▘[48;2;70;59;0m[38;2;88;103;26m▀[48;2;43;54;3m[38;2;86;117;42m▘[48;2;23;39;0m[38;2;63;100;34m▝[48;2;7;25;0m[38;2;53;89;29m▛[48;2;5;20;0m[38;2;10;24;0m▘[48;2;12;34;4m[38;2;57;102;43m▝[48;2;34;70;20m[38;2;51;99;40m▀[48;2;16;40;5m[38;2;46;88;34m▀[48;2;7;30;0m[38;2;12;37;2m▀[48;2;14;39;5m[38;2;40;73;25m▝[48;2;31;62;15m[38;2;129;201;122m▜[48;2;119;185;107m[38;2;166;252;163m▀[48;2;89;118;50m[38;2;183;255;176m▘[48;2;94;84;14m[38;2;162;130;27m▄[48;2;135;103;20m[38;2;242;207;61m▀[48;2;77;60;3m[38;2;154;118;26m▘[48;2;50;43;0m[38;2;77;70;18m▐[48;2;52;76;22m[38;2;69;94;31m▀[48;2;43;69;21m[38;2;62;94;32m▘[48;2;46;75;22m[38;2;59;92;31m▀[48;2;45;75;25m[38;2;56;90;30m▀[48;2;0;0;0m[38;2;17;29;0m▌[48;2;0;14;0m[38;2;2;15;0m▌[48;2;0;0;0m[38;2;0;2;0m▌[0m
[48;2;0;0;0m[38;2;0;0;0m▘[48;2;1;15;0m[38;2;4;20;0m▝[48;2;0;0;0m[38;2;16;29;0m▐[48;2;50;83;29m[38;2;52;91;31m▄[48;2;42;69;21m[38;2;57;90;32m▐[48;2;57;91;35m[38;2;57;92;34m▝[48;2;35;59;17m[38;2;56;95;35m▐[48;2;53;78;27m[38;2;54;85;30m▌[48;2;37;36;4m[38;2;55;54;14m▌[48;2;4;16;0m[38;2;20;24;0m▌[48;2;4;27;0m[38;2;14;27;1m▛[48;2;21;57;17m[38;2;84;139;80m▗[48;2;3;31;0m[38;2;26;72;27m▄[48;2;4;33;0m[38;2;42;87;41m▟[48;2;1;24;0m[38;2;1;33;0m▘[48;2;0;16;0m[38;2;0;20;0m▛▀[48;2;1;22;1m[38;2;6;30;1m▝[48;2;2;23;0m[38;2;8;33;2m▀[48;2;1;24;0m[38;2;7;34;3m▀[48;2;4;28;0m[38;2;10;41;5m▀[48;2;10;33;3m[38;2;48;88;43m▜[48;2;123;185;124m[38;2;151;211;151m▖[48;2;41;79;34m[38;2;106;165;105m▄[48;2;16;43;7m[38;2;90;134;76m▘[48;2;0;21;0m[38;2;3;25;0m▘[48;2;0;19;0m[38;2;0;20;0m▀[38;2;0;22;0m▝[38;2;0;24;0m▀[48;2;0;7;0m[38;2;0;18;0m▛[48;2;0;12;0m[38;2;0;20;0m▟[48;2;4;41;2m[38;2;94;153;95m▚[48;2;0;30;0m[38;2;47;101;50m▄[48;2;5;40;5m[38;2;82;134;82m▞[48;2;0;22;0m[38;2;0;27;0m▘[48;2;0;21;0m[38;2;0;26;0m▀[48;2;0;30;0m[38;2;52;102;52m▜[48;2;0;31;0m[38;2;52;109;56m▄[48;2;0;30;0m[38;2;62;111;59m▟[48;2;0;22;0m[38;2;15;50;12m▘[48;2;0;19;0m[38;2;0;25;0m▀[38;2;0;23;0m▀[48;2;0;20;0m[38;2;0;26;0m▀[48;2;13;44;10m[38;2;66;120;66m▝[48;2;0;28;0m[38;2;54;107;56m▄[48;2;26;63;23m[38;2;100;156;98m▖[48;2;0;20;0m[38;2;0;25;0m▀[48;2;0;23;0m[38;2;4;30;0m▝[48;2;8;35;2m[38;2;62;103;50m▝[48;2;27;59;14m[38;2;122;170;103m▖[48;2;37;64;16m[38;2;122;159;90m▗[48;2;53;45;0m[38;2;97;117;52m▘[48;2;118;78;4m[38;2;230;169;28m▗[48;2;146;93;3m[38;2;212;165;36m▟[48;2;89;77;5m[38;2;153;139;38m▖[48;2;59;68;9m[38;2;98;110;33m▖[48;2;16;29;0m[38;2;26;35;0m▌[48;2;5;19;0m[38;2;9;25;0m▌[48;2;0;18;0m[38;2;0;19;0m▛[48;2;0;17;0m[38;2;1;20;0m▝[48;2;1;20;0m[38;2;4;24;0m▝[48;2;3;21;0m[38;2;6;25;0m▀[48;2;3;22;0m[38;2;7;25;0m▜[48;2;9;27;0m[38;2;14;33;1m▝[48;2;17;35;1m[38;2;21;45;4m▝[48;2;30;43;1m[38;2;36;53;5m▜[48;2;67;65;6m[38;2;108;79;8m▗[48;2;134;99;14m[38;2;200;146;29m▟[48;2;109;80;15m[38;2;133;94;18m▖[48;2;86;69;16m[38;2;88;70;18m▞[48;2;76;65;17m[38;2;74;80;26m▐[48;2;39;65;19m[38;2;64;97;35m▌[48;2;57;88;32m[38;2;58;92;33m▙[48;2;45;76;26m[38;2;56;88;31m▌[48;2;46;77;26m[38;2;52;87;30m▗[48;2;0;0;0m[38;2;16;31;1m▌[48;2;0;12;0m[38;2;0;13;0m▜[48;2;0;0;0m[38;2;0;2;0m▌[0m
[48;2;0;0;0m[38;2;0;1;0m▐[48;2;0;13;0m[38;2;0;16;0m▝[48;2;0;0;0m[38;2;6;17;0m▐[48;2;26;52;12m[38;2;51;87;30m▄[48;2;27;52;14m[38;2;53;90;32m▄[48;2;32;58;17m[38;2;56;94;34m▗[48;2;31;54;17m[38;2;53;90;30m▄[48;2;22;48;12m[38;2;50;88;31m▖[48;2;34;42;8m[38;2;51;92;32m▖[48;2;12;18;0m[38;2;46;43;10m▖[48;2;1;13;0m[38;2;10;20;0m▟[48;2;0;18;0m[38;2;2;23;0m▀[48;2;0;20;0m[38;2;8;38;3m▀[48;2;0;17;0m[38;2;3;31;0m▘[48;2;0;15;0m[38;2;0;18;0m▛[38;2;0;16;0m▗[48;2;0;13;0m[38;2;0;14;0m▄[48;2;0;15;0m[38;2;0;19;0m▐[48;2;0;19;0m[38;2;0;20;0m▀[48;2;0;20;0m[38;2;0;21;0m▐[48;2;0;21;0m[38;2;1;24;0m▗[48;2;4;26;0m[38;2;9;33;1m▝[48;2;8;34;2m[38;2;15;50;12m▝[48;2;6;34;1m[38;2;14;51;10m▘[48;2;1;23;0m[38;2;3;31;0m▘[48;2;0;18;0m[38;2;0;20;0m▘[48;2;0;16;0m[38;2;0;16;0m▘[38;2;0;18;0m▝[38;2;0;16;0m▘[48;2;0;7;0m[38;2;0;17;0m▙[48;2;0;8;0m[38;2;0;18;0m▟[48;2;0;20;0m[38;2;0;24;0m▝[48;2;0;21;0m[38;2;2;32;0m▀[48;2;0;20;0m[38;2;0;25;0m▘[48;2;0;19;0m[38;2;0;19;0m▘[38;2;0;20;0m▐[48;2;0;20;0m[38;2;0;24;0m▝[48;2;0;21;0m[38;2;1;31;0m▀[48;2;0;20;0m[38;2;0;23;0m▀[48;2;0;19;0m[38;2;0;20;0m▄▖[48;2;0;16;0m[38;2;0;18;0m▛[48;2;0;18;0m[38;2;0;19;0m▜[48;2;0;19;0m[38;2;0;21;0m▝[48;2;0;20;0m[38;2;4;28;0m▀[48;2;0;19;0m[38;2;0;25;0m▘[38;2;0;19;0m▘[38;2;0;20;0m▜[48;2;1;21;0m[38;2;4;24;0m▐[48;2;11;28;0m[38;2;19;38;0m▝[48;2;21;27;0m[38;2;26;33;0m▜[48;2;40;37;0m[38;2;66;46;0m▐[48;2;118;69;0m[38;2;250;194;40m▐[48;2;247;191;43m[38;2;255;240;66m▄[48;2;119;81;1m[38;2;213;157;31m▖[48;2;46;41;0m[38;2;69;54;0m▌[48;2;20;26;0m[38;2;28;33;0m▌[48;2;5;20;0m[38;2;11;22;0m▌[48;2;1;17;0m[38;2;2;19;0m▄[48;2;0;16;0m[38;2;0;18;0m▘[48;2;1;18;0m[38;2;2;18;0m▗[48;2;2;19;0m[38;2;2;21;0m▝[48;2;2;21;0m[38;2;3;22;0m▝[48;2;4;22;0m[38;2;7;23;0m▜[48;2;12;25;0m[38;2;15;31;0m▝[48;2;26;34;0m[38;2;45;43;0m▐[48;2;77;57;0m[38;2;154;106;13m▐[48;2;248;189;46m[38;2;255;243;73m▟[48;2;106;81;19m[38;2;161;120;25m▌[48;2;58;50;8m[38;2;85;74;21m▄[48;2;40;49;11m[38;2;58;87;30m▗[48;2;36;59;17m[38;2;58;94;34m▄[48;2;31;54;14m[38;2;55;91;32m▄[48;2;28;52;14m[38;2;53;91;31m▄[48;2;26;50;12m[38;2;54;91;32m▄[48;2;2;5;0m[38;2;16;34;3m▖[48;2;0;10;0m[38;2;0;12;0m▐[48;2;0;0;0m[38;2;0;4;0m▌[0m
[48;2;0;0;0m[38;2;0;1;0m▝[48;2;0;9;0m[38;2;0;13;0m▛[48;2;0;0;0m[38;2;7;20;0m▐[48;2;38;71;22m[38;2;45;80;28m▀[48;2;28;57;15m[38;2;44;79;26m▜[48;2;33;63;20m[38;2;43;79;27m▟[48;2;16;42;7m[38;2;37;74;24m▜[48;2;20;40;8m[38;2;41;77;28m▙[48;2;36;66;23m[38;2;42;80;29m▌[48;2;21;26;2m[38;2;39;54;14m▙[48;2;22;27;4m[38;2;38;43;9m▖[48;2;9;24;1m[38;2;19;30;5m▄[48;2;11;29;2m[38;2;27;37;9m▄[48;2;11;29;3m[38;2;26;37;8m▖[48;2;9;26;3m[38;2;15;28;4m▟[48;2;14;29;5m[38;2;20;30;7m▗[48;2;15;33;6m[38;2;24;36;9m▗[48;2;13;35;7m[38;2;31;46;13m▖[48;2;12;35;8m[38;2;37;63;23m▄[48;2;15;39;9m[38;2;38;63;22m▄[48;2;18;41;11m[38;2;40;72;25m▗[48;2;16;40;9m[38;2;42;73;27m▄[48;2;19;46;10m[38;2;37;67;21m▄[48;2;19;44;8m[38;2;49;80;28m▄[48;2;16;39;7m[38;2;46;73;25m▄[48;2;22;44;8m[38;2;51;82;31m▗[48;2;16;37;5m[38;2;49;80;27m▄[48;2;16;38;5m[38;2;39;69;22m▄[48;2;18;40;4m[38;2;48;84;28m▄[48;2;15;36;3m[38;2;51;85;29m▄[48;2;17;39;3m[38;2;49;80;26m▄[48;2;23;46;9m[38;2;57;86;32m▄[48;2;18;37;4m[38;2;48;75;26m▄[48;2;20;42;5m[38;2;56;86;29m▄[48;2;23;43;5m[38;2;56;87;28m▄[48;2;20;40;5m[38;2;50;75;24m▄[48;2;20;40;4m[38;2;56;86;30m▄[48;2;20;39;4m[38;2;51;79;25m▄[48;2;19;39;4m[38;2;55;84;28m▄[48;2;17;37;2m[38;2;55;85;29m▄[48;2;26;49;9m[38;2;54;85;27m▗[48;2;20;42;5m[38;2;55;85;28m▄[48;2;22;41;6m[38;2;56;82;30m▖[48;2;21;40;5m[38;2;55;85;27m▄[48;2;20;39;4m[38;2;55;86;28m▄[48;2;19;37;3m[38;2;51;82;28m▗[48;2;22;40;5m[38;2;52;83;28m▄[48;2;26;45;7m[38;2;55;84;30m▖[48;2;23;37;2m[38;2;56;82;26m▄[48;2;30;42;5m[38;2;57;80;23m▄[48;2;42;49;5m[38;2;69;88;24m▗[48;2;68;52;0m[38;2;82;84;19m▄[48;2;123;84;11m[38;2;242;192;50m▝[48;2;150;103;21m[38;2;236;182;44m▀[48;2;114;81;16m[38;2;156;100;12m▘[48;2;69;60;12m[38;2;86;72;15m▖[48;2;34;42;7m[38;2;48;52;13m▙[48;2;25;36;6m[38;2;34;43;12m▖[48;2;20;33;6m[38;2;30;39;12m▗[48;2;20;33;10m[38;2;34;45;16m▖[48;2;19;32;9m[38;2;33;40;12m▄[48;2;19;32;7m[38;2;37;46;16m▄[48;2;24;38;10m[38;2;45;55;20m▗[48;2;21;38;9m[38;2;47;56;20m▄[48;2;28;39;8m[38;2;48;56;19m▄[48;2;38;44;6m[38;2;56;58;13m▟[48;2;84;70;12m[38;2;146;110;20m▝[48;2;124;103;26m[38;2;239;197;51m▀[48;2;89;78;23m[38;2;118;98;26m▌[48;2;60;61;16m[38;2;58;81;27m▗[48;2;31;44;12m[38;2;48;76;26m▟[48;2;27;52;12m[38;2;45;77;25m▛[48;2;42;74;26m[38;2;45;81;28m▙[48;2;36;68;20m[38;2;43;77;26m▛[48;2;34;64;21m[38;2;43;77;25m▜[48;2;0;0;0m[38;2;13;32;3m▌[48;2;0;8;0m[38;2;0;12;0m▐[48;2;0;0;0m[38;2;0;4;0m▌[0m
[48;2;0;0;0m[38;2;0;1;0m▝[48;2;0;8;0m[38;2;0;12;0m▌[48;2;0;5;0m[38;2;14;33;2m▝[48;2;19;47;9m[38;2;48;90;32m▀[48;2;25;57;14m[38;2;51;94;33m▝[48;2;20;53;11m[38;2;53;96;33m▀[48;2;19;48;10m[38;2;43;85;31m▝[48;2;5;30;2m[38;2;51;95;35m▀[48;2;0;22;0m[38;2;45;86;32m▀[48;2;1;20;0m[38;2;49;82;28m▀[48;2;1;23;0m[38;2;47;56;14m▀[48;2;1;19;0m[38;2;33;41;10m▀[48;2;0;15;0m[38;2;40;44;14m▀[48;2;3;18;0m[38;2;43;50;16m▀[48;2;4;21;0m[38;2;46;50;16m▀[48;2;7;19;1m[38;2;34;39;13m▘[48;2;5;20;0m[38;2;33;40;12m▀[48;2;10;33;5m[38;2;45;64;21m▀[48;2;15;38;9m[38;2;59;96;40m▀[48;2;13;36;7m[38;2;58;94;39m▀[48;2;16;40;7m[38;2;57;96;39m▝[48;2;11;33;3m[38;2;58;98;39m▀[48;2;11;35;2m[38;2;48;86;32m▀[48;2;10;31;1m[38;2;60;101;40m▀[48;2;8;30;0m[38;2;63;98;40m▀[48;2;4;24;0m[38;2;48;85;32m▀[48;2;5;26;0m[38;2;58;101;39m▀[48;2;7;28;0m[38;2;46;86;33m▀[48;2;9;32;1m[38;2;60;108;43m▀[48;2;12;33;1m[38;2;62;105;42m▀[48;2;9;29;0m[38;2;58;96;39m▀[48;2;7;28;0m[38;2;65;107;44m▀[48;2;10;30;1m[38;2;55;92;35m▀[48;2;9;32;0m[38;2;62;107;42m▀[48;2;7;30;0m[38;2;64;108;43m▀[48;2;5;26;0m[38;2;55;92;36m▀[48;2;6;27;0m[38;2;65;108;44m▀[48;2;6;26;0m[38;2;57;95;37m▀[48;2;6;30;0m[38;2;63;105;42m▀[48;2;5;29;0m[38;2;63;105;41m▀[48;2;5;27;0m[38;2;53;89;34m▀[48;2;9;32;0m[38;2;63;105;41m▀[48;2;18;41;7m[38;2;62;103;39m▘[48;2;5;26;0m[38;2;64;103;40m▀[48;2;9;29;0m[38;2;63;102;42m▀[48;2;15;39;5m[38;2;63;104;40m▝[48;2;10;32;1m[38;2;63;103;39m▀[48;2;8;27;0m[38;2;53;86;32m▀[48;2;11;30;0m[38;2;65;100;39m▀[48;2;14;33;1m[38;2;68;100;38m▀[48;2;20;35;2m[38;2;58;84;29m▀[48;2;25;35;4m[38;2;76;96;32m▀[48;2;37;39;8m[38;2;93;83;26m▀[48;2;45;40;8m[38;2;116;91;27m▀[48;2;37;39;8m[38;2;99;82;25m▀[48;2;28;37;8m[38;2;79;73;24m▀[48;2;19;33;7m[38;2;70;73;28m▀[48;2;17;31;8m[38;2;55;58;21m▀[48;2;14;28;6m[38;2;50;55;20m▀[48;2;15;32;6m[38;2;54;59;23m▀[48;2;13;31;4m[38;2;58;57;22m▀[48;2;12;31;6m[38;2;61;68;27m▀[48;2;10;31;5m[38;2;56;71;29m▀[48;2;12;29;7m[38;2;68;81;35m▀[48;2;15;33;7m[38;2;66;74;31m▀[48;2;20;35;5m[38;2;70;77;32m▀[48;2;28;38;7m[38;2;76;76;23m▀[48;2;32;39;8m[38;2;89;86;27m▀[48;2;23;32;3m[38;2;76;82;28m▀[48;2;16;30;0m[38;2;55;81;28m▀[48;2;12;34;1m[38;2;57;94;34m▀[48;2;27;53;12m[38;2;56;94;33m▘[48;2;24;52;12m[38;2;54;95;33m▀[48;2;22;50;11m[38;2;48;87;30m▀[48;2;23;49;10m[38;2;48;86;28m▀[48;2;2;6;0m[38;2;19;38;6m▘[48;2;0;5;0m[38;2;0;11;0m▐[48;2;0;0;0m[38;2;0;4;0m▌[0m
[48;2;0;0;0m[38;2;0;0;0m▘[48;2;0;8;0m[38;2;0;13;0m▌[48;2;0;0;0m[38;2;10;30;2m▐[48;2;20;49;10m[38;2;46;88;30m▜[48;2;40;78;26m[38;2;51;97;37m▀[48;2;28;58;16m[38;2;46;91;32m▛[48;2;40;76;26m[38;2;52;94;35m▀[48;2;16;42;6m[38;2;35;69;24m▌[48;2;16;51;7m[38;2;24;50;14m▀[48;2;23;50;12m[38;2;20;55;10m▗[48;2;21;56;9m[38;2;27;54;16m▀[48;2;26;46;12m[38;2;22;53;12m▙[48;2;27;40;14m[38;2;23;49;12m▙[48;2;30;43;18m[38;2;27;48;11m▟[48;2;31;42;13m[38;2;28;49;13m▙[48;2;31;43;15m[38;2;25;50;11m▄[48;2;31;40;15m[38;2;27;50;15m▟[48;2;27;62;16m[38;2;32;61;25m▀[48;2;26;61;14m[38;2;32;60;22m▀[48;2;26;61;15m[38;2;32;61;22m▀[48;2;27;59;15m[38;2;32;60;22m▘[48;2;26;59;15m[38;2;32;57;20m▝[48;2;26;60;13m[38;2;30;59;18m▛[48;2;31;58;18m[38;2;30;62;14m▖[48;2;28;58;15m[38;2;37;57;19m▝[48;2;27;58;14m[38;2;36;56;18m▝[48;2;26;57;13m[38;2;34;55;19m▘[48;2;25;55;14m[38;2;34;55;15m▘[48;2;21;50;9m[38;2;34;55;16m▘[48;2;19;50;11m[38;2;32;51;15m▀[48;2;20;48;10m[38;2;36;52;16m▘[48;2;16;49;9m[38;2;32;52;16m▀[48;2;20;49;9m[38;2;34;54;14m▘[48;2;15;46;8m[38;2;32;51;13m▀[48;2;15;45;9m[38;2;31;49;14m▀[48;2;15;48;9m[38;2;32;51;16m▀[48;2;20;49;10m[38;2;33;54;15m▘[48;2;15;46;8m[38;2;30;49;14m▀[48;2;16;45;7m[38;2;32;52;14m▀[48;2;15;50;9m[38;2;32;52;16m▀[48;2;16;48;8m[38;2;31;50;15m▀[48;2;14;44;7m[38;2;32;50;15m▀[48;2;15;47;8m[38;2;34;53;18m▀[48;2;15;49;8m[38;2;32;51;15m▀[48;2;15;46;7m[38;2;34;51;15m▀[48;2;15;45;8m[38;2;34;54;17m▀[48;2;16;46;8m[38;2;34;54;18m▀[48;2;15;47;9m[38;2;33;51;16m▀[48;2;16;51;9m[38;2;36;55;19m▀[48;2;17;51;10m[38;2;38;56;19m▀[48;2;20;49;10m[38;2;41;56;21m▀[48;2;22;50;12m[38;2;45;57;21m▀[48;2;26;51;13m[38;2;52;59;24m▀[48;2;27;52;14m[38;2;51;57;21m▀[48;2;25;52;12m[38;2;49;61;24m▀[48;2;23;53;14m[38;2;43;60;23m▀[48;2;25;53;14m[38;2;39;59;25m▀[48;2;23;53;14m[38;2;37;57;23m▀[48;2;22;57;13m[38;2;37;56;23m▀[48;2;21;53;14m[38;2;35;57;21m▀[48;2;22;54;11m[38;2;35;59;21m▀[48;2;23;57;13m[38;2;37;59;23m▀[48;2;22;56;12m[38;2;36;59;24m▀[48;2;30;58;15m[38;2;40;60;25m▘[48;2;28;56;13m[38;2;43;62;24m▝[48;2;30;58;14m[38;2;42;57;20m▝[48;2;35;57;13m[38;2;45;56;20m▘[48;2;36;57;13m[38;2;43;54;15m▝[48;2;34;60;13m[38;2;45;56;18m▘[48;2;31;60;14m[38;2;42;61;21m▘[48;2;31;56;13m[38;2;35;64;20m▐[48;2;41;75;25m[38;2;56;98;35m▀[48;2;35;68;20m[38;2;55;97;35m▀[48;2;40;74;24m[38;2;54;96;34m▀[48;2;22;48;10m[38;2;48;88;31m▛[48;2;0;0;0m[38;2;16;37;6m▌[48;2;0;4;0m[38;2;0;12;0m▐[48;2;0;0;0m[38;2;0;4;0m▌[0m
[48;2;0;0;0m[38;2;0;0;0m▘[48;2;0;7;0m[38;2;0;13;0m▌[48;2;0;0;0m[38;2;11;30;2m▐[48;2;28;59;18m[38;2;49;90;33m▝[48;2;34;69;22m[38;2;50;93;35m▀[48;2;29;63;20m[38;2;49;93;34m▘[48;2;30;65;20m[38;2;53;94;36m▀[48;2;5;20;3m[38;2;32;66;22m▘[48;2;0;4;0m[38;2;13;35;9m▌[48;2;0;9;0m[38;2;79;127;72m▗[48;2;0;21;0m[38;2;81;128;74m▄[48;2;1;23;0m[38;2;81;127;75m▄[48;2;3;25;0m[38;2;80;128;77m▄[38;2;78;123;73m▄[38;2;76;127;70m▄[48;2;5;27;1m[38;2;76;126;73m▄[48;2;8;29;3m[38;2;79;127;74m▄[48;2;9;31;3m[38;2;80;128;75m▄[48;2;9;31;4m[38;2;81;131;76m▄[38;2;78;129;74m▄[48;2;9;32;3m[38;2;79;128;75m▄[48;2;10;32;4m[38;2;84;133;80m▄[48;2;9;32;5m[38;2;87;137;82m▄[48;2;10;29;4m[38;2;86;136;81m▄[48;2;7;28;1m[38;2;87;137;81m▄[48;2;4;27;1m[38;2;85;134;81m▄[48;2;4;27;0m[38;2;86;135;81m▄[48;2;4;25;0m[38;2;93;138;87m▄[48;2;0;11;1m[38;2;28;55;31m▖[48;2;16;39;10m[38;2;25;52;20m▙[48;2;15;39;9m[38;2;28;57;24m▙[48;2;21;44;12m[38;2;27;55;21m▖[48;2;18;39;10m[38;2;22;44;14m▜[48;2;21;44;14m[38;2;34;62;27m▗[48;2;21;42;11m[38;2;35;59;26m▄[48;2;24;43;14m[38;2;24;45;15m▛[48;2;21;40;12m[38;2;21;44;12m▜[48;2;20;44;14m[38;2;27;50;19m▄[48;2;18;37;9m[38;2;30;55;21m▙[48;2;22;42;13m[38;2;32;56;26m▖[48;2;23;44;14m[38;2;28;51;21m▄[48;2;21;42;14m[38;2;37;64;29m▄[48;2;19;41;11m[38;2;37;66;30m▖[48;2;23;46;16m[38;2;26;50;20m▐[48;2;22;45;17m[38;2;30;57;24m▗[48;2;20;42;14m[38;2;30;54;24m▖[48;2;19;40;9m[38;2;25;47;17m▟[48;2;21;45;13m[38;2;26;49;18m▙[48;2;24;47;16m[38;2;31;54;24m▗[48;2;20;42;14m[38;2;31;56;21m▖[48;2;21;44;14m[38;2;26;48;17m▟[48;2;29;50;19m[38;2;36;61;24m▗[48;2;29;48;17m[38;2;41;69;31m▄[48;2;30;53;19m[38;2;32;60;22m▖[48;2;29;53;20m[38;2;40;68;30m▄[48;2;28;49;16m[38;2;42;72;34m▄[48;2;29;54;20m[38;2;39;67;28m▖[48;2;31;57;21m[38;2;39;64;27m▗[48;2;26;49;15m[38;2;37;66;28m▄[48;2;26;52;17m[38;2;30;59;22m▄[48;2;26;51;17m[38;2;35;64;25m▄[48;2;24;48;15m[38;2;37;67;28m▖[48;2;0;9;0m[38;2;1;14;0m▌[38;2;0;12;0m▗[48;2;0;11;0m[38;2;12;24;1m▀[38;2;9;22;0m▀[38;2;14;25;0m▀[48;2;0;12;0m[38;2;13;23;0m▀[48;2;0;7;0m[38;2;0;9;0m▛[48;2;1;12;0m[38;2;14;36;9m▗[48;2;4;19;1m[38;2;32;66;19m▝[48;2;33;67;21m[38;2;51;94;34m▀[48;2;35;69;23m[38;2;52;94;34m▝[48;2;41;77;28m[38;2;51;91;32m▀[48;2;27;57;15m[38;2;47;85;30m▌[48;2;0;0;0m[38;2;17;37;7m▌[48;2;0;4;0m[38;2;0;12;0m▐[48;2;0;0;0m[38;2;0;4;0m▌[0m
[48;2;0;0;0m[38;2;0;0;0m▘[48;2;0;8;0m[38;2;0;13;0m▘[48;2;0;0;0m[38;2;14;34;3m▐[48;2;45;88;30m[38;2;48;96;32m▖[48;2;36;73;24m[38;2;38;76;27m▖[48;2;44;83;29m[38;2;49;95;34m▐[48;2;32;68;20m[38;2;48;93;35m▌[48;2;0;21;0m[38;2;49;93;37m▌[48;2;0;1;0m[38;2;9;30;7m▌[48;2;0;2;0m[38;2;54;91;45m▐[48;2;11;44;9m[38;2;12;46;9m▘[48;2;10;43;9m[38;2;15;45;9m▀[48;2;21;54;18m[38;2;59;106;56m▚[48;2;22;52;16m[38;2;22;55;19m▖[48;2;23;52;17m[38;2;26;56;21m▄[48;2;27;55;20m[38;2;31;59;25m▄[48;2;29;56;23m[38;2;33;62;26m▄[48;2;27;55;21m[38;2;29;60;25m▟[48;2;41;79;36m[38;2;88;139;79m▗[48;2;24;54;19m[38;2;27;59;22m▙[48;2;22;50;16m[38;2;23;54;19m▟[48;2;30;62;26m[38;2;59;98;55m▐[48;2;29;59;23m[38;2;50;88;46m▘[48;2;26;56;20m[38;2;31;60;24m▖[48;2;28;64;23m[38;2;48;88;43m▞[48;2;13;45;10m[38;2;15;46;11m▛[48;2;12;45;9m[38;2;13;48;10m▘[48;2;25;59;21m[38;2;73;116;66m▞[48;2;0;7;0m[38;2;42;75;41m▌[48;2;24;49;19m[38;2;33;61;28m▞[48;2;23;47;17m[38;2;33;63;28m▀[48;2;26;54;20m[38;2;35;61;28m▐[48;2;26;48;21m[38;2;32;59;25m▛[48;2;26;50;19m[38;2;34;60;26m▀[48;2;26;48;18m[38;2;43;68;31m▝[48;2;37;62;27m[38;2;38;63;26m▘[48;2;28;52;18m[38;2;46;72;37m▝[48;2;32;52;23m[38;2;40;66;32m▀[48;2;28;50;20m[38;2;46;72;34m▘[48;2;23;42;15m[38;2;28;52;19m▄[48;2;30;51;22m[38;2;37;61;27m▛[48;2;23;45;13m[38;2;33;61;24m▝[48;2;27;53;20m[38;2;33;61;26m▘[48;2;32;57;22m[38;2;33;61;27m▟[48;2;28;51;19m[38;2;40;64;32m▘[48;2;21;44;12m[38;2;28;51;18m▟[48;2;36;63;27m[38;2;43;70;32m▗[48;2;26;46;14m[38;2;35;60;25m▛[48;2;31;52;19m[38;2;38;63;26m▘[48;2;26;49;17m[38;2;36;63;28m▘[48;2;38;63;26m[38;2;46;72;34m▜[48;2;21;44;12m[38;2;35;62;25m▛[48;2;19;42;12m[38;2;33;59;22m▜[48;2;38;66;28m[38;2;41;68;29m▚[48;2;26;49;19m[38;2;39;66;28m▛[48;2;32;60;22m[38;2;36;63;25m▀[48;2;37;64;27m[38;2;43;73;33m▘[48;2;37;62;27m[38;2;38;66;28m▟[48;2;25;52;15m[38;2;33;62;23m▜[48;2;36;64;26m[38;2;38;68;28m▟[48;2;32;61;24m[38;2;34;64;26m▘[48;2;26;55;19m[38;2;32;61;25m▘[48;2;0;9;0m[38;2;0;15;0m▌[38;2;0;14;0m▝[48;2;0;10;0m[38;2;0;12;0m▌[48;2;0;8;0m[38;2;0;9;0m▛[48;2;0;7;0m[38;2;0;8;0m▙▛▘[48;2;0;6;0m[38;2;6;26;2m▐[48;2;0;21;0m[38;2;49;92;32m▐[48;2;29;62;14m[38;2;49;86;32m▐[48;2;48;88;28m[38;2;50;91;31m▙[48;2;34;71;20m[38;2;45;87;28m▌[48;2;46;91;32m[38;2;49;92;31m▛[48;2;0;0;0m[38;2;18;43;7m▌[48;2;0;4;0m[38;2;0;12;0m▐[48;2;0;0;0m[38;2;0;4;0m▌[0m
[48;2;0;0;0m[38;2;0;1;0m▝[48;2;0;7;0m[38;2;0;10;0m▌[48;2;0;0;0m[38;2;9;30;2m▐[48;2;26;55;16m[38;2;40;80;29m▐[48;2;36;71;24m[38;2;46;89;32m▄[48;2;32;67;21m[38;2;46;88;31m▖[48;2;36;73;23m[38;2;46;91;32m▄[48;2;0;17;0m[38;2;41;82;28m▌[48;2;0;8;0m[38;2;25;49;20m▘[48;2;0;3;0m[38;2;60;96;50m▐[48;2;12;45;9m[38;2;13;48;10m▌[48;2;11;45;8m▐[48;2;20;55;17m[38;2;52;94;44m▝[48;2;28;63;21m[38;2;72;124;63m▟[48;2;43;78;33m[38;2;92;155;82m▛[48;2;45;81;37m[38;2;82;135;74m▜[48;2;73;123;66m[38;2;122;191;111m▛[48;2;67;116;60m[38;2;160;243;146m▖[48;2;43;72;32m[38;2;84;134;71m▛[48;2;32;64;26m[38;2;100;164;91m▘[48;2;50;85;40m[38;2;82;126;66m▞[48;2;33;67;24m[38;2;66;106;56m▛[48;2;29;61;23m[38;2;77;125;65m▌[48;2;52;92;43m[38;2;69;110;53m▐[48;2;31;67;27m[38;2;61;99;55m▘[48;2;10;43;8m[38;2;13;45;10m▛[48;2;21;57;17m[38;2;81;126;72m▗[48;2;28;64;23m[38;2;61;103;52m▘[48;2;0;17;0m[38;2;58;96;54m▌[48;2;26;53;19m[38;2;42;74;34m▘[48;2;25;48;19m[38;2;30;56;24m▞[48;2;31;54;24m[38;2;35;63;29m▐[48;2;30;57;20m[38;2;34;64;27m▙[48;2;28;52;20m[38;2;34;61;25m▜[48;2;32;56;23m[38;2;36;61;26m▀[48;2;33;58;24m[38;2;37;64;25m▟[48;2;25;45;13m[38;2;35;57;24m▜[48;2;27;46;15m[38;2;33;53;21m▜[48;2;31;50;19m[38;2;33;56;23m▙[48;2;36;63;25m[38;2;46;74;37m▀[48;2;31;57;21m[38;2;33;61;26m▌[48;2;26;49;16m[38;2;33;59;25m▟[48;2;31;56;23m[38;2;32;60;28m▗[48;2;32;59;24m[38;2;39;67;30m▗[48;2;32;55;21m[38;2;36;62;25m▜[48;2;30;54;21m▛[48;2;33;57;22m[38;2;37;64;26m▀[48;2;33;56;22m[38;2;39;62;26m▞[48;2;37;60;24m[38;2;38;61;25m▜[48;2;29;51;20m[38;2;40;66;28m▘[48;2;28;54;19m[38;2;36;61;24m▜[48;2;35;62;24m[38;2;42;68;27m▘[48;2;31;57;23m[38;2;40;68;30m▐[48;2;31;59;21m[38;2;40;67;28m▀[48;2;37;65;27m[38;2;42;67;30m▘[48;2;36;61;26m[38;2;39;67;28m▌[48;2;31;57;16m[38;2;37;65;26m▛[48;2;32;60;21m[38;2;39;68;29m▜[48;2;35;64;25m[38;2;38;67;28m▐[48;2;31;58;21m[38;2;37;66;27m▘[48;2;32;60;23m[38;2;36;64;26m▝[48;2;29;59;20m[38;2;34;64;25m▌[48;2;1;19;0m[38;2;13;37;7m▘[48;2;0;14;0m[38;2;7;26;1m▝[48;2;0;9;0m[38;2;4;24;0m▘[48;2;0;12;0m[38;2;9;28;3m▝[48;2;0;10;0m[38;2;3;22;0m▀[48;2;0;9;0m[38;2;8;27;2m▀[38;2;2;19;0m▘[48;2;1;15;0m[38;2;18;42;13m▝[48;2;0;16;0m[38;2;42;80;26m▐[48;2;37;71;23m[38;2;48;92;32m▄[48;2;33;68;20m[38;2;45;87;27m▗[48;2;36;71;22m[38;2;47;89;28m▄[48;2;30;63;18m[38;2;48;90;30m▖[48;2;0;0;0m[38;2;12;37;5m▌[48;2;0;4;0m[38;2;0;12;0m▐[48;2;0;0;0m[38;2;0;3;0m▌[0m
[48;2;0;0;0m[38;2;0;0;0m▘[48;2;0;7;0m[38;2;0;11;0m▌[48;2;0;0;0m[38;2;13;34;5m▐[48;2;27;61;18m[38;2;46;90;33m▟[48;2;34;73;25m[38;2;45;88;32m▜[48;2;31;67;22m[38;2;48;91;34m▙[48;2;30;64;18m[38;2;45;89;32m▛[48;2;0;18;0m[38;2;46;89;34m▌[48;2;0;6;0m[38;2;16;37;12m▌[48;2;0;5;0m[38;2;59;98;50m▐[48;2;11;48;10m[38;2;14;52;10m▖[48;2;12;48;10m[38;2;13;50;12m▗[48;2;15;51;14m[38;2;19;51;16m▐[48;2;33;70;29m[38;2;103;164;92m▐[48;2;57;103;49m[38;2;95;157;85m▙[48;2;54;95;47m[38;2;78;131;69m▐[48;2;81;134;69m[38;2;137;214;124m▙[48;2;61;104;52m[38;2;159;238;144m▘[48;2;60;92;47m[38;2;85;135;71m▌[48;2;31;62;24m[38;2;51;86;42m▖[48;2;47;74;33m[38;2;85;133;69m▘[48;2;21;48;15m[38;2;57;76;40m▖[48;2;37;72;30m[38;2;65;97;51m▙[48;2;52;82;37m[38;2;61;91;45m▞[48;2;16;45;11m[38;2;41;80;36m▐[48;2;12;45;9m[38;2;75;120;66m▗[48;2;17;55;15m[38;2;61;105;55m▘[48;2;15;54;16m[38;2;34;71;29m▐[48;2;0;16;2m[38;2;62;98;58m▌[48;2;33;60;25m[38;2;36;64;28m▘[48;2;24;51;19m[38;2;39;68;30m▚[48;2;28;54;18m[38;2;35;62;26m▚[48;2;25;48;15m[38;2;31;52;19m▙[48;2;30;52;19m[38;2;38;66;27m▝[48;2;31;51;16m[38;2;36;62;24m▛[48;2;31;50;18m[38;2;33;54;21m▖[48;2;21;39;12m[38;2;34;55;22m▟[48;2;40;64;28m[38;2;55;85;43m▗[48;2;32;54;20m[38;2;54;81;43m▖[48;2;31;51;19m[38;2;43;63;27m▖[48;2;14;33;8m[38;2;29;52;20m▛[48;2;38;61;26m[38;2;43;68;31m▐[48;2;36;60;26m[38;2;42;64;28m▖[48;2;20;42;10m[38;2;31;53;19m▜[48;2;34;58;22m[38;2;46;73;32m▗[48;2;27;50;18m[38;2;32;55;22m▄[48;2;31;52;17m[38;2;39;60;25m▌[48;2;31;52;19m[38;2;36;56;24m▐[48;2;35;56;21m[38;2;43;68;28m▐[48;2;15;34;6m[38;2;38;62;26m▛[48;2;32;54;20m[38;2;36;60;21m▝[48;2;33;57;21m[38;2;37;61;24m▀[48;2;35;60;23m[38;2;43;72;31m▀[48;2;38;64;24m[38;2;43;70;30m▙[48;2;37;63;26m[38;2;43;72;32m▖[48;2;36;65;25m[38;2;42;71;28m▀[48;2;36;62;21m[38;2;41;70;29m▙[48;2;36;64;25m[38;2;38;67;27m▟[48;2;28;56;19m[38;2;39;68;26m▀[48;2;34;64;22m[38;2;39;68;27m▙[48;2;35;65;24m[38;2;36;72;27m▗[48;2;26;54;18m[38;2;31;62;23m▀[48;2;0;16;0m[38;2;5;25;0m▌[48;2;0;14;0m[38;2;2;19;0m▗[48;2;0;10;0m[38;2;1;16;0m▌[48;2;0;14;0m[38;2;1;19;0m▐[38;2;0;16;0m▌[48;2;0;15;0m[38;2;0;19;0m▖[48;2;0;11;0m[38;2;0;14;0m▖[48;2;0;12;0m[38;2;14;36;12m▐[48;2;0;17;0m[38;2;44;87;31m▐[48;2;26;60;15m▜[48;2;32;66;19m[38;2;46;88;30m▟[48;2;36;70;22m[38;2;44;85;29m▛[48;2;28;62;18m[38;2;49;93;33m▙[48;2;0;0;0m[38;2;17;42;10m▌[48;2;0;4;0m[38;2;0;12;0m▐[48;2;0;0;0m[38;2;0;3;0m▌[0m
[48;2;0;0;0m[38;2;0;1;0m▐[48;2;0;7;0m[38;2;0;10;0m▌[48;2;0;0;0m[38;2;11;32;4m▐[48;2;31;63;20m[38;2;49;92;36m▀[48;2;35;70;23m[38;2;50;94;39m▝[48;2;28;61;21m[38;2;51;97;38m▀[48;2;35;68;24m[38;2;52;97;39m▘[48;2;0;17;0m[38;2;40;80;29m▌[48;2;4;18;3m[38;2;27;50;21m▖[48;2;0;7;0m[38;2;62;105;54m▐[48;2;8;50;10m[38;2;13;56;15m▜[48;2;13;53;15m[38;2;33;93;47m▄[48;2;16;53;17m[38;2;24;73;31m▖[48;2;23;57;21m[38;2;119;181;106m▐[48;2;35;67;28m[38;2;112;174;100m▌[48;2;29;60;26m[38;2;77;129;68m▐[48;2;50;88;43m[38;2;103;165;92m▛[48;2;68;107;56m[38;2;169;241;151m▌[48;2;25;48;18m[38;2;74;111;60m▙[48;2;44;58;27m[38;2;52;87;43m▘[48;2;19;42;13m[38;2;47;57;28m▙[48;2;18;38;9m[38;2;48;59;32m▌[48;2;18;42;12m[38;2;53;76;38m▌[48;2;36;59;23m[38;2;55;74;35m▐[48;2;15;37;9m[38;2;74;112;63m▝[48;2;28;67;25m[38;2;78;124;67m▞[48;2;13;51;13m[38;2;14;54;15m▄[48;2;13;54;15m[38;2;31;68;28m▐[48;2;0;13;0m[38;2;60;98;59m▌[48;2;31;57;22m[38;2;38;66;28m▖[48;2;14;35;5m[38;2;37;62;24m▐[48;2;20;40;12m[38;2;39;60;24m▖[48;2;4;22;0m[38;2;34;56;21m▜[48;2;28;51;18m[38;2;38;57;23m▄[48;2;10;27;4m[38;2;27;48;16m▜[48;2;37;56;24m[38;2;45;68;29m▜[48;2;15;35;5m[38;2;28;48;14m▀[48;2;28;51;17m[38;2;41;63;29m▄[48;2;11;30;2m[38;2;35;54;22m▌[48;2;38;61;26m[38;2;42;62;26m▘[48;2;15;33;7m[38;2;39;61;25m▌[48;2;28;45;14m[38;2;44;63;31m▗[48;2;25;44;13m[38;2;43;63;28m▖[48;2;14;33;5m[38;2;40;63;28m▐[48;2;29;49;15m[38;2;39;61;26m▄[48;2;8;25;2m[38;2;33;52;20m▐[48;2;39;60;26m[38;2;50;74;36m▗[48;2;19;38;10m[38;2;33;53;19m▀[48;2;36;56;23m[38;2;40;61;26m▌[48;2;8;28;1m[38;2;46;71;31m▌[48;2;20;39;8m[38;2;35;56;23m▜[48;2;29;49;17m[38;2;48;68;32m▖[48;2;7;25;0m[38;2;37;60;24m▜[48;2;37;56;23m[38;2;43;67;27m▀[48;2;6;24;0m[38;2;36;62;23m▜[48;2;39;65;26m[38;2;45;72;27m▖[48;2;15;38;7m[38;2;34;62;23m▀[48;2;38;66;27m[38;2;40;68;29m▜[48;2;27;52;16m[38;2;39;67;25m▌[48;2;13;34;6m[38;2;32;58;22m▜[48;2;21;45;13m[38;2;35;66;24m▛[48;2;2;23;0m[38;2;29;57;19m▀[48;2;1;12;0m[38;2;8;30;3m▖[48;2;0;11;0m[38;2;6;25;1m▗[48;2;0;10;0m[38;2;4;24;0m▖[48;2;0;13;0m[38;2;8;30;1m▗[48;2;0;9;0m[38;2;3;23;0m▄[48;2;0;8;0m[38;2;4;26;1m▄[48;2;0;9;0m[38;2;1;20;0m▖[48;2;4;17;2m[38;2;16;42;15m▗[48;2;0;12;0m[38;2;41;82;26m▐[48;2;34;69;20m[38;2;51;93;33m▝[48;2;31;63;21m[38;2;51;95;34m▀[48;2;36;72;24m[38;2;49;93;36m▘[48;2;34;65;20m[38;2;50;94;35m▀[48;2;0;0;0m[38;2;15;38;7m▌[48;2;0;5;0m[38;2;0;13;0m▐[48;2;0;0;0m[38;2;0;3;0m▌[0m
[48;2;0;0;0m[38;2;0;1;0m▐[48;2;0;9;0m[38;2;0;13;0m▌[48;2;0;0;0m[38;2;13;35;6m▐[48;2;29;59;18m[38;2;49;89;33m▐[48;2;47;91;33m[38;2;49;93;34m▀[48;2;31;61;19m[38;2;42;83;30m▐[48;2;46;89;34m[38;2;49;91;36m▀[48;2;0;14;0m[38;2;30;63;20m▌[48;2;0;9;0m[38;2;19;45;19m▖[48;2;0;5;0m[38;2;61;100;55m▐[48;2;15;58;17m[38;2;76;133;72m▚[48;2;31;92;43m[38;2;44;107;52m▞[48;2;29;81;35m[38;2;46;111;57m▖[48;2;20;57;19m[38;2;32;76;31m▟[48;2;41;80;38m[38;2;75;126;73m▝[48;2;34;67;29m[38;2;61;104;56m▖[48;2;33;68;30m[38;2;53;93;46m▙[48;2;28;60;24m[38;2;61;100;52m▘[48;2;24;53;18m[38;2;42;72;34m▀[48;2;21;42;16m[38;2;52;88;44m▖[48;2;18;39;12m[38;2;45;88;44m▖[48;2;14;36;8m[38;2;25;43;15m▘[48;2;15;38;8m[38;2;25;48;19m▘[48;2;9;33;7m[38;2;22;42;14m▀[48;2;25;40;12m[38;2;49;49;16m▗[48;2;14;47;11m[38;2;50;84;39m▘[48;2;14;52;14m[38;2;14;54;14m▀[48;2;12;54;15m[38;2;31;69;28m▐[48;2;0;5;0m[38;2;56;92;54m▌[48;2;1;12;0m[38;2;21;50;18m▖[48;2;0;3;0m[38;2;0;11;0m▄[48;2;0;6;0m[38;2;0;13;0m▄[38;2;0;9;0m▖[48;2;0;7;0m[38;2;0;14;0m▗[38;2;0;12;0m▖[48;2;0;8;0m▗[48;2;0;6;0m[38;2;0;8;0m▖[48;2;0;9;0m[38;2;0;13;0m▗[48;2;0;8;0m▖[48;2;0;10;0m[38;2;0;14;0m▗[48;2;0;9;0m[38;2;0;13;0m▖[38;2;0;14;0m▗[48;2;0;10;0m▄[48;2;0;9;0m[38;2;0;13;0m▄▖[48;2;0;7;0m[38;2;0;10;0m▗[48;2;0;10;0m[38;2;0;15;0m▄[48;2;0;9;0m[38;2;0;12;0m▄[48;2;0;10;0m[38;2;0;13;0m▟[48;2;0;11;0m[38;2;0;16;0m▗[48;2;0;14;0m[38;2;0;18;0m▖[48;2;0;15;0m[38;2;1;19;0m▄[38;2;2;20;0m▄[48;2;0;16;0m[38;2;2;23;0m▄[48;2;0;17;0m[38;2;0;21;0m▖[48;2;0;19;0m[38;2;3;22;0m▗[48;2;0;16;0m[38;2;1;20;0m▙[48;2;0;19;0m[38;2;1;26;1m▗[38;2;2;24;0m▖[48;2;0;15;0m[38;2;2;24;1m▝[48;2;0;11;0m[38;2;8;27;2m▀[48;2;0;14;0m[38;2;1;20;0m▗[48;2;0;12;0m▄[48;2;0;9;0m[38;2;0;16;0m▄[38;2;0;12;0m▖[48;2;0;12;0m[38;2;0;19;0m▗[48;2;0;11;0m[38;2;0;18;0m▖[48;2;0;9;0m[38;2;0;16;0m▄[48;2;0;6;0m[38;2;0;12;0m▖[48;2;0;10;0m[38;2;13;38;13m▗[48;2;0;13;0m[38;2;25;54;15m▐[48;2;47;87;32m[38;2;51;94;33m▐[48;2;31;63;18m[38;2;49;90;34m▌[48;2;47;89;31m[38;2;51;93;33m▀[48;2;29;61;18m[38;2;49;94;33m▌[48;2;0;0;0m[38;2;14;40;8m▌[48;2;0;7;0m[38;2;0;13;0m▐[48;2;0;1;0m[38;2;0;4;0m▘[0m
[48;2;0;0;0m[38;2;0;1;0m▐[48;2;0;9;0m[38;2;0;13;0m▌[48;2;0;0;0m[38;2;13;34;4m▐[48;2;45;84;33m[38;2;50;93;34m▄[48;2;39;74;27m[38;2;47;88;33m▐[48;2;29;57;20m[38;2;47;89;34m▌[48;2;36;63;25m[38;2;45;81;32m▗[48;2;0;17;0m[38;2;44;86;35m▌[48;2;0;2;0m[38;2;10;33;9m▌[48;2;0;4;0m[38;2;56;100;53m▐[48;2;11;53;16m[38;2;51;122;62m▗[48;2;28;85;38m[38;2;63;123;65m▜[48;2;37;97;46m[38;2;90;169;92m▖[48;2;28;78;32m[38;2;43;96;48m▗[48;2;40;82;36m[38;2;84;138;76m▗[48;2;42;75;32m[38;2;82;133;72m▙[48;2;44;87;40m[38;2;104;169;93m▙[48;2;46;91;41m[38;2;118;188;107m▞[48;2;82;140;72m[38;2;117;196;108m▗[48;2;45;88;37m[38;2;91;153;80m▌[48;2;28;61;20m[38;2;105;175;96m▌[48;2;37;73;28m[38;2;99;154;84m▙[48;2;21;50;15m[38;2;55;98;45m▌[48;2;46;82;37m[38;2;69;114;58m▖[48;2;39;47;14m[38;2;76;108;57m▖[48;2;11;36;5m[38;2;15;54;15m▗[48;2;14;52;14m[38;2;15;55;16m▄[48;2;22;60;21m[38;2;68;114;63m▄[48;2;0;15;0m[38;2;59;98;60m▌[48;2;0;13;0m[38;2;30;62;22m▖[48;2;0;10;0m[38;2;10;24;0m▄[48;2;0;14;0m[38;2;22;36;9m▖[48;2;0;4;0m[38;2;0;7;0m▜[48;2;0;8;0m[38;2;0;12;0m▝[48;2;0;7;0m[38;2;0;11;0m▀[38;2;0;13;0m▀[48;2;0;8;0m[38;2;0;10;0m▘[38;2;0;15;0m▝[48;2;0;9;0m[38;2;0;14;0m▀[38;2;0;13;0m▛[48;2;0;12;0m[38;2;0;14;0m▘[48;2;0;11;0m[38;2;0;18;0m▝[38;2;0;17;0m▀[48;2;0;10;0m[38;2;0;12;0m▘[48;2;0;9;0m[38;2;0;13;0m▘[48;2;0;7;0m▝[48;2;0;12;0m[38;2;0;15;0m▝[38;2;0;18;0m▗[48;2;0;15;0m[38;2;15;44;10m▄[48;2;0;16;0m[38;2;18;46;11m▄[48;2;1;19;0m[38;2;21;50;15m▄[48;2;1;23;0m[38;2;24;55;17m▄[48;2;4;25;1m[38;2;27;59;22m▄[48;2;6;26;1m[38;2;28;62;22m▄[48;2;3;22;0m[38;2;29;61;22m▄[48;2;5;24;0m[38;2;27;60;21m▄[48;2;3;22;0m[38;2;28;61;22m▄[48;2;6;29;1m[38;2;28;62;22m▄[48;2;1;23;0m[38;2;31;62;23m▄[48;2;1;19;0m[38;2;32;66;27m▄[48;2;1;17;0m[38;2;33;68;27m▄[48;2;0;15;0m[38;2;31;61;24m▄[48;2;0;22;0m[38;2;30;62;23m▄[48;2;0;19;0m[38;2;27;61;21m▄[48;2;0;13;0m[38;2;30;62;23m▄[48;2;0;16;0m[38;2;36;66;27m▄[48;2;0;17;0m[38;2;37;71;30m▄[48;2;0;15;0m[38;2;38;69;31m▄[48;2;4;19;3m[38;2;34;67;27m▖[48;2;0;9;0m[38;2;8;30;7m▗[48;2;0;8;0m[38;2;44;84;29m▐[48;2;38;66;26m[38;2;51;92;34m▖[48;2;31;59;18m[38;2;48;87;33m▐[48;2;37;74;23m[38;2;47;90;35m▌[48;2;47;87;34m[38;2;53;96;35m▄[48;2;0;0;0m[38;2;17;41;9m▌[48;2;0;7;0m[38;2;0;15;0m▐[48;2;0;1;0m[38;2;0;4;0m▖[0m
[48;2;0;0;0m[38;2;0;1;0m▐[48;2;0;9;0m[38;2;0;12;0m▌[48;2;0;0;0m[38;2;8;29;2m▐[48;2;28;59;19m[38;2;49;90;33m▗[48;2;29;56;18m[38;2;48;89;32m▄[48;2;7;28;2m[38;2;16;44;9m▘[48;2;12;37;6m[38;2;42;84;30m▗[48;2;0;16;0m[38;2;36;74;26m▌[48;2;0;13;1m[38;2;25;52;24m▘[48;2;0;6;0m[38;2;56;100;51m▐[48;2;15;58;18m[38;2;37;96;46m▝[48;2;0;39;7m[38;2;33;90;40m▜[48;2;55;119;59m[38;2;86;163;87m▝[48;2;54;112;57m[38;2;86;149;85m▄[48;2;26;65;24m[38;2;79;127;72m▝[48;2;26;68;29m[38;2;52;98;48m▌[48;2;30;70;28m[38;2;68;129;62m▘[48;2;49;93;42m[38;2;84;138;73m▜[48;2;22;52;15m[38;2;83;140;70m▀[48;2;6;28;2m[38;2;60;110;50m▘[48;2;20;45;11m[38;2;80;132;67m▘[48;2;22;53;17m[38;2;73;124;61m▀[48;2;20;46;12m[38;2;60;106;51m▀[48;2;6;32;2m[38;2;51;92;40m▀[48;2;24;32;6m[38;2;44;68;30m▘[48;2;17;31;4m[38;2;24;61;19m▐[48;2;30;66;24m[38;2;64;106;55m▝[48;2;27;66;26m[38;2;32;69;28m▗[48;2;0;11;0m[38;2;55;96;57m▌[48;2;0;7;0m[38;2;17;40;10m▛[38;2;8;21;0m▀[48;2;4;17;1m[38;2;26;48;16m▝[48;2;0;10;0m[38;2;33;56;26m▗[48;2;0;7;0m[38;2;11;33;5m▀[38;2;13;36;7m▀[38;2;15;37;6m▀[38;2;10;31;2m▀[48;2;3;15;0m[38;2;25;46;15m▝[48;2;0;9;0m[38;2;24;47;13m▀[48;2;0;12;0m[38;2;23;47;12m▀[48;2;0;9;0m[38;2;19;41;8m▀[48;2;0;10;0m[38;2;14;39;7m▀[48;2;0;7;0m[38;2;20;42;11m▀[48;2;0;8;0m[38;2;17;38;6m▀[38;2;15;39;6m▀[48;2;0;15;0m[38;2;19;46;18m▖[48;2;0;9;0m[38;2;13;38;9m▛[48;2;2;19;0m[38;2;31;63;25m▐[48;2;50;88;43m[38;2;86;132;78m▘[48;2;20;51;16m[38;2;50;85;43m▀[48;2;22;52;16m[38;2;52;86;43m▀[48;2;23;55;19m[38;2;52;90;44m▀[48;2;24;56;20m[38;2;56;93;46m▜[48;2;25;57;20m[38;2;55;91;46m▀[48;2;24;56;20m[38;2;55;93;47m▀[48;2;26;57;20m[38;2;55;90;44m▀[48;2;22;55;18m[38;2;53;92;48m▀[48;2;22;51;16m[38;2;61;101;51m▛[48;2;20;51;16m[38;2;50;85;40m▀[48;2;20;55;16m[38;2;45;83;38m▜[48;2;57;98;47m[38;2;79;129;66m▗[48;2;22;57;17m[38;2;47;84;40m▀[48;2;42;78;33m[38;2;61;105;50m▖[48;2;23;57;18m[38;2;43;78;35m▀[48;2;16;49;14m[38;2;60;99;49m▛[48;2;18;50;15m[38;2;44;78;37m▀[48;2;19;49;15m[38;2;42;77;35m▀[48;2;36;71;28m[38;2;67;111;57m▗[48;2;56;97;48m[38;2;92;147;82m▐[48;2;1;18;0m[38;2;24;51;20m▝[48;2;7;23;3m[38;2;44;85;28m▗[48;2;13;39;7m[38;2;45;84;30m▖[48;2;6;28;2m[38;2;15;43;11m▞[48;2;26;55;15m[38;2;46;86;29m▄[48;2;28;63;18m[38;2;51;94;33m▖[48;2;0;0;0m[38;2;12;37;6m▌[48;2;0;8;0m[38;2;0;14;0m▐[48;2;0;0;0m[38;2;0;4;0m▌[0m
[48;2;0;0;0m[38;2;0;0;0m▘[48;2;0;9;0m[38;2;0;13;0m▙[48;2;0;0;0m[38;2;6;25;2m▐[48;2;29;58;18m[38;2;50;91;33m▝[48;2;0;16;0m[38;2;38;72;26m▛[48;2;1;11;0m[38;2;31;64;26m▄[48;2;0;6;0m[38;2;34;69;29m▟[48;2;0;22;0m[38;2;41;82;32m▌[48;2;0;8;0m[38;2;15;41;16m▌[48;2;0;5;0m[38;2;53;94;46m▐[48;2;3;40;7m[38;2;7;43;9m▙[48;2;6;41;7m[38;2;27;76;31m▝[48;2;44;94;42m[38;2;79;144;80m▜[48;2;61;104;50m[38;2;85;144;82m▌[48;2;52;84;35m[38;2;84;135;70m▘[48;2;51;101;48m[38;2;141;206;120m▖[48;2;25;67;27m[38;2;48;102;49m▌[48;2;29;62;23m[38;2;61;103;49m▘[48;2;1;17;0m[38;2;29;40;16m▐[48;2;2;17;0m[38;2;16;26;7m▗[48;2;1;15;0m[38;2;12;21;2m▝[48;2;12;24;5m[38;2;24;56;18m▝[48;2;5;15;0m[38;2;30;53;19m▀[48;2;1;20;0m[38;2;10;28;2m▚[48;2;4;11;0m[38;2;17;26;4m▌[48;2;0;12;0m[38;2;8;21;0m▘[48;2;4;21;3m[38;2;44;80;34m▗[48;2;27;68;25m[38;2;46;91;43m▗[48;2;0;4;0m[38;2;61;106;65m▌[48;2;0;9;0m[38;2;18;43;15m▙[48;2;0;7;0m[38;2;10;29;4m▄[48;2;0;6;0m[38;2;26;52;23m▟[38;2;0;16;0m▘[48;2;0;7;0m[38;2;0;8;0m▖▄[38;2;0;9;0m▄▄[48;2;0;8;0m▄[48;2;0;9;0m[38;2;0;10;0m▖▀[48;2;0;6;0m[38;2;0;7;0m▙▄▀▀▜[48;2;0;10;0m[38;2;7;28;6m▝[48;2;0;12;0m[38;2;30;59;27m▙[48;2;5;20;1m[38;2;27;54;22m▐[48;2;32;62;23m[38;2;38;72;31m▚[48;2;66;109;54m[38;2;171;236;146m▖[48;2;38;75;33m[38;2;161;226;140m▄[48;2;45;81;37m[38;2;138;195;118m▗[48;2;68;111;55m[38;2;172;226;142m▖[48;2;54;92;46m[38;2;129;184;102m▗[48;2;40;76;30m[38;2;82;133;66m▄[38;2;86;140;68m▖[48;2;33;66;24m[38;2;74;119;59m▄[48;2;43;80;33m[38;2;88;142;72m▄[48;2;29;60;22m[38;2;70;113;58m▄[48;2;50;90;41m[38;2;65;109;54m▞[48;2;25;58;19m[38;2;91;139;76m▝[48;2;27;62;19m[38;2;48;88;38m▖[48;2;29;67;23m[38;2;76;121;61m▌[48;2;15;48;11m[38;2;47;86;38m▐[48;2;28;62;19m[38;2;79;126;62m▗[48;2;33;70;24m[38;2;82;130;61m▗[48;2;40;75;28m[38;2;145;200;120m▗[48;2;29;62;21m[38;2;59;99;46m▌[48;2;16;47;10m[38;2;83;134;73m▐[48;2;0;10;0m[38;2;10;33;8m▐[48;2;0;14;0m[38;2;31;70;21m▐[48;2;7;33;2m[38;2;44;84;36m▚[48;2;0;5;0m[38;2;42;80;38m▄[48;2;14;35;6m[38;2;43;81;29m▀[48;2;33;63;19m[38;2;55;98;37m▘[48;2;1;7;0m[38;2;14;43;7m▘[48;2;0;9;0m[38;2;0;16;0m▐[48;2;0;0;0m[38;2;0;4;0m▌[0m
[48;2;0;0;0m[38;2;0;0;0m▘[48;2;0;10;0m[38;2;0;13;0m▜[48;2;0;0;0m[38;2;6;23;2m▐[48;2;31;61;19m[38;2;47;87;31m▀[48;2;20;44;9m[38;2;38;73;25m▘[48;2;0;7;0m[38;2;9;35;6m▌[48;2;0;8;0m[38;2;25;52;19m▐[48;2;0;22;0m[38;2;42;85;33m▌[48;2;1;10;0m[38;2;19;46;19m▌[48;2;0;4;0m[38;2;57;97;50m▐[48;2;11;47;11m[38;2;30;69;26m▖[48;2;12;47;10m[38;2;13;51;13m▖[48;2;28;53;12m[38;2;60;92;38m▝[48;2;40;74;27m[38;2;92;122;63m▜[48;2;51;56;19m[38;2;97;91;41m▟[48;2;30;59;19m[38;2;107;124;70m▌[48;2;34;70;29m[38;2;67;112;58m▘[48;2;10;27;4m[38;2;27;59;22m▌[48;2;5;15;0m[38;2;14;24;2m▝[48;2;3;13;0m[38;2;7;16;0m▝[38;2;7;14;0m▗[48;2;2;11;0m[38;2;26;21;2m▄[38;2;20;20;0m▄[48;2;1;7;0m[38;2;20;19;0m▗[48;2;0;3;0m[38;2;14;16;0m▄[48;2;0;5;0m[38;2;34;43;14m▖[48;2;0;9;0m[38;2;22;56;19m▟[48;2;31;70;29m[38;2;90;141;78m▘[48;2;0;11;0m[38;2;59;104;63m▌[48;2;0;3;0m[38;2;16;40;13m▙[48;2;0;2;0m[38;2;3;19;0m▄[48;2;1;13;0m[38;2;26;57;25m▐[48;2;0;10;0m[38;2;3;30;6m▖[48;2;0;11;0m[38;2;60;97;50m▄[48;2;0;13;0m[38;2;49;81;42m▄[48;2;0;10;0m[38;2;50;80;38m▄[48;2;0;13;0m[38;2;50;82;39m▄[48;2;0;15;0m[38;2;50;85;39m▄[38;2;51;85;41m▄[48;2;0;14;0m[38;2;45;72;31m▄[48;2;0;9;0m[38;2;30;46;14m▄[48;2;0;8;0m[38;2;25;37;8m▄[38;2;21;32;5m▄[48;2;0;7;0m[38;2;17;29;3m▄[48;2;0;8;0m[38;2;21;33;5m▄[48;2;0;13;0m[38;2;22;37;10m▖[48;2;5;20;3m[38;2;27;61;26m▌[48;2;4;17;1m[38;2;24;53;20m▐[48;2;33;68;29m[38;2;54;89;43m▐[48;2;104;152;92m[38;2;166;226;142m▌[48;2;88;133;78m[38;2;172;237;148m▟[48;2;56;100;48m[38;2;129;190;109m▐[48;2;79;121;67m[38;2;153;208;126m▛[48;2;65;102;53m[38;2;129;182;104m▐[48;2;68;112;52m[38;2;87;135;68m▘[48;2;76;119;59m[38;2;108;162;87m▌[48;2;52;95;39m[38;2;82;133;63m▌[48;2;66;106;49m[38;2;84;136;68m▛[48;2;20;49;14m[38;2;54;92;39m▌[48;2;45;82;34m[38;2;62;103;48m▌[48;2;16;43;9m[38;2;28;59;19m▐[48;2;32;45;15m[38;2;52;92;39m▛[48;2;43;72;27m[38;2;55;91;38m▘[48;2;18;47;8m[38;2;45;84;30m▞[48;2;18;46;11m[38;2;80;123;61m▐[48;2;27;56;16m[38;2;92;142;71m▐[48;2;48;86;36m[38;2;170;225;140m▐[48;2;35;68;26m[38;2;154;208;129m▘[48;2;23;51;16m[38;2;82;134;70m▐[48;2;5;19;2m[38;2;26;54;20m▗[48;2;0;21;0m[38;2;44;85;30m▐[48;2;0;15;0m[38;2;28;57;18m▌[48;2;0;11;0m[38;2;3;28;1m▐[48;2;13;37;5m[38;2;33;68;20m▝[48;2;31;61;18m[38;2;51;93;32m▀[48;2;0;0;0m[38;2;11;28;3m▌[48;2;0;14;0m[38;2;0;16;0m▐[48;2;0;0;0m[38;2;0;4;0m▌[0m
[48;2;0;0;0m[38;2;0;0;0m▘[48;2;0;12;0m[38;2;0;16;0m▐[48;2;0;0;0m[38;2;7;26;2m▐[48;2;30;62;20m[38;2;46;87;33m▐[48;2;45;82;32m[38;2;49;89;33m▌[48;2;10;24;5m[38;2;36;60;27m▖[48;2;8;30;4m[38;2;38;68;27m▟[48;2;0;20;0m[38;2;47;85;35m▌[48;2;0;9;1m[38;2;21;50;21m▖[48;2;0;0;0m[38;2;53;92;47m▐[48;2;14;49;12m[38;2;56;104;50m▀[48;2;12;49;10m[38;2;39;83;34m▙[48;2;24;54;14m[38;2;55;81;33m▗[48;2;23;50;12m[38;2;72;95;40m▐[48;2;85;88;39m[38;2;114;117;61m▜[48;2;38;46;18m[38;2;89;89;43m▛[48;2;22;26;4m[38;2;39;44;18m▖[48;2;6;15;0m[38;2;36;39;17m▌[48;2;5;10;0m[38;2;15;22;2m▌[48;2;9;13;0m[38;2;55;49;8m▗[48;2;14;16;0m[38;2;26;25;0m▖[48;2;21;19;0m[38;2;35;27;3m▌[48;2;23;18;0m[38;2;32;24;1m▖[48;2;16;14;0m[38;2;30;21;1m▐[48;2;17;15;0m[38;2;40;39;15m▝[48;2;27;47;14m[38;2;59;79;34m▄[48;2;69;118;59m[38;2;127;185;102m▄[48;2;24;62;22m[38;2;28;63;26m▝[48;2;0;12;1m[38;2;58;100;61m▌[48;2;0;9;0m[38;2;17;43;14m▌[48;2;0;6;0m[38;2;0;8;0m▀[48;2;0;8;0m[38;2;14;41;16m▐[48;2;0;15;1m[38;2;6;34;10m▖[48;2;0;17;0m[38;2;37;65;32m▌[48;2;18;44;16m[38;2;98;140;86m▄[48;2;20;43;15m[38;2;88;127;75m▖[48;2;15;38;10m[38;2;80;116;65m▄[48;2;38;67;30m[38;2;120;163;98m▖[48;2;40;70;31m[38;2;132;181;112m▖[48;2;19;42;13m[38;2;89;127;71m▄[48;2;28;52;18m[38;2;141;181;112m▗[48;2;20;41;12m[38;2;91;124;63m▖[48;2;20;44;11m[38;2;111;153;85m▖[48;2;9;27;0m[38;2;62;79;32m▄[48;2;0;14;0m[38;2;6;23;0m▟[48;2;1;22;2m[38;2;25;39;13m▌[48;2;0;14;0m[38;2;24;55;23m▌[38;2;32;63;23m▐[48;2;36;71;28m[38;2;90;130;70m▖[48;2;22;49;15m[38;2;140;203;121m▀[48;2;24;56;20m[38;2;126;186;109m▜[48;2;14;41;6m[38;2;93;140;79m▀[48;2;11;35;3m[38;2;128;187;105m▀[48;2;17;46;9m[38;2;97;148;78m▀[48;2;27;57;16m[38;2;79;126;58m▝[48;2;31;59;21m[38;2;102;153;81m▘[48;2;22;50;12m[38;2;95;146;74m▀[48;2;28;56;17m[38;2;92;148;75m▘[48;2;13;36;5m[38;2;55;92;42m▀[48;2;15;40;5m[38;2;58;96;41m▀[48;2;22;51;11m[38;2;49;84;33m▘[48;2;3;22;0m[38;2;42;68;26m▛[48;2;5;28;0m[38;2;40;66;24m▀[48;2;1;22;0m[38;2;13;40;2m▘[48;2;10;37;4m[38;2;73;114;52m▝[48;2;42;75;31m[38;2;117;175;93m▝[48;2;23;58;17m[38;2;144;198;117m▝[48;2;43;78;34m[38;2;120;174;97m▘[48;2;34;67;27m[38;2;79;128;68m▟[48;2;1;14;1m[38;2;16;44;13m▗[48;2;0;16;0m[38;2;41;77;27m▐[48;2;15;35;10m[38;2;39;70;23m▌[48;2;6;21;2m[38;2;27;50;21m▗[48;2;32;60;17m[38;2;45;80;28m▐[48;2;31;63;19m[38;2;43;80;30m▌[48;2;0;0;0m[38;2;11;31;3m▌[48;2;0;16;0m[38;2;0;18;0m▐[48;2;0;1;0m[38;2;0;6;0m▖[0m
[48;2;0;0;0m[38;2;0;1;0m▗[48;2;0;11;0m[38;2;0;16;0m▐[48;2;0;4;0m[38;2;7;25;0m▗[48;2;24;53;14m[38;2;48;90;34m▄[48;2;5;21;2m[38;2;27;59;17m▌[48;2;10;28;5m[38;2;32;62;22m▖[48;2;0;3;0m[38;2;20;42;10m▐[48;2;5;26;3m[38;2;48;88;34m▖[48;2;0;8;0m[38;2;13;40;17m▌[48;2;0;5;0m[38;2;55;98;49m▐[48;2;8;46;9m[38;2;14;49;12m▖[48;2;3;36;3m[38;2;6;44;7m▙[48;2;34;75;29m[38;2;108;140;73m▝[48;2;55;91;39m[38;2;109;163;86m▖[48;2;64;78;27m[38;2;118;109;50m▜[48;2;69;72;37m[38;2;127;116;62m▄[48;2;39;40;12m[38;2;45;42;13m▗[48;2;16;21;1m[38;2;42;44;20m▌[48;2;13;16;0m[38;2;22;26;2m▌[48;2;20;21;0m[38;2;90;72;19m▝[48;2;23;23;0m[38;2;37;28;0m▘[48;2;15;17;0m[38;2;36;27;1m▘[48;2;13;15;0m[38;2;34;26;1m▘[48;2;15;15;0m[38;2;44;31;6m▝[48;2;20;19;0m[38;2;45;44;16m▝[48;2;37;39;11m[38;2;80;104;49m▝[48;2;27;60;20m[38;2;80;123;63m▀[48;2;19;54;16m[38;2;30;65;25m▜[48;2;0;16;2m[38;2;69;113;70m▌[48;2;6;21;4m[38;2;36;59;25m▀[48;2;3;14;1m[38;2;28;46;12m▘[48;2;0;7;0m[38;2;26;50;22m▜[48;2;0;18;0m[38;2;11;42;17m▌[48;2;0;17;0m[38;2;37;66;33m▌[48;2;43;72;33m[38;2;84;121;67m▟[48;2;93;125;71m[38;2;174;214;135m▝[48;2;13;38;7m[38;2;129;171;101m▌[48;2;37;64;26m[38;2;84;123;65m▌[48;2;55;84;39m[38;2;148;195;113m▛[48;2;44;70;28m[38;2;124;166;97m▛[48;2;88;122;62m[38;2;145;186;113m▐[48;2;44;73;28m[38;2;81;116;56m▌[48;2;27;52;16m[38;2;91;126;69m▌[48;2;36;58;17m[38;2;55;84;34m▝[48;2;0;17;0m[38;2;7;22;0m▐[48;2;4;28;4m[38;2;24;37;11m▌[48;2;0;9;0m[38;2;30;59;24m▛[48;2;0;10;0m[38;2;27;54;17m▜[48;2;21;51;14m[38;2;34;69;27m▌[48;2;24;36;4m[38;2;51;72;26m▞[48;2;5;27;1m[38;2;66;98;44m▀[48;2;4;25;0m[38;2;43;76;30m▘[48;2;7;27;0m[38;2;22;50;12m▗[48;2;48;86;34m[38;2;97;146;77m▟[48;2;19;43;9m[38;2;64;105;47m▄[48;2;21;44;11m[38;2;62;100;47m▄[48;2;25;51;15m[38;2;88;134;71m▄[48;2;25;52;14m[38;2;77;119;59m▄[48;2;17;44;9m[38;2;72;116;54m▄[48;2;16;42;9m[38;2;52;89;40m▄[48;2;21;50;12m[38;2;66;112;49m▟[48;2;21;50;11m[38;2;69;120;55m▖[48;2;13;34;3m[38;2;46;86;35m▟[48;2;1;20;0m[38;2;19;54;12m▌[48;2;8;30;3m[38;2;71;104;51m▐[48;2;14;42;8m[38;2;30;62;22m▚[48;2;24;60;21m[38;2;109;165;96m▖[48;2;19;57;17m[38;2;90;138;75m▘[48;2;33;66;27m[38;2;73;125;66m▐[48;2;0;6;0m[38;2;10;33;7m▜[48;2;6;25;3m[38;2;45;84;32m▗[48;2;6;20;2m[38;2;37;67;24m▖[48;2;10;28;3m[38;2;51;87;32m▗[48;2;14;39;5m[38;2;42;76;26m▄[48;2;25;54;13m[38;2;52;91;35m▄[48;2;1;5;0m[38;2;13;31;3m▖[48;2;0;18;0m[38;2;0;21;0m▖[48;2;0;0;0m[38;2;0;6;0m▌[0m
[48;2;0;0;0m[38;2;0;0;0m▘[48;2;0;13;0m[38;2;0;19;0m▐[48;2;0;0;0m[38;2;3;19;0m▐[48;2;31;61;19m[38;2;43;79;30m▀[48;2;9;25;2m[38;2;39;72;25m▙[48;2;12;30;4m[38;2;37;67;25m▌[48;2;0;3;0m[38;2;32;64;21m▟[48;2;1;23;0m[38;2;43;79;32m▌[48;2;1;16;1m[38;2;22;55;25m▘[48;2;0;7;0m[38;2;53;95;45m▐[48;2;13;47;10m[38;2;24;69;25m▐[48;2;15;57;19m[38;2;32;87;38m▜[48;2;22;60;20m[38;2;43;84;32m▞[48;2;44;61;16m[38;2;124;165;79m▝[48;2;70;82;31m[38;2;117;129;62m▜[48;2;114;95;45m[38;2;128;117;66m▗[48;2;62;56;21m[38;2;97;80;36m▖[48;2;34;36;10m[38;2;58;57;28m▖[48;2;24;27;3m[38;2;40;43;18m▖[48;2;19;22;0m[38;2;26;26;0m▟[48;2;21;25;0m[38;2;30;29;1m▙[48;2;19;22;0m[38;2;26;27;0m▖[48;2;15;19;0m[38;2;20;23;0m▞[48;2;6;13;0m[38;2;11;17;0m▙[48;2;11;16;0m[38;2;21;26;2m▝[48;2;6;15;0m[38;2;18;21;1m▘[48;2;16;44;9m[38;2;17;49;12m▜[48;2;16;50;13m[38;2;29;65;25m▐[48;2;0;6;0m[38;2;73;117;70m▌[48;2;6;26;3m[38;2;30;57;24m▘[48;2;0;15;0m[38;2;2;20;0m▌[48;2;6;25;5m[38;2;33;64;33m▝[48;2;1;19;3m[38;2;14;45;20m▘[48;2;0;15;0m[38;2;44;79;41m▙[48;2;37;74;36m[38;2;44;74;34m▜[48;2;18;43;11m[38;2;41;75;37m▄[48;2;3;22;1m[38;2;37;68;32m▙[48;2;15;38;8m[38;2;39;73;36m▄[48;2;41;71;32m[38;2;52;81;33m▘[48;2;4;26;0m[38;2;29;52;17m▙[48;2;25;46;11m[38;2;50;76;28m▝[48;2;16;33;2m[38;2;36;60;16m▘[48;2;12;27;3m[38;2;37;61;20m▘[48;2;8;23;0m[38;2;16;28;3m▗[48;2;2;17;0m[38;2;23;35;6m▄[48;2;6;28;3m[38;2;17;36;10m▛[48;2;7;26;0m[38;2;30;66;30m▌[48;2;3;22;0m[38;2;25;54;21m▐[48;2;19;49;13m[38;2;30;62;25m▌[48;2;25;56;17m[38;2;62;98;42m▐[48;2;0;17;0m[38;2;13;36;2m▖[48;2;1;14;0m[38;2;2;15;0m▜[48;2;9;24;0m[38;2;28;54;13m▝[48;2;38;65;21m[38;2;103;152;79m▘[48;2;29;49;12m[38;2;88;135;69m▘[48;2;23;42;6m[38;2;70;109;49m▝[48;2;53;71;21m[38;2;93;139;72m▀[48;2;32;55;16m[38;2;79;123;59m▀[48;2;36;65;19m[38;2;86;133;67m▝[48;2;22;43;7m[38;2;51;87;37m▀[48;2;20;43;8m[38;2;62;104;47m▀[48;2;12;37;2m[38;2;60;104;45m▘[48;2;19;47;8m[38;2;68;111;46m▘[48;2;5;31;1m[38;2;37;75;27m▘[48;2;12;36;3m[38;2;61;97;44m▛[48;2;14;38;9m[38;2;58;93;43m▘[48;2;24;63;18m[38;2;84;128;70m▘[48;2;13;50;11m[38;2;14;51;13m▝[48;2;29;63;26m[38;2;63;112;59m▐[48;2;4;19;1m[38;2;21;45;15m▝[48;2;0;14;0m[38;2;44;85;32m▐[48;2;8;27;0m[38;2;38;73;25m▙[48;2;17;39;7m[38;2;46;80;28m▐[48;2;37;71;24m[38;2;45;83;30m▚[48;2;27;57;15m[38;2;44;83;30m▛[48;2;0;0;0m[38;2;5;21;1m▌[48;2;0;19;0m[38;2;0;20;0m▌[48;2;0;0;0m[38;2;0;6;0m▌[0m
[48;2;0;0;0m[38;2;0;0;0m▘[48;2;0;11;0m[38;2;0;19;0m▐[48;2;0;1;0m[38;2;4;22;0m▝[48;2;14;36;6m[38;2;38;71;26m▀[48;2;18;41;10m[38;2;49;92;34m▀[48;2;22;45;10m[38;2;51;93;36m▘[48;2;28;59;18m[38;2;50;91;36m▀[48;2;12;38;9m[38;2;51;96;40m▘[48;2;0;4;0m[38;2;13;39;12m▙[48;2;0;2;0m[38;2;56;97;45m▐[48;2;12;46;9m[38;2;15;50;12m▙[48;2;35;88;38m[38;2;46;109;55m▐[48;2;30;87;39m[38;2;60;123;70m▟[48;2;22;43;11m[38;2;72;121;72m▖[48;2;58;66;21m[38;2;85;81;30m▟[48;2;169;139;54m[38;2;255;246;96m▗[48;2;117;95;38m[38;2;231;183;56m▖[48;2;43;42;14m[38;2;74;65;33m▙[48;2;39;34;0m[38;2;50;46;17m▌[48;2;40;34;0m[38;2;57;45;2m▗[48;2;38;33;0m[38;2;53;42;2m▄[48;2;32;32;2m[38;2;41;37;3m▄[48;2;18;21;0m[38;2;28;28;2m▙[48;2;20;21;0m[38;2;65;46;11m▟[48;2;36;37;7m[38;2;93;76;31m▖[48;2;17;31;6m[38;2;52;76;36m▗[48;2;8;36;2m[38;2;24;47;13m▛[48;2;17;51;14m[38;2;27;60;22m▐[48;2;0;16;1m[38;2;75;121;73m▌[48;2;0;9;0m[38;2;27;51;20m▙[38;2;14;32;4m▄[48;2;0;7;0m[38;2;25;47;20m▟[48;2;0;21;0m[38;2;14;45;17m▌[48;2;17;43;11m[38;2;57;98;60m▄[48;2;20;49;13m[38;2;45;87;51m▄[48;2;21;49;13m[38;2;46;86;51m▄[48;2;23;52;15m[38;2;50;91;50m▄[48;2;26;55;16m[38;2;55;94;55m▄[48;2;25;54;15m[38;2;47;91;48m▄[48;2;3;21;0m[38;2;20;45;8m▘[48;2;0;8;0m[38;2;12;30;0m▀[48;2;0;1;0m[38;2;8;22;0m▀[48;2;0;3;0m[38;2;3;16;0m▘[48;2;0;8;0m[38;2;6;18;0m▝[48;2;11;25;1m[38;2;43;60;19m▗[48;2;0;14;0m[38;2;9;36;9m▟[48;2;0;15;0m[38;2;33;66;29m▙[48;2;0;12;0m[38;2;24;49;16m▟[48;2;17;49;11m[38;2;28;61;25m▌[48;2;20;51;13m[38;2;22;56;13m▝[48;2;2;19;0m[38;2;58;93;38m▌[48;2;3;16;0m[38;2;8;17;0m▐[48;2;16;27;3m[38;2;60;92;40m▗[48;2;26;45;11m[38;2;61;88;38m▄[48;2;23;33;2m[38;2;36;46;10m▖[48;2;23;32;1m[38;2;51;49;9m▗[48;2;20;29;0m[38;2;40;56;19m▗[48;2;15;28;0m[38;2;22;38;4m▖[48;2;22;38;5m[38;2;57;86;37m▝[48;2;20;30;1m[38;2;68;91;41m▚[48;2;7;21;0m[38;2;26;42;7m▖[48;2;3;19;0m[38;2;7;20;0m▖[48;2;1;21;0m[38;2;3;22;0m▘[48;2;6;28;0m[38;2;68;109;52m▗[48;2;7;30;4m[38;2;62;110;52m▝[48;2;11;36;6m[38;2;111;172;96m▘[48;2;1;28;0m[38;2;42;85;32m▜[48;2;14;54;12m[38;2;70;116;61m▖[48;2;34;76;34m[38;2;57;108;55m▝[48;2;4;21;0m[38;2;17;46;14m▐[48;2;0;22;0m[38;2;43;81;30m▐[48;2;32;60;20m[38;2;49;88;34m▀[48;2;20;44;7m[38;2;54;94;34m▝[48;2;18;42;6m[38;2;51;92;32m▀[48;2;17;40;8m[38;2;45;83;30m▀[48;2;0;3;0m[38;2;7;22;0m▘[48;2;0;18;0m[38;2;0;21;0m▌[48;2;0;0;0m[38;2;0;4;0m▌[0m
[48;2;0;0;0m[38;2;0;0;0m▘[48;2;0;10;0m[38;2;0;19;0m▐[48;2;0;0;0m[38;2;1;13;0m▐[48;2;40;76;27m[38;2;47;87;32m▜[48;2;37;71;24m[38;2;52;95;36m▐[48;2;30;53;16m[38;2;54;99;39m▌[48;2;48;81;33m[38;2;56;99;42m▐[48;2;11;39;7m[38;2;35;65;22m▌[48;2;0;4;0m[38;2;11;40;14m▙[48;2;0;2;0m[38;2;55;99;50m▐[48;2;15;51;13m[38;2;56;101;50m▄[48;2;30;74;30m[38;2;56;113;59m▟[48;2;37;91;44m[38;2;51;106;57m▙[48;2;86;125;65m[38;2;118;169;115m▖[48;2;70;74;25m[38;2;86;94;35m▙[48;2;125;114;49m[38;2;249;233;95m▐[48;2;131;108;47m[38;2;246;200;71m▌[48;2;74;62;31m[38;2;93;80;42m▙[48;2;58;50;12m[38;2;71;58;15m▄[48;2;96;69;8m[38;2;192;134;24m▗[48;2;87;62;4m[38;2;189;134;22m▖[48;2;46;40;3m[38;2;57;49;9m▙[48;2;43;37;3m[38;2;60;43;9m▗[48;2;65;45;9m[38;2;80;55;15m▝[48;2;66;78;33m[38;2;86;94;40m▀[48;2;23;48;11m[38;2;104;136;78m▝[48;2;3;25;0m[38;2;41;60;22m▌[48;2;16;50;13m[38;2;27;61;20m▐[48;2;0;12;0m[38;2;79;123;75m▌[48;2;6;21;4m[38;2;32;60;25m▖[48;2;0;5;0m[38;2;2;17;0m▄[48;2;5;21;6m[38;2;38;67;34m▗[48;2;2;24;3m[38;2;18;50;21m▖[48;2;37;71;36m[38;2;75;123;68m▗[48;2;35;64;27m[38;2;56;92;42m▄[48;2;34;63;26m[38;2;54;89;40m▄[48;2;36;66;27m[38;2;57;92;40m▄[48;2;33;63;25m[38;2;42;74;29m▟[48;2;40;78;36m[38;2;116;168;99m▖[48;2;0;13;0m[38;2;0;19;0m▌[48;2;2;8;0m[38;2;20;30;2m▖[48;2;0;0;0m[38;2;13;16;0m▟[48;2;19;22;0m[38;2;35;37;5m▜[48;2;21;32;1m[38;2;42;50;14m▄[48;2;18;33;3m[38;2;64;80;34m▗[48;2;12;36;11m[38;2;27;48;15m▖[48;2;4;15;0m[38;2;31;66;34m▌[48;2;3;16;0m[38;2;36;71;28m▐[48;2;28;64;22m[38;2;75;114;56m▄[48;2;12;34;5m[38;2;61;94;40m▀[48;2;3;18;0m[38;2;21;45;7m▘[48;2;10;20;0m[38;2;19;28;0m▗[48;2;34;52;12m[38;2;53;83;31m▄[48;2;27;43;6m[38;2;47;65;22m▟[48;2;36;37;2m[38;2;44;56;16m▌[48;2;31;37;3m[38;2;49;44;3m▄[48;2;42;49;9m[38;2;67;90;38m▝[48;2;37;45;7m[38;2;73;102;48m▀[48;2;24;30;1m[38;2;39;50;13m▌[48;2;28;32;1m[38;2;49;55;18m▝[48;2;25;30;2m[38;2;38;48;13m▘[48;2;20;25;0m[38;2;26;33;5m▀[48;2;22;29;3m[38;2;40;51;19m▝[48;2;45;61;24m[38;2;80;97;51m▝[48;2;0;14;0m[38;2;43;70;33m▌[48;2;0;8;0m[38;2;0;12;0m▝[38;2;0;13;0m▀[48;2;5;26;4m[38;2;55;94;46m▗[48;2;49;91;46m[38;2;75;126;69m▘[48;2;0;4;0m[38;2;17;45;12m▟[48;2;5;34;1m[38;2;38;73;24m▐[48;2;44;79;31m[38;2;59;100;40m▌[48;2;24;43;10m[38;2;52;88;35m▐[48;2;36;67;22m[38;2;51;86;35m▌[48;2;45;81;32m[38;2;50;89;33m▀[48;2;0;0;0m[38;2;5;20;0m▌[48;2;0;16;0m[38;2;0;22;0m▌[48;2;0;0;0m[38;2;0;4;0m▌[0m
[48;2;0;0;0m[38;2;0;0;0m▘[48;2;0;10;0m[38;2;0;18;0m▐[48;2;0;0;0m[38;2;0;8;0m▐[48;2;29;61;20m[38;2;46;85;31m▗[48;2;34;69;22m[38;2;51;93;37m▄[48;2;27;52;15m[38;2;49;90;33m▖[48;2;32;57;17m[38;2;52;84;32m▗[48;2;15;40;8m[38;2;51;87;32m▖[48;2;0;15;1m[38;2;20;52;22m▖[48;2;0;7;0m[38;2;48;90;46m▐[48;2;9;42;7m[38;2;9;42;7m▘[48;2;10;42;7m[38;2;30;64;27m▖[48;2;22;62;23m[38;2;48;92;48m▗[48;2;16;40;13m[38;2;82;128;82m▘[48;2;23;37;4m[38;2;54;75;27m▗[48;2;83;81;20m[38;2;186;170;76m▝[48;2;154;138;60m[38;2;255;255;147m▘[48;2;92;78;40m[38;2;97;86;39m▘[48;2;90;67;14m[38;2;103;82;37m▙[48;2;132;90;16m[38;2;224;160;34m▟[48;2;98;69;10m[38;2;212;147;28m▙[48;2;69;55;14m[38;2;85;66;15m▖[48;2;66;49;12m[38;2;103;73;25m▗[48;2;65;46;8m[38;2;92;71;21m▄[48;2;56;64;23m[38;2;103;122;62m▄[48;2;9;30;2m[38;2;20;42;10m▗[48;2;10;33;4m[38;2;79;115;62m▙[48;2;23;56;19m[38;2;34;74;31m▖[48;2;0;9;0m[38;2;81;126;79m▌[48;2;3;16;2m[38;2;30;57;26m▖[48;2;0;6;0m[38;2;0;14;0m▀[48;2;0;10;0m[38;2;25;50;23m▐[48;2;0;15;0m[38;2;15;42;16m▌[48;2;44;86;47m[38;2;69;124;70m▗[48;2;5;33;2m[38;2;34;75;31m▄[48;2;27;63;24m[38;2;79;139;79m▗[48;2;10;41;8m[38;2;46;96;46m▖[48;2;0;18;0m[38;2;24;62;26m▄[48;2;50;88;45m[38;2;114;173;107m▌[48;2;0;11;0m[38;2;0;16;0m▌[48;2;0;7;0m[38;2;29;34;7m▙[48;2;12;15;0m[38;2;18;19;0m▙[48;2;3;9;0m[38;2;16;19;0m▟[48;2;0;3;0m[38;2;13;16;0m▘[48;2;0;9;0m[38;2;68;81;35m▐[48;2;2;27;2m[38;2;21;44;14m▙[48;2;8;27;6m[38;2;43;85;43m▖[48;2;2;15;0m[38;2;37;66;26m▐[48;2;29;64;22m[38;2;52;85;34m▝[48;2;3;22;0m[38;2;56;87;36m▙[48;2;7;17;0m[38;2;20;38;3m▖[48;2;14;19;0m[38;2;25;34;3m▐[48;2;54;79;31m[38;2;60;97;40m▐[48;2;51;73;25m[38;2;65;83;34m▄[48;2;61;51;7m[38;2;69;65;19m▙[48;2;103;77;18m[38;2;183;132;24m▘[48;2;75;75;28m[38;2;82;84;33m▞[48;2;68;68;23m[38;2;77;80;29m▚[48;2;47;43;4m[38;2;109;80;9m▗[48;2;51;44;6m[38;2;79;56;0m▖[48;2;34;33;3m[38;2;48;42;8m▀[48;2;29;31;2m[38;2;39;37;6m▀[48;2;32;36;5m[38;2;43;48;14m▝[48;2;45;66;27m[38;2;64;91;44m▜[48;2;0;9;0m[38;2;18;46;14m▘[48;2;0;6;0m[38;2;0;7;0m▚[48;2;0;10;0m[38;2;58;97;51m▗[48;2;13;51;12m[38;2;43;82;34m▘[48;2;34;73;34m[38;2;41;79;37m▄[48;2;0;8;0m[38;2;9;39;9m▐[48;2;13;38;5m[38;2;55;91;36m▗[48;2;33;63;19m[38;2;54;90;32m▖[48;2;24;47;13m[38;2;50;86;33m▗[48;2;30;61;18m[38;2;51;91;34m▄[48;2;19;42;9m[38;2;40;75;27m▟[48;2;0;0;0m[38;2;2;14;0m▌[48;2;0;17;0m[38;2;0;24;0m▌[48;2;0;0;0m[38;2;0;4;0m▌[0m
[48;2;0;0;0m[38;2;0;0;0m▘[48;2;0;10;0m[38;2;0;19;0m▐[48;2;0;0;0m[38;2;0;3;0m▗[48;2;17;46;11m[38;2;49;92;34m▄[48;2;24;53;17m[38;2;41;80;29m▄[48;2;26;50;15m[38;2;51;92;38m▖[48;2;24;46;15m[38;2;44;70;26m▝[48;2;10;38;7m[38;2;40;68;26m▙[48;2;0;15;0m[38;2;14;45;18m▌[48;2;0;10;0m[38;2;45;91;46m▐[48;2;10;42;7m[38;2;13;43;7m▖[48;2;13;48;11m[38;2;64;117;69m▗[48;2;10;43;10m[38;2;81;128;81m▞[48;2;0;19;0m[38;2;24;58;21m▖[48;2;11;23;0m[38;2;35;63;20m▄[48;2;18;31;0m[38;2;41;47;5m▀[48;2;53;52;9m[38;2;101;90;29m▀[48;2;75;66;22m[38;2;86;75;33m▟[48;2;101;83;44m[38;2;124;101;46m▐[48;2;184;140;45m[38;2;255;233;87m▐[48;2;221;167;48m[38;2;255;243;103m▌[48;2;70;57;12m[38;2;102;83;25m▌[48;2;81;67;23m[38;2;117;95;38m▐[48;2;117;108;46m[38;2;129;153;81m▗[48;2;43;78;31m[38;2;127;162;90m▛[48;2;0;4;0m[38;2;11;31;4m▄[48;2;19;56;15m[38;2;74;115;59m▛[48;2;23;57;20m[38;2;69;111;57m▀[48;2;0;13;0m[38;2;82;129;79m▌[48;2;0;6;0m[38;2;26;48;16m▛[48;2;3;11;0m[38;2;19;37;4m▘[48;2;11;25;6m[38;2;43;63;28m▝[48;2;0;24;0m[38;2;20;47;16m▌[48;2;22;54;21m[38;2;66;118;65m▜[48;2;20;64;20m[38;2;93;162;90m▟[48;2;74;137;75m[38;2;108;178;110m▐[48;2;54;111;59m[38;2;90;159;99m▗[48;2;15;52;15m[38;2;43;92;45m▛[48;2;54;97;48m[38;2;114;174;108m▌[48;2;0;9;0m[38;2;0;19;0m▌[48;2;38;40;12m[38;2;57;63;31m▗[48;2;21;22;0m[38;2;33;31;1m▄[48;2;11;15;0m[38;2;31;30;1m▖[48;2;0;0;0m[38;2;0;2;0m▗[48;2;9;16;0m[38;2;33;39;10m▝[48;2;14;34;6m[38;2;22;47;13m▀[48;2;0;13;0m[38;2;37;64;26m▛[48;2;11;24;2m[38;2;40;70;29m▐[48;2;20;50;14m[38;2;34;64;25m▙[48;2;28;56;13m[38;2;91;122;62m▖[48;2;14;23;0m[38;2;81;109;51m▘[48;2;18;22;0m[38;2;26;28;1m▟[48;2;52;54;14m[38;2;63;90;36m▀[48;2;69;66;24m[38;2;68;96;38m▘[48;2;89;70;19m[38;2;180;127;25m▗[48;2;193;137;32m[38;2;244;184;40m▄[48;2;122;100;36m[38;2;240;165;28m▖[48;2;90;77;26m[38;2;97;85;27m▖[48;2;62;55;9m[38;2;72;60;12m▟[48;2;57;48;8m[38;2;66;56;8m▌[48;2;48;43;8m[38;2;57;49;12m▌[48;2;33;34;2m[38;2;47;43;9m▀[48;2;33;38;4m[38;2;44;50;14m▜[48;2;16;45;13m[38;2;47;74;32m▛[48;2;0;5;0m[38;2;0;9;0m▐[48;2;0;10;0m[38;2;14;42;8m▗[48;2;10;45;8m[38;2;45;82;36m▛[48;2;10;43;8m[38;2;12;45;10m▟[48;2;26;61;24m[38;2;41;79;35m▛[48;2;2;11;0m[38;2;13;38;11m▐[48;2;8;28;1m[38;2;50;82;34m▐[48;2;33;60;21m[38;2;50;86;33m▘[48;2;27;52;15m[38;2;57;98;37m▗[48;2;22;49;12m[38;2;43;81;29m▄[48;2;18;45;11m[38;2;52;94;35m▄[48;2;0;1;0m[38;2;1;13;0m▖[48;2;0;16;0m[38;2;1;25;0m▌[48;2;0;0;0m[38;2;0;3;0m▌[0m
[48;2;0;0;0m[38;2;0;0;0m▘[48;2;0;11;0m[38;2;0;19;0m▐[48;2;0;0;0m[38;2;0;0;0m▘[48;2;33;70;25m[38;2;39;80;27m▝[48;2;34;69;23m[38;2;38;74;27m▌[48;2;18;37;8m[38;2;36;67;23m▛[48;2;18;38;9m[38;2;36;67;20m▗[48;2;26;51;12m[38;2;40;67;24m▌[48;2;0;0;0m[38;2;12;36;7m▛[48;2;0;8;0m[38;2;47;89;46m▐[48;2;10;43;7m[38;2;11;45;8m▜[48;2;15;53;13m[38;2;63;108;57m▗[48;2;0;20;0m[38;2;72;117;69m▙[48;2;24;64;23m[38;2;62;106;60m▝[48;2;12;36;6m[38;2;46;82;39m▛[48;2;10;26;2m[38;2;74;109;61m▗[48;2;42;57;16m[38;2;50;85;37m▙[48;2;69;72;22m[38;2;135;171;93m▖[48;2;66;60;12m[38;2;105;89;35m▜[48;2;190;155;51m[38;2;255;255;163m▐[48;2;182;159;71m[38;2;255;255;195m▌[48;2;58;51;8m[38;2;106;94;35m▌[48;2;77;80;29m[38;2;111;136;67m▗[48;2;85;104;44m[38;2;91;125;61m▟[48;2;22;55;14m[38;2;65;107;49m▌[48;2;1;16;0m[38;2;18;43;9m▌[48;2;0;8;0m[38;2;47;80;37m▜[48;2;20;55;16m[38;2;27;59;21m▐[48;2;0;20;0m[38;2;89;139;86m▌[48;2;4;16;0m[38;2;19;42;13m▌[48;2;0;10;0m[38;2;2;20;0m▖[48;2;1;15;0m[38;2;29;54;23m▐[48;2;1;23;0m[38;2;17;46;15m▌[48;2;48;86;44m[38;2;70;124;68m▟[48;2;18;38;2m[38;2;77;108;51m▀[48;2;0;17;0m[38;2;24;64;19m▀[48;2;4;27;2m[38;2;50;101;52m▀[48;2;0;21;0m[38;2;42;85;38m▘[48;2;55;96;48m[38;2;119;180;113m▌[48;2;0;9;0m[38;2;0;19;0m▌[48;2;28;32;3m[38;2;52;57;22m▜[48;2;29;28;1m[38;2;36;33;1m▖[48;2;0;1;0m[38;2;18;18;0m▘[48;2;0;2;0m[38;2;0;6;0m▐[48;2;15;23;0m[38;2;29;31;2m▌[48;2;9;33;4m[38;2;16;37;6m▛[48;2;10;25;0m[38;2;36;69;30m▌[48;2;6;22;0m[38;2;47;78;33m▐[48;2;39;67;24m[38;2;93;128;69m▀[48;2;17;37;5m[38;2;80;107;50m▄[48;2;17;27;0m[38;2;25;30;0m▗[48;2;37;35;0m[38;2;61;46;3m▗[48;2;63;56;11m[38;2;76;57;7m▗[48;2;75;62;18m[38;2;93;84;37m▗[48;2;105;83;28m[38;2;219;159;41m▐[48;2;255;218;61m[38;2;255;250;101m▄[48;2;185;140;41m[38;2;255;208;50m▌[48;2;100;83;25m[38;2;118;96;32m▖[48;2;78;63;14m[38;2;135;98;24m▄[48;2;68;57;12m[38;2;90;72;18m▄[48;2;51;46;7m[38;2;67;58;15m▌[48;2;19;24;0m[38;2;36;36;3m▛[48;2;7;23;0m[38;2;24;37;4m▀[48;2;15;43;8m[38;2;51;94;46m▗[48;2;0;9;0m[38;2;0;15;0m▖[38;2;0;12;0m▝[48;2;6;25;2m[38;2;49;90;39m▝[48;2;16;51;12m[38;2;56;92;37m▖[48;2;19;49;13m[38;2;42;80;34m▛[48;2;0;6;0m[38;2;17;35;4m▜[48;2;13;33;1m[38;2;44;72;27m▐[48;2;18;41;10m[38;2;42;70;27m▌[48;2;29;56;16m[38;2;52;93;33m▝[48;2;37;74;23m[38;2;40;79;27m▘[48;2;35;73;23m[38;2;39;79;28m▚[48;2;0;0;0m[38;2;0;8;0m▌[48;2;0;16;0m[38;2;1;25;0m▌[48;2;0;0;0m[38;2;0;1;0m▘[0m
[48;2;0;0;0m[38;2;0;0;0m▘[48;2;0;9;0m[38;2;0;18;0m▐[48;2;0;0;0m[38;2;0;0;0m▘[48;2;14;41;8m[38;2;41;77;27m▀[48;2;15;44;8m[38;2;47;89;33m▀[48;2;16;39;6m[38;2;36;72;22m▘[48;2;15;41;7m[38;2;49;85;30m▝[48;2;24;51;12m[38;2;52;91;33m▘[48;2;0;3;0m[38;2;17;37;8m▌[48;2;0;1;0m[38;2;39;79;39m▐[48;2;14;47;10m[38;2;58;109;57m▄[48;2;8;41;5m[38;2;41;82;38m▀[48;2;15;48;11m[38;2;45;90;43m▝[48;2;18;55;16m[38;2;74;118;68m▗[48;2;16;40;10m[38;2;70;112;64m▙[48;2;15;50;13m[38;2;43;81;39m▘[48;2;19;55;17m[38;2;65;109;56m▐[48;2;34;52;10m[38;2;72;104;42m▘[48;2;36;42;1m[38;2;58;62;11m▟[48;2;97;98;37m[38;2;166;148;67m▝[48;2;87;85;28m[38;2;166;148;62m▘[48;2;55;54;9m[38;2;78;100;45m▗[48;2;93;121;61m[38;2;121;166;87m▟[48;2;99;146;74m[38;2;136;190;108m▖[48;2;31;60;24m[38;2;76;121;66m▘[48;2;18;41;14m[38;2;122;164;99m▖[48;2;1;18;0m[38;2;20;44;12m▝[48;2;29;64;21m[38;2;114;162;94m▖[48;2;0;16;0m[38;2;84;135;80m▌[48;2;0;3;0m[38;2;21;39;11m▙[38;2;12;26;1m▄[48;2;3;16;0m[38;2;37;62;28m▐[48;2;0;21;0m[38;2;20;49;14m▌[48;2;28;67;28m[38;2;50;94;47m▛[48;2;0;15;0m[38;2;0;23;0m▞[48;2;8;31;4m[38;2;28;58;21m▀[48;2;25;50;13m[38;2;31;60;23m▜[48;2;0;13;0m[38;2;0;21;0m▐[48;2;50;92;43m[38;2;118;176;109m▌[48;2;0;11;0m[38;2;0;19;0m▌[48;2;41;52;19m[38;2;76;106;64m▗[48;2;7;13;0m[38;2;34;36;3m▘[48;2;1;8;0m[38;2;38;49;15m▗[48;2;0;8;0m[38;2;4;14;0m▖[48;2;14;21;0m[38;2;49;64;19m▗[48;2;6;29;4m[38;2;102;144;79m▖[48;2;15;25;4m[38;2;45;77;34m▌[48;2;9;21;0m[38;2;44;74;33m▐[48;2;25;52;13m[38;2;37;67;25m▌[48;2;18;39;3m[38;2;98;132;70m▞[48;2;17;26;0m[38;2;34;32;0m▐[48;2;76;55;2m[38;2;138;102;16m▗[48;2;166;125;30m[38;2;255;242;93m▄[48;2;104;80;26m[38;2;112;102;56m▟[48;2;119;108;57m[38;2;178;142;57m▐[48;2;228;206;98m[38;2;255;254;151m▄[48;2;165;131;56m[38;2;232;186;65m▌[48;2;106;88;31m[38;2;110;95;39m▜[48;2;178;132;41m[38;2;255;217;60m▗[48;2;120;93;31m[38;2;255;193;55m▖[48;2;46;43;7m[38;2;70;59;16m▛[48;2;31;37;5m[38;2;48;45;9m▘[48;2;25;41;11m[38;2;60;98;56m▝[48;2;31;63;26m[38;2;64;105;61m▌[48;2;0;13;0m[38;2;10;33;4m▖[48;2;0;9;0m[38;2;0;12;0m▄[48;2;0;8;0m[38;2;0;13;0m▟[48;2;4;30;2m[38;2;66;102;50m▝[48;2;19;48;11m[38;2;65;108;56m▌[48;2;1;15;0m[38;2;26;47;6m▐[48;2;24;47;8m[38;2;54;88;33m▝[48;2;20;44;8m[38;2;52;87;33m▘[48;2;19;41;8m[38;2;49;87;30m▝[48;2;16;42;8m[38;2;48;92;32m▀[48;2;16;44;10m[38;2;43;83;31m▀[48;2;0;0;0m[38;2;0;4;0m▘[48;2;0;15;0m[38;2;2;25;0m▌[48;2;0;0;0m[38;2;0;1;0m▘[0m
[48;2;0;0;0m[38;2;0;0;0m▘[48;2;0;8;0m[38;2;0;18;0m▐[48;2;0;0;0m[38;2;0;0;0m▘[48;2;24;54;12m[38;2;40;78;28m▜[48;2;20;55;14m[38;2;30;65;20m▛[48;2;37;65;22m[38;2;46;87;33m▌[48;2;18;45;10m[38;2;64;98;47m▐[48;2;39;71;21m[38;2;53;84;34m▌[48;2;0;8;0m[38;2;21;39;10m▌[48;2;0;2;0m[38;2;37;76;37m▐[48;2;10;42;7m[38;2;13;48;9m▘[48;2;9;45;7m[38;2;10;49;10m▗[48;2;13;52;13m[38;2;24;81;37m▗[48;2;28;68;27m[38;2;70;134;79m▞[48;2;17;55;17m[38;2;34;78;33m▘[48;2;23;62;21m[38;2;58;104;56m▗[48;2;22;55;17m[38;2;69;113;65m▞[48;2;20;50;15m[38;2;87;132;80m▘[48;2;42;70;24m[38;2;105;133;72m▝[48;2;55;79;31m[38;2;87;126;78m▗[48;2;32;43;8m[38;2;71;109;61m▄[48;2;15;26;0m[38;2;62;97;43m▟[48;2;94;133;66m[38;2;134;183;109m▝[48;2;50;90;44m[38;2;103;156;88m▙[48;2;0;10;0m[38;2;24;58;23m▟[48;2;21;53;15m[38;2;63;106;55m▚[48;2;34;72;27m[38;2;88;134;75m▘[48;2;9;38;0m[38;2;62;101;52m▟[48;2;0;0;0m[38;2;78;128;77m▌[48;2;0;5;0m[38;2;15;36;9m▌[48;2;0;4;0m[38;2;0;7;0m▐[48;2;0;9;0m[38;2;28;50;23m▐[48;2;0;19;0m[38;2;12;38;9m▌[48;2;54;110;63m[38;2;92;166;108m▝[48;2;40;99;57m[38;2;94;171;114m▘[48;2;58;116;72m[38;2;72;143;90m▄[48;2;14;42;15m[38;2;92;151;102m▗[48;2;18;48;12m[38;2;61;110;61m▖[48;2;39;82;37m[38;2;82;142;76m▖[48;2;0;19;0m[38;2;10;39;7m▗[48;2;10;32;5m[38;2;60;88;47m▀[48;2;0;8;0m[38;2;20;38;6m▌[48;2;0;13;0m[38;2;21;45;11m▟[48;2;7;27;0m[38;2;44;72;30m▞[48;2;23;36;1m[38;2;53;70;20m▚[48;2;2;21;0m[38;2;32;61;19m▖[48;2;0;12;0m[38;2;34;59;24m▌[48;2;0;15;0m[38;2;55;91;46m▐[48;2;38;68;28m[38;2;93;132;70m▟[48;2;20;41;8m[38;2;96;138;74m▄[48;2;27;35;4m[38;2;97;116;55m▗[48;2;67;55;6m[38;2;118;110;34m▐[48;2;163;136;42m[38;2;195;189;65m▛[48;2;100;97;44m[38;2;116;146;81m▖[48;2;93;84;33m[38;2;116;111;54m▜[48;2;127;114;61m[38;2;184;157;76m▛[48;2;112;105;53m[38;2;142;127;63m▘[48;2;91;83;32m[38;2;109;103;47m▐[48;2;168;141;58m[38;2;255;253;127m▐[48;2;107;100;44m[38;2;204;193;108m▌[48;2;34;37;3m[38;2;59;54;11m▌[48;2;51;70;31m[38;2;157;218;144m▝[48;2;13;27;0m[38;2;68;100;53m▚[48;2;4;25;2m[38;2;24;51;18m▗[48;2;4;23;0m[38;2;77;122;70m▌[48;2;6;25;4m[38;2;64;103;54m▖[48;2;19;44;16m[38;2;94;137;76m▄[48;2;39;81;36m[38;2;78;150;92m▝[48;2;15;38;6m[38;2;69;118;67m▌[48;2;0;3;0m[38;2;19;40;7m▟[48;2;23;49;9m[38;2;49;86;33m▐[48;2;19;44;10m[38;2;55;94;42m▌[48;2;36;58;17m[38;2;50;83;30m▐[48;2;29;57;16m[38;2;34;66;19m▘[48;2;30;60;19m[38;2;43;82;27m▀[48;2;0;0;0m[38;2;0;0;0m▘[48;2;0;15;0m[38;2;2;25;0m▌[48;2;0;0;0m[38;2;0;0;0m▘[0m
[48;2;0;0;0m[38;2;0;0;0m▘[48;2;0;8;0m[38;2;0;18;0m▐[48;2;0;0;0m[38;2;0;0;0m▘[48;2;24;59;18m[38;2;35;72;24m▐[48;2;37;77;27m[38;2;45;91;34m▄[48;2;35;67;22m[38;2;45;91;33m▖[48;2;0;16;0m[38;2;49;90;34m▐[48;2;26;55;15m[38;2;47;82;31m▙[48;2;0;2;0m[38;2;15;33;5m▌[48;2;0;1;0m[38;2;44;88;44m▐[48;2;8;38;3m[38;2;7;42;4m▝[48;2;14;38;3m[38;2;15;52;12m▝[48;2;30;83;36m[38;2;70;132;75m▞[48;2;19;71;28m[38;2;50;122;68m▘[48;2;3;42;7m[38;2;22;67;28m▜[48;2;26;61;20m[38;2;105;153;96m▐[48;2;16;53;15m[38;2;78;121;73m▘[48;2;37;84;40m[38;2;86;139;84m▐[48;2;22;53;15m[38;2;87;132;80m▘[48;2;26;58;17m[38;2;78;127;75m▐[48;2;11;37;4m[38;2;38;76;32m▘[48;2;45;76;30m[38;2;74;115;62m▙[48;2;69;104;46m[38;2;82;123;60m▟[48;2;40;80;37m[38;2;71;116;65m▜[48;2;20;56;16m[38;2;57;102;51m▝[48;2;17;51;11m[38;2;90;140;78m▀[48;2;31;68;24m[38;2;87;129;75m▖[48;2;17;50;13m[38;2;19;51;15m▗[48;2;0;9;0m[38;2;87;135;88m▌[48;2;0;4;0m[38;2;17;37;10m▛[48;2;0;8;0m[38;2;8;21;0m▘[48;2;1;13;0m[38;2;25;51;23m▐[48;2;3;27;2m[38;2;15;45;10m▖[48;2;49;95;52m[38;2;124;201;142m▝[48;2;0;19;1m[38;2;36;86;48m▘[48;2;61;112;69m[38;2;71;131;80m▜[48;2;16;50;13m[38;2;99;162;102m▐[48;2;23;56;15m[38;2;63;116;63m▘[48;2;31;76;30m[38;2;113;179;107m▌[48;2;4;29;5m[38;2;67;118;64m▝[48;2;50;106;63m[38;2;76;143;91m▚[48;2;8;39;8m[38;2;40;90;45m▙[48;2;45;88;42m[38;2;81;138;82m▙[48;2;24;40;2m[38;2;38;66;20m▛[48;2;29;48;9m[38;2;73;96;40m▝[48;2;10;32;8m[38;2;54;86;38m▘[48;2;9;23;1m[38;2;40;69;29m▌[48;2;5;20;0m[38;2;44;77;36m▐[48;2;25;55;17m[38;2;55;93;45m▘[48;2;30;62;21m[38;2;93;146;85m▐[48;2;69;99;60m[38;2;93;126;71m▜[48;2;78;94;48m[38;2;103;127;55m▝[48;2;67;81;39m[38;2;122;151;71m▀[48;2;70;80;37m[38;2;109;135;79m▀[48;2;73;82;39m[38;2;99;107;59m▀[48;2;58;52;10m[38;2;95;84;33m▜[48;2;87;84;38m[38;2;84;100;59m▟[48;2;75;78;38m[38;2;98;100;52m▝[48;2;86;83;38m[38;2;163;152;75m▝[48;2;70;75;36m[38;2;112;116;60m▀[48;2;57;67;31m[38;2;74;95;50m▜[48;2;20;25;1m[38;2;38;49;16m▘[48;2;26;30;3m[38;2;72;88;44m▝[48;2;25;34;8m[38;2;52;71;33m▀[48;2;35;61;26m[38;2;76;112;60m▘[48;2;36;63;28m[38;2;63;98;50m▀[48;2;45;80;39m[38;2;103;154;91m▝[48;2;19;50;12m[38;2;64;106;53m▀[48;2;0;17;0m[38;2;73;117;64m▌[48;2;0;4;0m[38;2;10;29;5m▐[48;2;18;45;9m[38;2;49;86;31m▐[48;2;4;27;0m[38;2;51;92;32m▌[48;2;37;65;19m[38;2;51;90;33m▗[48;2;39;75;26m[38;2;48;87;33m▄[48;2;35;69;25m[38;2;40;79;30m▖[48;2;0;0;0m[38;2;0;0;0m▘[48;2;0;13;0m[38;2;1;26;0m▌[48;2;0;0;0m[38;2;0;0;0m▘[0m
[48;2;0;0;0m[38;2;0;0;0m▘[48;2;0;7;0m[38;2;0;19;0m▐[48;2;0;0;0m[38;2;0;0;0m▘[48;2;17;44;10m[38;2;42;87;32m▗[48;2;18;48;11m[38;2;45;90;34m▖[48;2;21;49;13m[38;2;45;83;31m▄[48;2;10;32;4m[38;2;50;86;33m▗[48;2;34;60;18m[38;2;41;77;26m▄[48;2;0;0;0m[38;2;16;37;6m▌[48;2;0;2;0m[38;2;46;88;47m▐[48;2;6;39;4m[38;2;48;70;16m▐[48;2;30;47;6m[38;2;88;128;79m▞[48;2;13;44;9m[38;2;55;120;66m▀[48;2;14;56;14m[38;2;43;115;58m▝[48;2;8;43;7m[38;2;38;99;51m▘[48;2;50;66;16m[38;2;61;107;62m▛[48;2;20;57;19m[38;2;32;75;33m▞[48;2;21;60;20m[38;2;65;113;61m▐[48;2;17;46;8m[38;2;62;79;27m▚[48;2;22;51;12m[38;2;65;111;66m▐[48;2;16;45;6m[38;2;23;55;14m▙[48;2;75;112;54m[38;2;104;146;82m▐[48;2;94;141;78m[38;2;114;162;93m▛[48;2;14;54;13m[38;2;50;89;47m▀[48;2;34;80;33m[38;2;147;198;138m▖[48;2;12;48;8m[38;2;13;50;9m▘[48;2;12;47;8m[38;2;58;94;46m▝[48;2;21;57;15m[38;2;51;90;41m▙[48;2;5;17;4m[38;2;97;144;94m▌[48;2;11;25;4m[38;2;36;58;26m▘[48;2;4;19;0m[38;2;16;30;3m▚[48;2;8;25;5m[38;2;45;75;37m▝[48;2;1;24;1m[38;2;16;49;13m▘[48;2;24;64;23m[38;2;52;100;51m▘[48;2;0;10;0m[38;2;0;25;0m▖[48;2;0;22;0m[38;2;20;60;16m▝[48;2;0;12;0m[38;2;4;35;1m▀[48;2;1;29;1m[38;2;51;100;51m▌[48;2;29;70;28m[38;2;74;136;82m▖[48;2;0;15;0m[38;2;0;19;0m▝[48;2;17;60;23m[38;2;62;128;80m▘[48;2;23;71;29m[38;2;75;134;85m▗[48;2;16;46;15m[38;2;72;130;79m▘[48;2;0;7;0m[38;2;0;15;0m▌[48;2;2;11;0m[38;2;7;19;0m▀[48;2;6;23;1m[38;2;19;44;14m▀[48;2;0;15;0m[38;2;35;60;23m▛[48;2;10;26;1m[38;2;43;78;38m▐[48;2;19;49;13m[38;2;26;60;21m▙[48;2;54;98;51m[38;2;93;144;89m▟[48;2;51;72;37m[38;2;81;117;70m▛[48;2;62;83;44m[38;2;85;110;62m▝[48;2;39;52;20m[38;2;81;102;58m▜[48;2;57;72;34m[38;2;90;115;66m▜[48;2;26;39;7m[38;2;80;100;55m▛[48;2;26;32;0m[38;2;38;39;2m▀[48;2;40;50;21m[38;2;95;119;71m▛[48;2;61;71;35m[38;2;91;114;63m▘[48;2;56;63;29m[38;2;78;84;44m▀[48;2;65;73;40m[38;2;104;129;78m▝[48;2;34;47;18m[38;2;94;126;78m▀[48;2;12;22;0m[38;2;19;30;0m▘[48;2;23;26;2m[38;2;36;39;13m▝[48;2;21;27;5m[38;2;58;65;28m▀[48;2;39;63;28m[38;2;83;118;62m▀[48;2;57;92;48m[38;2;104;149;89m▀[48;2;38;74;33m[38;2;108;159;98m▀[48;2;29;62;22m[38;2;86;128;73m▗[48;2;2;15;0m[38;2;63;103;56m▌[48;2;2;10;0m[38;2;14;38;8m▗[48;2;18;40;10m[38;2;38;72;25m▟[48;2;14;38;7m[38;2;49;91;33m▖[48;2;33;59;17m[38;2;50;91;31m▗[48;2;24;54;15m[38;2;50;88;34m▗[48;2;24;53;14m[38;2;44;85;31m▖[48;2;0;0;0m[38;2;0;0;0m▘[48;2;0;13;0m[38;2;1;25;0m▌[48;2;0;0;0m[38;2;0;0;0m▘[0m
[48;2;0;0;0m[38;2;0;0;0m▘[48;2;0;7;0m[38;2;0;16;0m▐[48;2;0;0;0m[38;2;0;0;0m▘[48;2;7;29;1m[38;2;23;56;16m▐[48;2;18;46;8m[38;2;40;82;29m▙[48;2;30;60;20m[38;2;40;82;31m▘[48;2;8;27;1m[38;2;46;85;33m▝[48;2;27;62;19m[38;2;47;86;33m▀[48;2;3;16;1m[38;2;19;46;15m▘[48;2;3;12;1m[38;2;46;89;46m▐[48;2;25;50;8m[38;2;72;113;58m▀[48;2;15;42;4m[38;2;37;58;10m▚[48;2;12;42;6m[38;2;10;45;8m▝[48;2;13;44;8m[38;2;16;46;12m▝[48;2;10;42;7m[38;2;16;46;10m▌[48;2;27;45;2m[38;2;62;106;61m▌[48;2;10;40;5m[38;2;25;46;6m▌[48;2;23;57;19m[38;2;59;103;55m▞[48;2;11;40;3m[38;2;22;48;6m▝[48;2;41;59;11m[38;2;46;92;48m▐[48;2;36;61;17m[38;2;101;158;105m▌[48;2;60;99;45m[38;2;78;121;60m▝[48;2;44;91;39m[38;2;76;123;60m▘[48;2;11;54;11m[38;2;33;81;33m▐[48;2;13;50;12m[38;2;47;90;41m▜[48;2;11;48;8m[38;2;14;49;10m▝[48;2;13;48;9m[38;2;14;49;9m▜[48;2;16;50;11m[38;2;22;58;16m▝[48;2;0;5;0m[38;2;89;142;87m▌[48;2;8;22;3m[38;2;30;54;21m▘[48;2;1;13;0m[38;2;13;31;0m▖[48;2;2;14;0m[38;2;31;57;24m▐[48;2;0;12;0m[38;2;11;35;5m▚[48;2;23;66;21m[38;2;72;139;64m▝[48;2;27;83;25m[38;2;64;133;56m▌[48;2;9;48;7m[38;2;31;75;28m▗[48;2;0;15;0m[38;2;3;27;0m▗[48;2;21;56;18m[38;2;67;117;65m▚[48;2;48;96;51m[38;2;55;109;57m▘[48;2;0;16;0m[38;2;0;19;0m▌[48;2;0;27;0m[38;2;28;69;29m▚[48;2;1;30;2m[38;2;19;53;18m▄[48;2;0;3;0m[38;2;0;6;0m▀[48;2;0;7;0m[38;2;7;25;0m▗[48;2;0;13;0m[38;2;62;81;36m▐[48;2;10;25;1m[38;2;15;43;12m▝[48;2;14;32;5m[38;2;44;73;33m▘[48;2;5;23;0m[38;2;53;94;46m▐[48;2;20;52;13m[38;2;66;113;59m▛[48;2;16;50;12m[38;2;30;69;24m▘[48;2;49;89;45m[38;2;84;122;73m▝[48;2;70;96;51m[38;2;91;124;75m▛[48;2;57;74;30m[38;2;85;111;61m▜[48;2;58;74;36m[38;2;91;117;69m▀[48;2;25;43;11m[38;2;76;105;60m▘[48;2;11;25;0m[38;2;19;28;0m▀[48;2;15;26;0m[38;2;61;77;37m▜[48;2;69;79;39m[38;2;75;96;52m▛[48;2;70;78;36m[38;2;83;101;55m▀[48;2;67;77;39m[38;2;78;97;56m▀[48;2;1;14;0m[38;2;63;88;49m▌[48;2;4;19;0m[38;2;5;21;0m▌[48;2;6;20;0m[38;2;22;28;4m▐[48;2;24;28;4m[38;2;25;35;8m▟[48;2;45;65;28m[38;2;54;90;43m▐[48;2;65;110;59m[38;2;80;127;68m▌[48;2;20;56;16m[38;2;75;123;70m▘[48;2;16;49;10m[38;2;36;72;27m▝[48;2;8;19;0m[38;2;62;102;49m▌[48;2;0;0;0m[38;2;11;30;3m▜[48;2;32;66;21m[38;2;49;91;33m▝[48;2;11;32;5m[38;2;54;96;38m▘[48;2;24;48;12m[38;2;41;69;22m▀[48;2;25;55;15m[38;2;38;75;25m▟[48;2;18;43;8m[38;2;28;60;20m▌[48;2;0;0;0m[38;2;0;0;0m▘[48;2;0;10;0m[38;2;2;24;0m▌[48;2;0;0;0m[38;2;0;0;0m▘[0m
[48;2;0;0;0m[38;2;0;0;0m▘[48;2;0;4;0m[38;2;0;15;0m▐[48;2;0;0;0m[38;2;0;0;0m▘[48;2;2;18;0m[38;2;20;48;12m▐[48;2;11;38;7m[38;2;49;91;35m▀[48;2;13;39;7m[38;2;37;71;25m▀[48;2;12;29;2m[38;2;25;49;16m▝[48;2;18;43;11m[38;2;48;85;31m▀[48;2;1;12;0m[38;2;15;43;14m▘[48;2;2;18;0m[38;2;55;101;51m▐[48;2;11;40;3m[38;2;57;67;15m▝[48;2;9;38;3m[38;2;20;44;6m▖[48;2;10;39;4m[38;2;12;40;6m▝[48;2;12;40;6m[38;2;14;42;7m▜[48;2;11;41;6m[38;2;61;104;56m▗[48;2;35;53;9m[38;2;57;105;57m▘[48;2;16;44;5m[38;2;34;67;27m▗[48;2;12;42;4m[38;2;86;133;81m▌[48;2;12;41;5m[38;2;20;44;6m▗[48;2;42;64;15m[38;2;49;97;45m▝[48;2;63;103;53m[38;2;124;178;123m▘[48;2;65;107;49m[38;2;75;127;62m▗[48;2;7;49;7m[38;2;49;97;44m▘[48;2;14;49;8m[38;2;35;79;31m▛[48;2;16;53;12m[38;2;78;122;70m▝[48;2;18;54;14m[38;2;79;129;75m▖[48;2;13;48;8m[38;2;14;50;9m▀[48;2;8;40;3m[38;2;13;50;10m▌[48;2;1;14;1m[38;2;92;146;88m▌[48;2;0;6;0m[38;2;23;46;14m▙[48;2;1;12;0m[38;2;18;32;3m▖[48;2;3;14;0m[38;2;36;60;28m▐[48;2;0;21;0m[38;2;19;48;13m▌[48;2;7;40;8m[38;2;31;84;37m▟[48;2;0;28;1m[38;2;25;78;25m▘[48;2;0;18;0m[38;2;2;36;3m▘[48;2;1;23;0m[38;2;25;48;13m▄[48;2;3;30;0m[38;2;23;49;13m▄[48;2;40;86;43m[38;2;76;137;83m▌[48;2;0;16;0m[38;2;0;19;0m▌[48;2;40;81;41m[38;2;79;133;77m▐[48;2;2;31;2m[38;2;43;87;41m▛[48;2;0;2;0m[38;2;0;6;0m▄[48;2;3;15;0m[38;2;18;33;2m▝[48;2;0;12;0m[38;2;78;103;50m▐[48;2;18;35;3m[38;2;22;52;14m▗[48;2;0;10;0m[38;2;38;61;23m▙[48;2;6;19;0m[38;2;51;88;44m▐[48;2;16;50;10m[38;2;26;64;23m▌[48;2;14;49;9m[38;2;15;50;9m▀[48;2;17;52;11m[38;2;34;77;33m▐[48;2;27;60;18m[38;2;69;114;58m▘[48;2;30;58;16m[38;2;80;127;63m▗[48;2;6;33;0m[38;2;31;61;17m▛[48;2;4;23;0m[38;2;24;48;12m▌[48;2;3;25;0m[38;2;7;26;0m▘[48;2;3;27;0m[38;2;16;34;0m▝[48;2;6;30;0m[38;2;20;38;2m▀[48;2;6;33;0m[38;2;19;37;1m▀[48;2;10;33;0m[38;2;8;36;1m▗[48;2;36;73;27m[38;2;52;91;39m▝[48;2;4;31;1m[38;2;49;82;38m▘[48;2;0;22;0m[38;2;2;34;1m▄[48;2;2;29;0m[38;2;37;73;27m▗[48;2;12;43;7m[38;2;60;102;44m▖[48;2;18;56;15m[38;2;78;124;67m▌[48;2;9;43;4m[38;2;44;91;40m▌[48;2;13;44;6m[38;2;16;46;8m▝[48;2;2;20;0m[38;2;55;95;42m▌[48;2;3;19;2m[38;2;18;40;14m▝[48;2;26;52;15m[38;2;49;85;32m▀[48;2;3;21;0m[38;2;38;58;24m▘[48;2;16;38;6m[38;2;36;61;19m▀[48;2;9;35;4m[38;2;47;83;31m▀[48;2;13;34;3m[38;2;28;58;17m▌[48;2;0;0;0m[38;2;0;0;0m▘[48;2;0;9;0m[38;2;3;21;0m▌[48;2;0;0;0m[38;2;0;0;0m▘[0m
[48;2;0;0;0m[38;2;0;0;0m▘[48;2;0;3;0m[38;2;0;14;0m▐[48;2;0;0;0m[38;2;0;3;0m▖[48;2;0;13;0m[38;2;26;55;16m▝[48;2;19;51;13m[38;2;52;100;40m▘[48;2;26;51;18m[38;2;55;103;40m▘[48;2;15;32;8m[38;2;39;64;24m▝[48;2;43;74;27m[38;2;54;90;39m▜[48;2;2;12;0m[38;2;23;51;19m▌[48;2;2;16;0m[38;2;50;90;43m▐[48;2;2;30;0m[38;2;9;38;2m▜[48;2;13;40;3m[38;2;32;53;8m▚[48;2;12;40;5m[38;2;52;62;13m▄[48;2;14;43;8m[38;2;60;67;17m▄[48;2;33;54;13m[38;2;108;149;91m▐[48;2;25;45;4m[38;2;56;72;22m▘[48;2;25;44;2m[38;2;76;114;60m▐[48;2;22;48;12m[38;2;66;73;16m▄[48;2;23;47;7m[38;2;54;66;13m▞[48;2;15;44;8m[38;2;19;51;13m▐[48;2;23;61;18m[38;2;60;108;53m▐[48;2;19;60;13m[38;2;57;107;46m▚[48;2;20;54;16m[38;2;42;86;34m▘[48;2;13;45;9m[38;2;15;46;9m▌[48;2;14;46;10m[38;2;15;49;11m▟[48;2;30;71;25m[38;2;80;132;75m▘[48;2;12;45;8m[38;2;12;49;8m▘[48;2;6;37;4m[38;2;44;82;42m▗[48;2;12;38;13m[38;2;91;142;86m▖[48;2;0;5;0m[38;2;15;41;12m▌[48;2;0;4;0m[38;2;0;6;0m▐[48;2;0;7;0m[38;2;27;54;20m▐[48;2;0;30;0m[38;2;20;51;12m▌[48;2;34;82;41m[38;2;39;88;47m▀[48;2;0;13;0m[38;2;32;81;30m▐[48;2;22;59;18m[38;2;54;104;50m▘[48;2;9;37;3m[38;2;21;47;11m▜[48;2;9;32;2m[38;2;28;73;24m▐[48;2;0;28;0m[38;2;56;114;51m▄[48;2;0;16;0m[38;2;0;18;0m▙[48;2;36;76;37m[38;2;81;133;79m▐[48;2;0;12;0m[38;2;22;54;18m▌[48;2;0;9;0m[38;2;16;42;4m▗[48;2;11;28;1m[38;2;19;39;4m▖[48;2;0;10;0m[38;2;67;94;45m▐[48;2;10;31;4m[38;2;21;54;14m▗[48;2;8;29;5m[38;2;54;90;42m▖[48;2;0;12;0m[38;2;45;81;40m▐[48;2;15;46;9m[38;2;23;53;17m▌[48;2;14;46;8m[38;2;14;49;8m▜[48;2;21;62;17m[38;2;118;175;108m▐[48;2;44;92;39m[38;2;66;116;57m▛[48;2;21;62;12m[38;2;88;144;71m▟[48;2;69;116;53m[38;2;134;198;111m▖[48;2;14;48;4m[38;2;90;136;65m▛[48;2;29;62;15m[38;2;109;165;86m▐[48;2;43;85;30m[38;2;87;144;72m▙[48;2;43;85;31m[38;2;96;157;78m▟[48;2;65;113;51m[38;2;91;147;76m▖[48;2;87;141;69m[38;2;112;170;88m▘[48;2;28;67;15m[38;2;84;138;64m▟[48;2;40;81;28m[38;2;77;131;62m▙[48;2;12;46;6m[38;2;89;145;68m▛[48;2;58;104;46m[38;2;110;170;99m▖[48;2;13;44;8m[38;2;78;131;65m▌[48;2;22;58;15m[38;2;77;127;66m▐[48;2;8;40;4m[38;2;39;80;31m▙[48;2;12;43;6m[38;2;14;46;7m▖[48;2;4;16;0m[38;2;54;92;42m▌[48;2;4;13;0m[38;2;19;47;15m▐[48;2;46;85;37m[38;2;56;100;43m▟[48;2;10;22;3m[38;2;33;59;23m▛[48;2;18;36;9m[38;2;39;70;24m▝[48;2;17;41;9m[38;2;37;73;25m▝[48;2;16;41;9m[38;2;54;98;40m▘[48;2;0;1;0m[38;2;0;4;0m▗[48;2;0;7;0m[38;2;2;18;0m▌[48;2;0;0;0m[38;2;0;0;0m▘[0m
[48;2;0;0;0m[38;2;0;0;0m▘[48;2;0;2;0m[38;2;0;13;0m▐[48;2;0;0;0m[38;2;0;8;0m▌[48;2;0;5;0m[38;2;25;61;18m▐[48;2;25;60;15m[38;2;41;84;30m▜[48;2;10;27;3m[38;2;38;76;30m▌[48;2;11;27;6m[38;2;18;39;11m▄[48;2;31;62;19m[38;2;48;87;33m▄[48;2;2;13;2m[38;2;26;55;22m▖[48;2;0;6;0m[38;2;35;64;28m▐[48;2;16;46;9m[38;2;80;126;70m▄[48;2;11;39;4m[38;2;89;136;80m▄[48;2;1;19;0m[38;2;87;131;80m▄[48;2;4;20;0m[38;2;86;132;79m▄[48;2;18;43;8m[38;2;69;111;60m▟[48;2;9;36;2m[38;2;77;123;71m▄[48;2;13;43;7m[38;2;80;126;74m▟[48;2;19;49;12m[38;2;73;117;69m▄[48;2;17;50;10m[38;2;66;109;62m▄[48;2;19;51;14m[38;2;69;116;64m▄[48;2;20;58;18m[38;2;66;113;60m▟[48;2;16;51;11m[38;2;65;109;58m▄[48;2;14;51;11m[38;2;58;102;54m▄[48;2;15;50;13m[38;2;49;93;44m▄[48;2;19;55;14m[38;2;54;93;45m▖[48;2;20;56;14m[38;2;92;145;77m▟[48;2;6;43;5m[38;2;32;76;26m▖[48;2;0;24;0m[38;2;17;56;17m▐[48;2;35;77;32m[38;2;76;127;70m▝[48;2;0;10;0m[38;2;30;64;28m▌[48;2;0;2;0m[38;2;1;12;0m▀[48;2;0;7;0m[38;2;28;51;21m▐[48;2;0;27;0m[38;2;18;47;11m▌[48;2;10;43;13m[38;2;34;76;36m▛[48;2;8;42;9m[38;2;16;51;18m▙[48;2;10;55;10m[38;2;26;76;23m▛[48;2;11;45;10m[38;2;28;80;24m▖[48;2;11;46;9m[38;2;34;85;31m▝[48;2;37;90;32m[38;2;48;103;42m▗[48;2;0;18;0m[38;2;0;19;0m▘[48;2;43;83;42m[38;2;86;137;80m▐[48;2;0;13;0m[38;2;28;59;18m▙[48;2;10;34;2m[38;2;66;95;37m▄[48;2;20;39;3m[38;2;56;73;21m▖[48;2;0;12;0m[38;2;32;53;18m▜[48;2;12;36;6m[38;2;15;44;12m▗[48;2;8;25;2m[38;2;38;70;31m▌[48;2;3;21;0m[38;2;52;93;46m▐[48;2;18;52;11m[38;2;44;85;40m▄[48;2;14;50;9m[38;2;44;86;39m▄[48;2;54;102;50m[38;2;102;156;92m▝[48;2;12;51;12m[38;2;45;90;42m▙[48;2;38;82;33m[38;2;81;141;72m▘[48;2;49;100;44m[38;2;63;116;51m▝[48;2;9;44;6m[38;2;53;101;49m▙[48;2;30;68;22m[38;2;56;104;52m▟[48;2;56;103;52m[38;2;79;136;70m▘[48;2;58;109;53m[38;2;79;136;67m▝[48;2;53;98;43m[38;2;60;106;55m▄[48;2;59;104;50m[38;2;67;113;56m▐[48;2;37;81;30m[38;2;72;122;64m▟[48;2;27;70;22m[38;2;74;124;67m▙[48;2;10;40;6m[38;2;66;110;59m▙[48;2;18;48;12m[38;2;74;120;67m▙[48;2;13;43;7m[38;2;74;119;64m▙[48;2;12;43;5m[38;2;83;128;74m▄[48;2;10;38;5m[38;2;94;141;83m▄[48;2;37;72;26m[38;2;108;158;95m▄[48;2;0;13;0m[38;2;69;113;57m▌[48;2;1;12;0m[38;2;20;49;18m▗[48;2;41;80;29m[38;2;60;105;45m▄[48;2;22;45;14m[38;2;28;61;22m▖[48;2;20;40;12m[38;2;31;60;21m▗[48;2;36;64;22m[38;2;44;76;28m▛[48;2;7;23;2m[38;2;30;58;19m▌[48;2;0;0;0m[38;2;0;9;0m▐[48;2;0;3;0m[38;2;1;17;0m▌[48;2;0;0;0m[38;2;0;0;0m▘[0m
[48;2;0;0;0m[38;2;0;0;0m▘[38;2;0;10;0m▐[38;2;0;14;0m▌[48;2;0;9;0m[38;2;56;100;43m▗[48;2;2;19;1m[38;2;46;80;36m▖[48;2;2;22;1m[38;2;31;61;22m▄[48;2;6;26;2m[38;2;21;44;12m▄[48;2;17;46;10m[38;2;41;80;29m▄[48;2;4;11;0m[38;2;25;55;20m▖[48;2;0;2;0m[38;2;41;48;20m▄[48;2;0;13;0m[38;2;52;56;27m▄[48;2;0;14;0m[38;2;48;52;24m▄[48;2;0;8;0m[38;2;37;46;17m▄[48;2;0;7;0m[38;2;35;44;15m▄[48;2;0;6;0m[38;2;33;44;15m▄[48;2;0;11;0m[38;2;40;50;20m▄[48;2;0;14;0m[38;2;41;51;22m▄[38;2;36;48;19m▄[48;2;0;15;0m[38;2;34;48;19m▄[48;2;0;16;0m[38;2;30;43;16m▄[38;2;27;42;15m▄[48;2;0;17;0m[38;2;30;44;17m▄[48;2;0;18;0m[38;2;26;37;12m▄[48;2;0;22;0m[38;2;25;38;9m▄[48;2;1;27;1m[38;2;19;51;19m▗[48;2;1;26;1m[38;2;54;99;45m▝[48;2;27;69;23m[38;2;132;190;112m▘[48;2;20;56;18m[38;2;78;126;70m▘[48;2;0;9;0m[38;2;0;19;0m▀[48;2;0;4;0m[38;2;12;37;10m▛[48;2;0;10;0m[38;2;11;27;1m▀[48;2;5;18;3m[38;2;37;62;24m▝[48;2;0;11;0m[38;2;14;40;10m▌[48;2;34;70;35m[38;2;75;115;66m▐[48;2;11;41;7m[38;2;40;67;26m▖[48;2;3;40;3m[38;2;21;65;16m▙[48;2;0;15;0m[38;2;4;41;4m▌[48;2;7;34;3m[38;2;15;45;10m▞[48;2;21;59;20m[38;2;85;136;79m▖[48;2;0;16;0m[38;2;0;18;0m▄[48;2;48;89;44m[38;2;89;137;81m▐[48;2;36;66;21m[38;2;84;116;54m▚[48;2;0;17;0m[38;2;85;109;48m▄[48;2;18;36;3m[38;2;38;58;17m▟[48;2;35;53;14m[38;2;78;105;52m▐[48;2;10;36;4m[38;2;19;46;13m▝[48;2;0;14;0m[38;2;32;58;22m▛[48;2;0;13;0m[38;2;15;40;8m▀[48;2;0;15;0m[38;2;32;68;29m▀[48;2;0;14;0m[38;2;30;60;25m▀[38;2;23;55;18m▀[48;2;0;20;0m[38;2;22;54;17m▜[48;2;1;20;0m[38;2;12;41;8m▀[48;2;4;29;0m[38;2;9;33;1m▚[48;2;3;27;0m[38;2;12;31;2m▗[48;2;0;23;0m[38;2;26;40;11m▄[48;2;0;20;0m[38;2;32;43;15m▄[48;2;0;21;0m[38;2;29;44;14m▄[38;2;33;49;17m▄[48;2;0;19;0m[38;2;34;48;19m▄[38;2;39;53;23m▄[48;2;0;15;0m[38;2;41;52;25m▄[48;2;0;14;0m[38;2;44;56;25m▄[48;2;0;16;0m[38;2;45;53;25m▄[48;2;0;11;0m[38;2;42;48;21m▄[48;2;0;9;0m[38;2;46;51;23m▄[48;2;0;11;0m[38;2;44;49;22m▄[48;2;0;16;0m[38;2;42;48;19m▄[48;2;0;17;0m[38;2;43;51;19m▄[48;2;0;13;0m[38;2;32;59;22m▄[48;2;34;67;26m[38;2;59;106;50m▄[48;2;13;31;7m[38;2;18;42;13m▖[48;2;8;30;7m[38;2;25;52;17m▟[48;2;6;27;3m[38;2;38;71;28m▞[48;2;0;8;0m[38;2;35;73;31m▌[48;2;0;0;0m[38;2;1;15;0m▐[48;2;0;2;0m[38;2;0;14;0m▌[48;2;0;0;0m[38;2;0;0;0m▘[0m
[48;2;0;0;0m[38;2;0;0;0m▘[38;2;0;9;0m▐[38;2;0;19;0m▌[48;2;0;6;0m[38;2;41;86;34m▐[48;2;32;75;28m[38;2;48;98;40m▖[48;2;12;44;10m[38;2;66;120;58m▖[48;2;0;0;0m[38;2;4;25;2m▀[48;2;0;9;0m[38;2;23;57;16m▜[48;2;4;22;2m[38;2;24;56;20m▖[48;2;7;19;0m[38;2;20;36;8m▄[48;2;9;22;0m[38;2;25;39;10m▄[48;2;14;26;1m[38;2;24;41;9m▄[48;2;12;25;1m[38;2;20;38;6m▄[48;2;9;19;0m[38;2;13;28;2m▟[48;2;13;23;1m[38;2;18;32;6m▗[48;2;13;29;2m[38;2;17;32;7m▌[48;2;12;31;2m[38;2;18;33;7m▛[48;2;12;30;3m[38;2;22;37;8m▝[48;2;6;28;1m[38;2;24;39;12m▀[48;2;6;26;1m[38;2;23;39;13m▀[48;2;3;23;0m[38;2;25;39;12m▀[48;2;2;22;0m[38;2;23;36;12m▀[48;2;1;18;0m[38;2;23;36;10m▀[48;2;0;11;0m[38;2;13;29;4m▀[48;2;2;20;1m[38;2;34;73;32m▝[48;2;28;63;20m[38;2;133;193;104m▗[48;2;16;53;13m[38;2;87;144;70m▖[48;2;4;27;5m[38;2;30;64;27m▘[48;2;2;16;2m[38;2;19;51;21m▝[48;2;0;12;0m[38;2;24;64;21m▙[48;2;18;43;10m[38;2;102;150;80m▖[48;2;0;11;0m[38;2;22;46;15m▐[48;2;0;16;0m[38;2;21;49;15m▌[48;2;38;78;38m[38;2;75;124;71m▐[48;2;16;46;13m[38;2;68;116;61m▖[48;2;11;44;11m[38;2;49;94;46m▗[48;2;9;45;8m[38;2;54;99;48m▗[48;2;15;43;9m[38;2;58;104;53m▄[48;2;53;99;53m[38;2;92;152;88m▘[48;2;0;19;0m[38;2;0;22;0m▄[48;2;47;92;44m[38;2;99;157;92m▐[48;2;48;81;34m[38;2;62;106;51m▘[48;2;41;67;26m[38;2;49;75;31m▄[48;2;27;49;14m[38;2;45;70;28m▄[48;2;12;34;2m[38;2;64;102;48m▟[48;2;8;37;5m[38;2;14;45;11m▀[48;2;2;18;0m[38;2;35;65;30m▌[48;2;0;12;0m[38;2;3;25;0m▗[48;2;0;14;0m[38;2;1;20;0m▖[48;2;0;12;0m[38;2;0;19;0m▗[48;2;0;8;0m[38;2;0;14;0m▛[48;2;4;21;3m[38;2;52;88;44m▝[48;2;0;15;0m[38;2;1;22;0m▝[48;2;1;22;0m[38;2;6;24;0m▝[48;2;0;16;0m[38;2;1;19;0m▌[48;2;7;26;1m[38;2;26;38;12m▝[48;2;6;26;0m[38;2;33;44;15m▀[48;2;8;29;2m[38;2;29;40;13m▀[48;2;6;27;0m[38;2;29;41;15m▀[48;2;7;27;0m[38;2;27;39;13m▀[48;2;11;31;2m[38;2;24;37;12m▀[48;2;13;32;3m[38;2;23;35;10m▀[48;2;13;32;4m[38;2;21;33;8m▀[48;2;14;30;5m[38;2;20;36;9m▐[48;2;16;28;2m[38;2;20;30;7m▘[48;2;18;30;4m[38;2;19;35;7m▙[48;2;18;32;6m[38;2;26;44;13m▖[48;2;11;24;1m[38;2;23;40;11m▄[48;2;8;21;0m[38;2;22;40;10m▄[48;2;5;25;1m[38;2;24;60;21m▐[48;2;10;39;7m[38;2;53;98;42m▛[48;2;0;1;0m[38;2;0;17;0m▀[48;2;0;2;0m[38;2;2;18;0m▀[48;2;4;32;3m[38;2;19;55;14m▟[48;2;5;25;4m[38;2;44;88;34m▖[48;2;0;0;0m[38;2;3;23;0m▐[38;2;0;13;0m▌[38;2;0;0;0m▘[0m
[48;2;0;0;0m[38;2;0;0;0m▘[38;2;0;7;0m▐[38;2;0;19;0m▌[48;2;0;1;0m[38;2;26;58;17m▐[48;2;8;38;0m[38;2;48;88;35m▛[48;2;23;64;21m[38;2;48;91;39m▞[48;2;1;24;0m[38;2;78;126;62m▖[48;2;13;42;9m[38;2;55;97;42m▖[48;2;3;11;0m[38;2;28;64;22m▘[48;2;0;7;0m[38;2;29;48;12m▀[48;2;10;29;0m[38;2;36;53;14m▀[48;2;24;43;5m[38;2;39;56;17m▀[48;2;30;46;10m[38;2;39;56;14m▄[48;2;32;48;12m[38;2;67;81;28m▗[48;2;33;47;16m[38;2;60;77;27m▄[48;2;32;49;15m[38;2;67;86;30m▄[48;2;32;51;16m[38;2;62;83;29m▄[48;2;26;48;13m[38;2;70;90;34m▄[48;2;28;50;17m[38;2;77;96;40m▄[48;2;35;55;20m[38;2;80;98;43m▄[48;2;33;52;19m[38;2;76;95;40m▄[48;2;34;53;21m[38;2;66;86;32m▄[48;2;31;50;16m[38;2;61;80;27m▄[48;2;10;23;4m[38;2;48;63;19m▖[48;2;11;35;5m[38;2;49;79;31m▞[48;2;37;63;13m[38;2;50;82;24m▐[48;2;35;69;20m[38;2;92;128;56m▌[48;2;7;34;7m[38;2;80;130;73m▖[48;2;8;33;0m[38;2;37;71;26m▜[48;2;43;73;30m[38;2;44;89;39m▜[48;2;63;111;54m[38;2;92;149;77m▀[48;2;36;71;27m[38;2;91;140;72m▄[48;2;0;24;0m[38;2;25;58;20m▌[48;2;12;46;9m[38;2;73;121;63m▙[48;2;2;31;4m[38;2;69;120;64m▄[48;2;4;38;8m[38;2;75;127;71m▄[48;2;12;46;12m[38;2;80;132;73m▄[48;2;8;41;8m[38;2;90;145;80m▄[48;2;10;44;12m[38;2;73;123;65m▟[48;2;0;20;0m[38;2;0;25;0m▘[48;2;46;90;42m[38;2;89;143;81m▐[48;2;43;78;30m[38;2;122;159;74m▄[48;2;0;38;0m[38;2;60;93;33m▛[48;2;31;62;14m[38;2;81;114;46m▘[48;2;16;45;7m[38;2;92;127;60m▄[48;2;0;18;0m[38;2;14;46;10m▜[48;2;0;3;0m[38;2;36;66;26m▙[48;2;0;2;0m[38;2;23;40;7m▄[48;2;0;1;0m[38;2;25;43;7m▄[38;2;18;38;4m▄[48;2;0;7;0m[38;2;19;34;1m▖[48;2;0;2;0m[38;2;25;44;8m▄[48;2;0;5;0m[38;2;30;55;13m▄[48;2;2;26;0m[38;2;44;84;34m▄[48;2;0;20;0m[38;2;44;75;26m▄[48;2;24;43;12m[38;2;58;72;26m▄[48;2;28;47;14m[38;2;70;90;37m▄[48;2;31;70;24m[38;2;63;111;51m▝[48;2;20;63;17m[38;2;75;127;60m▘[48;2;21;54;13m[38;2;86;133;67m▗[48;2;28;48;14m[38;2;75;98;39m▄[48;2;24;43;10m[38;2;70;89;33m▄[48;2;29;49;14m[38;2;76;97;38m▄[48;2;23;43;10m[38;2;69;91;32m▄[48;2;27;47;14m[38;2;61;77;25m▄[48;2;30;46;11m[38;2;46;60;18m▖[48;2;31;47;9m[38;2;34;54;18m▝[48;2;19;39;3m[38;2;41;60;21m▀[48;2;31;51;17m[38;2;78;93;68m▐[48;2;0;4;0m[38;2;34;55;29m▛[48;2;4;16;2m[38;2;56;100;45m▘[48;2;0;21;0m[38;2;16;49;13m▗[48;2;2;28;1m[38;2;39;80;32m▄[48;2;0;14;0m[38;2;27;67;22m▜[48;2;0;5;0m[38;2;29;71;22m▌[48;2;0;0;0m[38;2;2;24;0m▐[38;2;0;9;0m▌[38;2;0;0;0m▘[0m
[48;2;0;0;0m[38;2;0;0;0m▘[38;2;0;3;0m▐[38;2;0;14;0m▌[38;2;24;61;17m▐[48;2;23;70;19m[38;2;39;77;29m▄[48;2;23;58;17m[38;2;27;69;21m▀[48;2;6;31;3m[38;2;74;127;62m▖[48;2;0;12;0m[38;2;13;40;7m▜[48;2;0;2;0m[38;2;32;57;20m▖[48;2;0;1;0m[38;2;0;2;0m▞[48;2;0;3;0m[38;2;0;10;0m▀[48;2;0;1;0m[38;2;0;5;0m▀[48;2;0;0;0m[38;2;0;3;0m▀[48;2;0;1;0m[38;2;5;17;1m▞[48;2;0;2;0m[38;2;0;6;0m▝[48;2;0;4;0m[38;2;0;7;0m▀[48;2;0;9;0m[38;2;3;26;0m▗[48;2;0;6;0m[38;2;0;9;0m▛[48;2;0;7;0m[38;2;50;73;26m▗[38;2;9;27;2m▖[48;2;0;10;0m[38;2;2;25;0m▝[48;2;12;25;4m[38;2;86;120;57m▗[48;2;1;21;0m[38;2;60;94;43m▖[48;2;1;30;1m[38;2;22;58;19m▜[48;2;2;17;0m[38;2;23;46;8m▀[48;2;58;78;25m[38;2;98;128;58m▜[48;2;28;58;16m[38;2;46;76;26m▛[48;2;0;26;0m[38;2;44;80;28m▐[48;2;68;125;60m[38;2;104;150;72m▖[48;2;33;76;35m[38;2;57;106;50m▄[48;2;51;97;46m[38;2;68;118;57m▝[48;2;70;124;58m[38;2;104;162;86m▞[48;2;0;16;0m[38;2;107;163;90m▙[48;2;0;13;0m[38;2;21;39;8m▗[48;2;0;6;0m[38;2;0;14;0m▗[48;2;0;8;0m[38;2;0;19;0m▖[48;2;0;9;0m[38;2;39;67;32m▝[48;2;0;4;0m[38;2;0;10;0m▜[48;2;0;13;0m[38;2;8;32;3m▖[48;2;0;10;0m[38;2;0;16;0m▜[48;2;56;100;49m[38;2;130;188;111m▗[48;2;18;49;10m[38;2;87;126;61m▖[48;2;5;26;2m[38;2;91;132;59m▀[48;2;2;17;0m[38;2;60;93;34m▘[48;2;0;13;0m[38;2;22;33;3m▜[48;2;6;21;0m[38;2;66;58;24m▄[48;2;2;19;0m[38;2;25;30;5m▄[48;2;0;3;0m[38;2;0;9;0m▜[48;2;0;7;0m[38;2;0;14;0m▀[48;2;0;13;0m[38;2;27;55;18m▗[48;2;0;11;0m[38;2;87;126;72m▖[48;2;0;10;0m[38;2;0;16;0m▝[48;2;0;15;0m[38;2;99;147;81m▝[48;2;21;63;18m[38;2;93;140;74m▗[48;2;32;66;26m[38;2;117;162;94m▖[48;2;0;12;0m[38;2;18;40;7m▘[48;2;6;30;0m[38;2;33;69;24m▟[48;2;12;49;10m[38;2;80;123;61m▗[48;2;0;37;2m[38;2;98;150;83m▄[48;2;3;47;7m[38;2;88;138;73m▄[48;2;3;27;0m[38;2;52;97;42m▌[48;2;0;7;0m[38;2;14;34;2m▘[48;2;10;31;2m[38;2;32;68;24m▝[48;2;9;28;4m[38;2;56;90;40m▀[48;2;0;19;0m[38;2;52;82;39m▖[48;2;0;1;0m[38;2;0;9;0m▌[48;2;0;7;0m[38;2;6;26;2m▟[48;2;12;23;11m[38;2;73;80;70m▗[48;2;72;81;70m[38;2;77;85;75m▟[48;2;48;60;44m▙[48;2;0;4;0m[38;2;32;47;26m▙[48;2;17;38;8m[38;2;39;77;27m▐[48;2;14;47;8m[38;2;38;74;28m▖[48;2;26;62;18m[38;2;44;85;32m▖[48;2;0;0;0m[38;2;24;56;12m▌[38;2;1;17;0m▐[38;2;0;4;0m▌[38;2;0;0;0m▘[0m
[48;2;0;0;0m[38;2;0;0;0m▘▘[38;2;0;10;0m▌[48;2;2;9;0m[38;2;24;46;18m▗[48;2;18;46;16m[38;2;28;56;21m▖[48;2;12;36;10m[38;2;38;73;31m▝[48;2;33;62;25m[38;2;54;94;42m▘[48;2;0;0;0m[38;2;0;12;0m▙[48;2;0;1;0m[38;2;0;11;0m▟[38;2;1;14;0m▌[48;2;0;0;0m[38;2;0;0;0m▘▘[48;2;0;2;0m[38;2;7;16;0m▗[48;2;0;0;0m[38;2;0;3;0m▘[38;2;0;1;0m▝[48;2;0;2;0m[38;2;0;4;0m▝[48;2;13;28;9m[38;2;85;126;64m▝[48;2;0;4;0m[38;2;0;12;0m▘[48;2;0;2;0m[38;2;0;3;0m▀[48;2;0;6;0m[38;2;8;23;1m▚[48;2;0;10;0m[38;2;0;19;0m▟[48;2;50;73;21m[38;2;77;104;42m▛[48;2;83;121;58m[38;2;124;176;96m▘[48;2;7;34;1m[38;2;25;60;21m▟[48;2;22;44;16m[38;2;57;92;50m▖[48;2;44;67;28m[38;2;115;160;82m▗[48;2;18;45;8m[38;2;56;91;51m▄[48;2;25;58;19m[38;2;72;104;49m▗[48;2;65;99;45m[38;2;79;117;54m▝[48;2;13;44;13m[38;2;35;73;32m▛[48;2;14;43;12m[38;2;33;71;31m▛[48;2;35;63;28m[38;2;65;110;52m▀[48;2;50;90;41m[38;2;142;205;126m▝[48;2;0;4;0m[38;2;27;54;16m▙[48;2;0;10;0m[38;2;3;21;0m▗[38;2;16;40;12m▝[48;2;0;3;0m[38;2;0;9;0m▖[48;2;1;20;0m[38;2;18;40;8m▖[48;2;0;8;0m[38;2;5;28;2m▚[48;2;0;6;0m[38;2;0;8;0m▛[48;2;0;14;0m[38;2;2;24;0m▝[48;2;0;7;0m[38;2;0;14;0m▀[38;2;9;21;0m▝[48;2;0;11;0m[38;2;8;17;0m▚[48;2;4;9;0m[38;2;30;32;7m▖[48;2;32;34;7m[38;2;66;56;24m▗[48;2;3;7;0m[38;2;45;42;13m▖[48;2;0;2;0m[38;2;1;15;0m▙[48;2;0;0;0m[38;2;0;3;0m▜[48;2;0;4;0m[38;2;0;7;0m▜[48;2;0;7;0m[38;2;4;30;3m▖[48;2;5;23;3m[38;2;103;147;88m▝[48;2;0;12;0m[38;2;45;79;36m▘[48;2;0;9;0m[38;2;45;75;32m▗[48;2;1;21;0m[38;2;66;100;49m▝[48;2;12;34;6m[38;2;62;98;45m▘[48;2;0;11;0m[38;2;0;18;0m▗[38;2;70;109;57m▗[48;2;8;36;4m[38;2;108;154;88m▖[48;2;0;8;0m[38;2;19;47;12m▀[38;2;0;16;0m▖[48;2;9;35;2m[38;2;64;97;42m▀[48;2;0;9;0m[38;2;13;38;6m▀[48;2;0;4;0m[38;2;0;6;0m▞[48;2;0;13;0m[38;2;39;68;28m▘[48;2;0;1;0m[38;2;3;16;0m▝[48;2;0;3;0m[38;2;2;15;0m▘[48;2;0;0;0m[38;2;1;8;0m▝[48;2;0;6;0m[38;2;66;74;64m▜[48;2;15;28;15m[38;2;73;82;72m▘[48;2;0;3;0m[38;2;0;11;0m▐[48;2;0;7;0m[38;2;6;27;1m▝[48;2;0;3;0m[38;2;7;26;1m▘[48;2;0;8;0m[38;2;22;43;10m▛[48;2;2;9;0m[38;2;22;51;13m▖[48;2;0;0;0m[38;2;0;11;0m▐[38;2;0;1;0m▘[38;2;0;0;0m▘[0m
[48;2;0;0;0m[38;2;0;0;0m▘▘[38;2;0;6;0m▌[38;2;21;42;15m▐[48;2;23;46;15m[38;2;46;78;39m▀[48;2;26;49;20m[38;2;45;76;36m▛[48;2;0;1;0m[38;2;0;9;0m▘[48;2;0;12;0m[38;2;12;33;4m▖[48;2;5;29;3m[38;2;69;110;49m▝[48;2;1;10;0m[38;2;57;92;44m▘[48;2;0;0;0m[38;2;0;0;0m▘[48;2;0;1;0m[38;2;7;19;0m▖[48;2;0;0;0m[38;2;0;2;0m▘[38;2;0;0;0m▘[38;2;0;1;0m▝[48;2;0;2;0m[38;2;0;6;0m▝[48;2;0;0;0m[38;2;0;2;0m▘▐[48;2;0;3;0m[38;2;14;33;4m▘[48;2;0;2;0m[38;2;0;6;0m▝[48;2;4;16;0m[38;2;20;48;14m▗[48;2;2;28;0m[38;2;63;99;55m▄[48;2;31;63;24m[38;2;58;97;50m▟[48;2;21;54;19m[38;2;54;87;46m▙[48;2;37;60;30m[38;2;62;96;53m▜[48;2;12;37;10m[38;2;32;58;26m▙[48;2;10;42;10m[38;2;34;67;34m▙[48;2;0;12;0m[38;2;37;72;33m▜[48;2;66;96;50m[38;2;108;128;60m▝[48;2;2;34;12m[38;2;49;83;44m▙[48;2;0;22;0m[38;2;40;73;38m▙[48;2;3;28;2m[38;2;40;69;33m▟[48;2;51;86;42m[38;2;58;93;49m▞[48;2;9;29;3m[38;2;63;100;52m▌[48;2;0;10;0m[38;2;17;33;1m▀[48;2;23;41;11m[38;2;78;105;39m▝[48;2;6;18;3m[38;2;54;76;22m▘[48;2;0;4;0m[38;2;0;15;0m▖[48;2;0;2;0m[38;2;0;7;0m▝[48;2;0;5;0m[38;2;1;14;0m▗[48;2;0;3;0m[38;2;0;4;0m▀▀[38;2;2;18;0m▗[48;2;0;0;0m[38;2;0;4;0m▌[48;2;4;10;0m[38;2;37;36;9m▄[48;2;0;2;0m[38;2;43;41;11m▀[38;2;50;46;15m▘[38;2;16;34;7m▝[38;2;18;32;6m▖[38;2;0;6;0m▝[48;2;0;4;0m[38;2;0;14;0m▘[48;2;0;6;0m[38;2;4;27;2m▝[48;2;2;13;0m[38;2;87;120;66m▘[48;2;0;3;0m[38;2;0;8;0m▝[48;2;0;4;0m[38;2;0;13;0m▗[48;2;0;3;0m[38;2;0;7;0m▟[48;2;3;21;1m[38;2;74;110;61m▘[48;2;0;7;0m[38;2;6;25;0m▖[48;2;0;4;0m[38;2;0;17;0m▀[48;2;0;13;0m[38;2;55;91;41m▀[48;2;0;2;0m[38;2;0;4;0m▘[48;2;0;13;0m[38;2;22;50;15m▄[38;2;53;92;37m▄[48;2;0;2;0m[38;2;0;19;0m▖[48;2;0;0;0m[38;2;0;1;0m▛[38;2;0;0;0m▘[38;2;0;4;0m▝[38;2;4;12;0m▘[38;2;15;22;13m▝[48;2;0;1;0m[38;2;0;6;0m▘[48;2;0;0;0m[38;2;0;1;0m▙[38;2;0;0;0m▘[38;2;0;3;0m▘[38;2;33;62;24m▝[38;2;31;61;21m▘[48;2;0;1;0m[38;2;0;9;0m▝[48;2;0;0;0m[38;2;0;0;0m▘▘[0m
[48;2;0;0;0m[38;2;0;0;0m▘▘[38;2;0;2;0m▘[38;2;0;0;0m▘[48;2;0;4;0m[38;2;25;48;14m▝[48;2;0;0;0m[38;2;15;33;5m▌[48;2;0;1;0m[38;2;14;32;3m▝[38;2;0;2;0m▄▄[38;2;0;13;0m▗[48;2;0;2;0m[38;2;0;9;0m▖[48;2;0;0;0m[38;2;0;1;0m▗▄▄[38;2;0;2;0m▄[48;2;0;1;0m[38;2;0;3;0m▗[48;2;0;2;0m▄▗[38;2;0;8;0m▖[48;2;0;7;0m[38;2;26;54;16m▗[48;2;1;10;0m[38;2;36;66;26m▝[48;2;11;35;7m[38;2;82;123;67m▀[48;2;1;21;0m[38;2;52;84;40m▀[48;2;0;11;0m[38;2;25;52;19m▚[48;2;0;5;0m[38;2;0;15;0m▐[48;2;11;40;7m[38;2;37;74;32m▐[48;2;3;20;3m[38;2;39;76;36m▝[48;2;1;18;1m[38;2;32;64;32m▝[48;2;11;33;5m[38;2;25;52;19m▘[48;2;11;33;9m[38;2;40;70;31m▖[48;2;0;20;0m[38;2;55;87;46m▀[48;2;3;23;2m[38;2;54;88;45m▚[48;2;0;12;0m[38;2;48;76;37m▗[48;2;0;9;0m[38;2;58;85;37m▖[48;2;0;1;0m[38;2;7;28;0m▗[48;2;0;5;0m[38;2;26;51;16m▝[48;2;4;19;2m[38;2;105;135;70m▝[48;2;0;7;0m[38;2;9;26;3m▝[48;2;0;3;0m[38;2;0;7;0m▌[48;2;0;7;0m[38;2;16;38;9m▗[48;2;0;3;0m[38;2;0;4;0m▖[48;2;0;4;0m[38;2;0;20;0m▗[48;2;5;22;3m[38;2;90;132;74m▖[48;2;0;1;0m[38;2;0;3;0m▙▝▛[48;2;0;2;0m[38;2;0;2;0m▘[48;2;0;0;0m▖[48;2;1;12;0m[38;2;14;32;7m▝[48;2;0;1;0m[38;2;0;3;0m▝[48;2;0;3;0m[38;2;0;4;0m▝▀▘[38;2;0;3;0m▘[48;2;4;20;2m[38;2;111;151;84m▝[48;2;0;7;0m[38;2;9;33;3m▘[48;2;0;3;0m[38;2;0;4;0m▘[48;2;0;2;0m[38;2;30;49;10m▝[48;2;0;3;0m[38;2;12;34;4m▖[38;2;0;4;0m▄▄[48;2;3;17;0m[38;2;81;110;49m▝[48;2;5;18;0m[38;2;72;99;38m▘[48;2;0;3;0m[38;2;0;7;0m▌[48;2;0;1;0m[38;2;0;2;0m▄[48;2;0;0;0m▖[38;2;0;1;0m▄▖[48;2;0;2;0m[38;2;17;28;2m▚[48;2;0;1;0m[38;2;0;3;0m▄[38;2;0;2;0m▄[48;2;0;6;0m[38;2;46;76;33m▝[48;2;0;1;0m[38;2;0;3;0m▖[48;2;0;0;0m[38;2;0;0;0m▘▘[38;2;0;2;0m▝[38;2;0;0;0m▘▘[0m
[48;2;0;0;0m[38;2;0;0;0m▘▘▘▘[48;2;0;3;0m[38;2;18;45;13m▀[48;2;0;8;0m[38;2;22;52;18m▀[48;2;0;13;0m[38;2;19;53;15m▀[48;2;0;16;0m[38;2;18;50;15m▀[38;2;18;49;16m▀[48;2;3;29;1m[38;2;18;48;16m▀[48;2;10;38;7m[38;2;26;58;20m▗[48;2;0;23;0m[38;2;42;81;36m▄[48;2;0;14;0m[38;2;60;107;55m▄[48;2;0;10;0m[38;2;63;113;58m▄[48;2;0;8;0m[38;2;63;114;57m▄[38;2;67;115;59m▄[48;2;0;7;0m[38;2;63;109;57m▄[38;2;53;96;47m▄[48;2;0;6;0m[38;2;42;82;36m▄[48;2;7;25;2m[38;2;29;64;24m▄[48;2;0;10;0m[38;2;16;48;11m▄[48;2;0;5;0m[38;2;9;38;4m▄[48;2;0;7;0m[38;2;3;34;1m▄[48;2;0;8;0m[38;2;3;32;1m▄[48;2;0;6;0m[38;2;3;32;3m▄[48;2;0;7;0m[38;2;6;33;3m▄[48;2;0;4;0m[38;2;2;27;2m▟[48;2;0;6;0m[38;2;1;27;1m▄[48;2;0;3;0m[38;2;1;25;0m▄[38;2;10;34;5m▟[48;2;4;27;2m[38;2;37;67;28m▝[48;2;0;6;0m[38;2;1;24;0m▟[48;2;0;11;0m[38;2;0;24;0m▄[48;2;0;4;0m[38;2;1;21;0m▙[38;2;0;21;0m▄[48;2;0;6;0m▄[48;2;2;26;0m[38;2;24;49;13m▀[48;2;0;6;0m[38;2;0;20;0m▄▄[48;2;0;7;0m[38;2;1;21;0m▟[48;2;0;4;0m[38;2;0;18;0m▄▄[48;2;0;7;0m[38;2;0;19;0m▄[48;2;0;3;0m[38;2;0;21;0m▄[38;2;1;22;0m▄[48;2;0;4;0m[38;2;2;23;0m▄[38;2;1;22;0m▄[48;2;0;3;0m[38;2;0;21;0m▄[48;2;0;2;0m[38;2;2;21;0m▟[48;2;0;3;0m[38;2;8;32;3m▙[48;2;0;4;0m[38;2;5;29;2m▄[38;2;6;32;3m▄[38;2;7;32;2m▄[48;2;0;5;0m[38;2;7;34;3m▄[48;2;0;8;0m[38;2;8;37;4m▄[38;2;8;37;2m▄[48;2;0;6;0m[38;2;7;38;3m▄[48;2;0;5;0m[38;2;15;47;11m▄[48;2;6;23;2m[38;2;27;64;22m▄[48;2;0;7;0m[38;2;39;80;34m▄[48;2;0;8;0m[38;2;52;94;45m▄[48;2;0;11;0m[38;2;62;109;57m▄[48;2;0;13;0m[38;2;68;117;62m▄[48;2;0;11;0m[38;2;70;116;61m▄[48;2;0;9;0m[38;2;69;115;61m▄[48;2;0;12;0m[38;2;65;107;58m▄[48;2;0;20;0m[38;2;46;86;40m▄[48;2;8;36;6m[38;2;30;64;24m▖[48;2;5;33;3m[38;2;22;51;15m▝[48;2;0;19;0m[38;2;19;49;14m▀[48;2;0;16;0m[38;2;16;49;14m▀[48;2;0;14;0m[38;2;20;52;14m▀[48;2;0;11;0m[38;2;27;64;24m▀[48;2;0;6;0m[38;2;27;62;23m▀[48;2;0;0;0m[38;2;0;0;0m▘▘▘▘[0m
[48;2;0;0;0m[38;2;0;0;0m▘▘▘▘[38;2;0;1;0m▝[38;2;0;3;0m▀[38;2;0;6;0m▀▀[48;2;0;2;0m[38;2;0;7;0m▀[48;2;0;4;0m▀▀▀▜[48;2;0;6;0m▀[48;2;0;7;0m[38;2;0;9;0m▝[48;2;0;8;0m[38;2;0;12;0m▝[38;2;0;14;0m▀[48;2;0;7;0m[38;2;0;16;0m▀[48;2;0;8;0m[38;2;0;19;0m▀[48;2;0;7;0m[38;2;0;20;0m▀[48;2;0;8;0m[38;2;0;23;0m▀[48;2;0;10;0m[38;2;2;26;0m▀[48;2;0;11;0m▀[48;2;0;12;0m[38;2;2;29;0m▀[48;2;0;11;0m[38;2;3;32;0m▀[48;2;0;12;0m[38;2;4;33;0m▀[48;2;0;13;0m[38;2;5;35;0m▀[38;2;8;38;0m▀[48;2;0;14;0m[38;2;12;43;3m▀[48;2;0;13;0m[38;2;18;52;9m▀[48;2;0;14;0m[38;2;26;60;18m▀[48;2;0;15;0m[38;2;32;68;23m▀[48;2;0;17;0m[38;2;39;76;28m▀[38;2;41;83;33m▀[38;2;48;91;39m▀[48;2;0;16;0m[38;2;52;97;42m▀[48;2;0;17;0m[38;2;56;101;46m▀[48;2;0;18;0m[38;2;59;105;49m▀[38;2;62;110;52m▀[38;2;62;110;53m▀[38;2;62;107;52m▀[48;2;0;16;0m[38;2;59;104;50m▀[38;2;57;100;45m▀[48;2;0;15;0m[38;2;49;92;41m▀[38;2;44;86;35m▀[48;2;0;14;0m[38;2;38;78;30m▀[48;2;0;15;0m[38;2;34;69;25m▀[48;2;0;14;0m[38;2;27;63;20m▀[38;2;21;54;12m▀[38;2;11;45;5m▀[38;2;8;41;2m▀[48;2;0;13;0m[38;2;7;37;0m▀[48;2;0;10;0m[38;2;4;34;0m▀[48;2;0;12;0m[38;2;4;32;0m▀[48;2;0;13;0m[38;2;3;32;0m▀[38;2;2;30;0m▀[38;2;2;27;0m▀[48;2;0;10;0m[38;2;1;24;0m▀[48;2;0;9;0m[38;2;0;21;0m▀[38;2;0;20;0m▀[48;2;0;10;0m[38;2;0;19;0m▀[38;2;0;15;0m▀[48;2;0;8;0m[38;2;0;12;0m▀▀[38;2;0;9;0m▌[48;2;0;7;0m[38;2;0;8;0m▀[48;2;0;6;0m▀[48;2;0;4;0m[38;2;0;7;0m▜[48;2;0;6;0m▀[48;2;0;3;0m▀[48;2;0;1;0m[38;2;0;6;0m▀[48;2;0;0;0m[38;2;0;5;0m▀▀[38;2;0;3;0m▘[38;2;0;0;0m▘▘▘▘[0m
[48;2;0;0;0m[38;2;0;0;0m▘▘▘▘▘[48;2;0;1;0m[38;2;0;7;0m▗[48;2;0;0;0m[38;2;0;11;0m▄[38;2;0;12;0m▄[38;2;0;10;0m▄[38;2;0;7;0m▄[38;2;0;4;0m▄[38;2;0;2;0m▖[38;2;0;0;0m▘▘▘▘▘▘[38;2;0;1;0m▝[38;2;0;2;0m▝[38;2;0;3;0m▀[38;2;0;4;0m▀[38;2;0;6;0m▀[38;2;0;7;0m▀▀[38;2;0;8;0m▀[38;2;0;7;0m▀[38;2;0;8;0m▀▀▀[38;2;0;9;0m▀[38;2;0;10;0m▀[38;2;0;9;0m▀▀▀▀▀▀▀▀[38;2;0;10;0m▀[38;2;0;9;0m▀[38;2;0;11;0m▀[38;2;0;9;0m▀▀[38;2;0;8;0m▀▀▀▀[38;2;0;9;0m▀[38;2;0;8;0m▀▀▀[38;2;0;9;0m▀[38;2;0;8;0m▀[38;2;0;7;0m▀▀[38;2;0;4;0m▀▀[38;2;0;2;0m▀▘[38;2;0;1;0m▀[38;2;0;0;0m▘▘▘▘[38;2;0;1;0m▗[38;2;0;3;0m▄[38;2;0;5;0m▄[38;2;0;10;0m▄[38;2;0;12;0m▄[38;2;0;13;0m▄[38;2;0;8;0m▄[38;2;0;1;0m▖[38;2;0;0;0m▘▘▘▘[0m
[48;2;0;0;0m[38;2;0;0;0m▘▘▘▘▘▘[38;2;0;1;0m▝[38;2;0;3;0m▀▀[38;2;0;4;0m▀[38;2;0;7;0m▀[38;2;0;8;0m▀[38;2;0;9;0m▀[48;2;0;1;0m[38;2;0;10;0m▀[38;2;0;12;0m▀[48;2;0;0;0m[38;2;0;13;0m▀[48;2;0;4;0m[38;2;0;14;0m▀[48;2;0;6;0m[38;2;0;15;0m▀[38;2;0;16;0m▀▀[48;2;0;7;0m▀[38;2;0;14;0m▀[38;2;0;12;0m▀[48;2;0;8;0m[38;2;0;9;0m▘[48;2;0;7;0m[38;2;0;8;0m▄[48;2;0;6;0m[38;2;0;9;0m▄[48;2;0;4;0m▄[48;2;0;3;0m▄[48;2;0;2;0m▄[48;2;0;1;0m[38;2;0;10;0m▄▄[48;2;0;0;0m[38;2;0;13;0m▄▄[38;2;0;14;0m▄▄▄[38;2;0;15;0m▄▄▄[38;2;0;16;0m▄▄[38;2;0;15;0m▄[38;2;0;14;0m▄▄▄[38;2;0;13;0m▄▄[38;2;0;12;0m▄[38;2;0;10;0m▄▄[48;2;0;1;0m[38;2;0;9;0m▄[48;2;0;3;0m▄▄[48;2;0;5;0m▄[48;2;0;7;0m[38;2;0;8;0m▟▀[48;2;0;8;0m[38;2;0;12;0m▝[48;2;0;7;0m[38;2;0;14;0m▀[38;2;0;16;0m▀[48;2;0;5;0m[38;2;0;18;0m▀[38;2;0;16;0m▀[48;2;0;3;0m[38;2;0;14;0m▀[48;2;0;2;0m▀[48;2;0;0;0m[38;2;0;13;0m▀[48;2;0;1;0m[38;2;0;12;0m▀[48;2;0;0;0m[38;2;0;10;0m▀[38;2;0;9;0m▀[38;2;0;8;0m▀[38;2;0;6;0m▀[38;2;0;4;0m▀▀[38;2;0;1;0m▘[38;2;0;0;0m▘▘▘▘▘▘[0m
[48;2;0;0;0m[38;2;0;0;0m▘▘▘▘▘▘▘▘▘▘▘▘▘▘▘▘▘▘▘▘▘▘▘▘▘▘▘▘▘▘▘▘[38;2;0;2;0m▀▀[38;2;0;3;0m▀▝▀▀[38;2;0;4;0m▀▀▀[38;2;0;3;0m▀▀▀[38;2;0;2;0m▘▀[38;2;0;0;0m▘[38;2;0;1;0m▘[38;2;0;0;0m▘[38;2;0;1;0m▘[38;2;0;0;0m▘▘▘▘▘▘▘▘▘▘▘▘▘▘▘▘▘▘▘▘▘▘▘▘▘▘▘▘[0m
