[48;2;0;0;0m[38;2;0;0;0m▘▘▘▘▘▘▘▘▘▘▘▘▘▘▘▘▘▘▘▘▘▘▘▘▘▘▘▘▘▘▘▘▘▘▘▘▘▘▘▘▘▘▘▘▘▘▘▘▘▘▘▘▘▘▘▘▘▘▘▘▘▘▘▘▘▘▘▘▘▘▘▘▘▘▘▘▘▘▘▘▘▘▘▘▘▘▘▘▘▘[38;2;0;3;0m▗[48;2;0;4;0m[38;2;0;16;0m▗[48;2;0;2;0m[38;2;2;20;0m▄[48;2;0;5;0m[38;2;13;28;0m▄[48;2;0;8;0m[38;2;50;57;0m▄[48;2;0;8;3m[38;2;59;60;0m▄[48;2;0;9;2m[38;2;62;63;0m▄[48;2;4;14;0m[38;2;56;63;0m▖[48;2;0;4;1m[38;2;9;25;0m▄[48;2;0;6;3m[38;2;28;41;0m▄[48;2;0;7;4m[38;2;31;46;0m▄[48;2;0;10;2m[38;2;54;62;0m▄[48;2;0;7;0m[38;2;54;56;0m▄[48;2;0;5;2m[38;2;40;51;0m▄[48;2;0;8;2m[38;2;43;50;0m▄[48;2;0;12;4m[38;2;70;76;0m▄[48;2;0;9;2m[38;2;71;74;0m▄[48;2;0;12;0m[38;2;66;68;0m▄[48;2;0;8;15m[38;2;33;52;50m▄[48;2;0;15;26m[38;2;45;90;135m▄[48;2;0;17;33m[38;2;46;93;141m▄[48;2;0;14;33m[38;2;46;93;140m▄[38;2;46;93;139m▄[38;2;49;92;139m▄[48;2;0;15;26m[38;2;49;93;136m▄[38;2;46;93;139m▄[48;2;0;17;29m[38;2;48;93;139m▄[38;2;48;94;138m▄[48;2;0;14;26m[38;2;47;94;136m▄[38;2;47;92;140m▄[48;2;0;15;26m[38;2;47;92;141m▄[38;2;47;94;141m▄[48;2;0;14;26m[38;2;46;93;141m▄[48;2;0;15;21m[38;2;46;93;140m▄[48;2;0;11;21m[38;2;81;96;123m▄[48;2;7;16;16m[38;2;122;93;93m▄[48;2;3;16;14m[38;2;131;93;86m▄[48;2;0;18;12m[38;2;136;94;80m▄[48;2;0;16;13m[38;2;138;93;81m▄[48;2;0;13;13m[38;2;134;93;80m▄[48;2;2;13;22m[38;2;132;93;85m▄[48;2;4;13;21m[38;2;135;91;81m▄[48;2;4;13;18m[38;2;135;92;81m▄[48;2;3;16;16m[38;2;136;92;81m▄[48;2;3;16;19m[38;2;135;93;81m▄[48;2;4;14;20m[38;2;135;93;80m▄[48;2;4;14;23m[38;2;135;94;79m▄[48;2;3;16;16m[38;2;135;93;79m▄[48;2;3;16;19m[38;2;135;94;77m▄[38;2;134;95;78m▄[48;2;0;19;19m[38;2;91;92;111m▄[48;2;0;14;26m[38;2;63;88;132m▄[48;2;0;14;20m[38;2;54;91;131m▄[48;2;0;19;25m[38;2;47;92;142m▄[48;2;0;19;29m[38;2;47;93;145m▄[48;2;0;17;26m[38;2;46;93;140m▄[48;2;0;14;26m[38;2;46;93;141m▄▄▄▄[48;2;0;14;30m[38;2;46;94;141m▄[48;2;0;15;30m[38;2;46;93;141m▄[48;2;0;14;33m[38;2;48;93;141m▄[48;2;0;15;26m[38;2;46;93;141m▄[48;2;0;14;26m▄▄▄▄[48;2;0;15;26m▄[38;2;45;93;140m▄[38;2;44;93;139m▄[38;2;43;93;140m▄[48;2;0;14;30m[38;2;44;93;139m▄[48;2;0;14;33m[38;2;51;92;136m▄[48;2;0;14;26m[38;2;63;94;129m▄[38;2;62;94;127m▄[48;2;0;14;20m[38;2;50;93;139m▄[48;2;0;15;26m[38;2;44;92;141m▄[48;2;0;15;24m[38;2;44;93;139m▄[48;2;0;15;26m[38;2;45;92;140m▄[38;2;46;93;138m▄[48;2;0;14;30m▄[48;2;0;14;33m▄[48;2;0;14;26m[38;2;46;93;139m▄[38;2;46;93;138m▄[48;2;0;15;26m[38;2;45;92;138m▄[38;2;45;92;140m▄[38;2;44;92;140m▄[48;2;0;14;26m[38;2;45;92;140m▄[48;2;0;15;26m[38;2;47;92;140m▄[48;2;0;14;26m[38;2;46;93;140m▄[48;2;0;14;30m[38;2;45;92;140m▄[48;2;0;14;33m[38;2;45;92;138m▄[48;2;0;15;26m▄▄[48;2;0;14;26m[38;2;44;91;139m▄[48;2;0;17;29m[38;2;44;91;136m▄[48;2;0;19;32m[38;2;44;91;139m▄[48;2;0;15;26m[38;2;44;92;138m▄[48;2;0;12;27m[38;2;45;92;138m▄[48;2;0;9;25m[38;2;45;91;139m▄[48;2;0;15;26m[38;2;44;92;139m▄[38;2;44;92;138m▄[38;2;44;92;139m▄[38;2;45;92;140m▄[38;2;45;92;138m▄[48;2;0;15;30m[38;2;44;92;138m▄[48;2;0;14;33m[38;2;45;92;138m▄[48;2;0;12;24m[38;2;45;92;139m▄[48;2;0;11;16m[38;2;43;89;138m▄[0m
[48;2;0;0;0m[38;2;0;0;0m▘▘▘▘▘▘▘▘▘▘▘▘▘▘▘▘▘▘▘▘▘▘▘▘▘▘▘▘▘▘▘▘▘▘▘▘▘▘▘▘▘▘▘▘▘▘▘▘▘▘▘▘▘▘▘▘▘▘▘▘▘▘▘▘▘▘▘▘▘▘▘▘▘▘▘▘▘▘▘▘▘▘▘▘▘▘▘▘▘▘[38;2;0;3;0m▐[48;2;0;17;0m[38;2;15;31;0m▐[48;2;15;21;0m[38;2;25;34;0m▛[48;2;29;38;0m[38;2;58;68;0m▐[48;2;97;98;0m[38;2;130;121;0m▝[48;2;96;93;0m[38;2;132;123;0m▀[48;2;95;95;0m[38;2;129;125;0m▀[48;2;54;60;0m[38;2;95;98;0m▙[48;2;30;37;0m[38;2;34;44;0m▟[48;2;58;66;0m[38;2;85;87;0m▐[48;2;102;100;0m[38;2;109;105;0m▗[48;2;112;108;0m[38;2;128;122;0m▝[48;2;111;109;0m[38;2;129;126;0m▜[48;2;75;81;0m[38;2;91;93;0m▛[38;2;97;102;0m▗[48;2;105;107;0m[38;2;142;142;0m▝[38;2;146;142;0m▀[48;2;115;115;0m[38;2;134;133;0m▜[48;2;94;117;55m[38;2;136;135;0m▙[48;2;95;125;105m[38;2;94;171;243m▝[48;2;93;182;255m[38;2;93;189;255m▐[48;2;94;189;255m[38;2;106;188;255m▗[48;2;99;188;255m[38;2;171;184;228m▄[38;2;182;194;220m▄[48;2;99;189;255m[38;2;144;200;242m▖[48;2;94;188;255m[38;2;94;189;255m▛[48;2;92;190;255m▀[48;2;94;188;255m▀▀[48;2;94;187;255m[38;2;94;188;255m▙▟[48;2;93;189;255m[38;2;93;189;255m▘[48;2;94;188;255m▙[48;2;93;189;255m[38;2;94;190;255m▗[48;2;96;189;255m[38;2;133;187;254m▝[48;2;96;188;255m[38;2;166;184;235m▀[48;2;113;187;255m[38;2;210;182;201m▀[48;2;147;187;245m[38;2;255;182;172m▀[48;2;149;187;243m[38;2;255;181;170m▀[48;2;144;186;251m[38;2;251;181;174m▀[48;2;116;187;255m[38;2;220;183;194m▀[48;2;152;193;241m[38;2;222;187;192m▜[48;2;255;179;154m[38;2;240;199;182m▄[48;2;255;179;145m[38;2;253;201;171m▄[48;2;255;185;148m[38;2;255;214;170m▄[48;2;255;191;147m[38;2;255;225;162m▄[48;2;255;201;146m[38;2;255;238;147m▄[48;2;255;201;145m[38;2;255;237;139m▄[48;2;255;199;140m[38;2;255;227;151m▄[48;2;255;191;140m[38;2;255;216;161m▄[48;2;242;187;174m[38;2;253;210;170m▖[48;2;218;185;195m[38;2;250;210;173m▄[48;2;188;192;215m[38;2;249;220;179m▄[48;2;141;198;247m[38;2;220;224;201m▄[48;2;104;189;255m[38;2;161;208;241m▄[48;2;96;188;255m[38;2;138;205;255m▖[48;2;93;187;255m[38;2;93;189;255m▄[38;2;94;190;255m▟[48;2;93;189;255m▄[48;2;94;189;255m▄[48;2;94;188;255m▄[48;2;94;187;255m[38;2;94;188;255m▄[48;2;94;189;255m[38;2;94;190;255m▄[48;2;94;188;255m[38;2;95;190;255m▄[48;2;95;188;255m[38;2;96;190;255m▖[48;2;94;188;255m[38;2;95;189;255m▞[48;2;93;189;255m[38;2;94;189;255m▘[48;2;91;189;255m[38;2;92;190;255m▄[48;2;92;189;255m[38;2;102;188;255m▗[48;2;91;189;255m[38;2;127;186;255m▄[48;2;93;188;255m[38;2;124;187;255m▖[48;2;90;189;255m[38;2;97;187;255m▄[48;2;109;187;255m[38;2;190;184;213m▗[48;2;163;187;233m[38;2;252;183;166m▄[48;2;237;185;177m[38;2;239;186;172m▐[48;2;232;206;176m[38;2;255;226;138m▗[48;2;117;194;254m[38;2;215;220;185m▙[48;2;92;188;255m[38;2;115;192;255m▖[48;2;93;187;255m[38;2;93;189;255m▟[38;2;94;188;255m▄[38;2;95;188;255m▟[48;2;93;188;255m[38;2;94;189;255m▄[48;2;93;187;255m[38;2;93;189;255m▖▐[48;2;91;189;255m▙[48;2;92;188;255m[38;2;96;187;255m▗[48;2;93;187;255m[38;2;91;189;255m▜[48;2;94;188;255m[38;2;109;184;255m▗[48;2;90;188;255m[38;2;116;183;255m▄[48;2;92;188;255m[38;2;117;182;255m▄[38;2;117;183;255m▄[48;2;93;187;255m[38;2;118;183;255m▄[48;2;93;188;255m▄[48;2;94;189;255m[38;2;108;184;255m▖[48;2;91;189;255m[38;2;94;188;255m▙[48;2;92;188;255m[38;2;93;189;255m▝[48;2;93;188;255m▀[48;2;93;186;255m[38;2;92;188;255m▛[38;2;91;189;255m▜[48;2;92;188;255m[38;2;92;188;255m▘[38;2;91;189;255m▖[48;2;90;188;255m[38;2;91;188;255m▛[48;2;93;187;255m[38;2;91;189;255m▛[48;2;91;188;255m▖[48;2;91;189;255m[38;2;92;189;255m▚[48;2;90;188;255m[38;2;91;189;255m▜[48;2;90;189;255m[38;2;92;188;255m▖[48;2;92;188;255m[38;2;91;189;255m▀[48;2;90;188;255m[38;2;95;187;255m▙[48;2;99;184;255m[38;2;92;188;255m▌[0m
[48;2;0;0;0m[38;2;0;0;0m▘▘▘▘▘▘▘▘▘▘▘▘▘▘▘▘▘▘▘▘▘▘▘▘▘▘▘▘▘▘▘▘▘▘▘▘▘▘▘▘▘▘▘▘▘▘▘▘▘▘▘▘▘▘▘▘▘▘▘▘▘▘▘▘▘▘▘▘▘▘▘▘▘▘▘▘▘▘▘▘▘▘▘▘▘▘▘▘▘▘[38;2;0;3;0m▐[48;2;0;14;0m[38;2;16;29;0m▐[48;2;15;21;0m[38;2;25;36;0m▙[48;2;22;27;0m[38;2;56;60;0m▝[48;2;45;51;0m[38;2;73;76;0m▀[48;2;41;38;0m[38;2;65;71;0m▀[48;2;14;15;0m[38;2;53;59;0m▀[48;2;30;40;0m[38;2;62;72;0m▝[48;2;27;40;0m[38;2;42;55;0m▘[48;2;31;33;0m[38;2;69;74;0m▀[48;2;41;37;0m[38;2;75;81;0m▀[48;2;67;74;0m[38;2;74;80;0m▀[48;2;46;50;0m[38;2;81;86;0m▛[48;2;42;36;0m[38;2;74;82;0m▀[48;2;46;55;0m[38;2;75;83;0m▛[48;2;79;87;0m[38;2;92;98;0m▀[48;2;67;69;0m[38;2;97;99;0m▀[48;2;82;88;0m[38;2;121;120;0m▝[48;2;109;109;0m[38;2;143;135;0m▜[48;2;120;97;10m[38;2;183;136;114m▐[48;2;161;180;230m[38;2;246;179;167m▄[48;2;127;184;254m[38;2;231;180;183m▟[48;2;255;177;149m[38;2;255;182;165m▀[48;2;255;192;144m[38;2;255;216;150m▜[48;2;183;212;216m[38;2;253;233;152m▙[48;2;111;192;255m[38;2;205;218;205m▖[48;2;94;189;255m[38;2;129;192;252m▄[38;2;116;190;255m▖[48;2;91;190;255m[38;2;92;190;255m▟[48;2;93;189;255m[38;2;94;190;255m▖[48;2;92;190;255m▛[48;2;93;188;255m[38;2;94;189;255m▗[48;2;93;189;255m[38;2;94;190;255m▗[48;2;93;190;255m[38;2;96;192;255m▗[48;2;94;190;255m▌[38;2;94;190;255m▘[48;2;93;190;255m▌[48;2;94;188;255m▄[48;2;93;189;255m▖[38;2;93;190;255m▚[48;2;93;190;255m[38;2;95;190;255m▞[48;2;94;189;255m[38;2;124;194;253m▀[48;2;92;189;255m[38;2;136;196;249m▀[48;2;92;190;255m[38;2;140;195;247m▀[48;2;94;189;255m[38;2;140;199;246m▀[48;2;98;187;255m[38;2;158;205;233m▀[48;2;101;189;255m[38;2;187;211;207m▀[48;2;114;194;254m[38;2;242;229;178m▀[48;2;115;193;255m[38;2;223;221;193m▀[48;2;106;192;255m[38;2;183;212;219m▀[48;2;95;190;255m[38;2;137;195;251m▀[48;2;94;189;255m[38;2;137;197;252m▀[48;2;94;190;255m[38;2;140;200;248m▀[48;2;93;190;255m[38;2;142;198;248m▀[48;2;93;189;255m[38;2;130;199;255m▀[48;2;95;189;255m[38;2;120;196;255m▘[48;2;94;190;255m[38;2;94;190;255m▘▘▘▘▘[48;2;93;189;255m[38;2;93;189;255m▘[48;2;94;190;255m[38;2;94;190;255m▘[48;2;94;188;255m▌[38;2;92;190;255m▗[38;2;93;192;255m▄[48;2;93;190;255m[38;2;94;190;255m▌[48;2;95;188;255m[38;2;145;186;244m▗[48;2;132;188;253m[38;2;228;181;184m▟[48;2;255;178;146m[38;2;244;181;174m▜[48;2;202;181;210m[38;2;249;179;162m▙[48;2;118;183;255m[38;2;211;182;200m▙[48;2;178;182;217m[38;2;252;182;162m▟[48;2;255;178;147m[38;2;255;181;146m▖[48;2;255;178;146m[38;2;255;180;145m▝[48;2;255;191;146m[38;2;255;216;139m▐[48;2;255;232;132m[38;2;255;234;145m▝[48;2;110;187;255m[38;2;216;197;192m▙[48;2;133;192;250m[38;2;255;234;163m▄[48;2;152;185;236m[38;2;255;222;176m▖[48;2;116;183;255m[38;2;199;166;223m▄[48;2;116;184;255m[38;2;199;166;228m▄[48;2;115;183;255m[38;2;198;165;231m▄[48;2;146;176;252m[38;2;207;164;218m▄[48;2;158;174;248m[38;2;211;163;219m▄[38;2;211;161;220m▄[48;2;154;175;246m[38;2;212;160;221m▄[48;2;162;174;244m[38;2;202;163;224m▟[48;2;188;168;231m[38;2;213;162;219m▄[38;2;213;163;219m▄▄[48;2;189;169;231m[38;2;214;163;220m▄[38;2;213;163;220m▄[48;2;168;171;244m[38;2;212;162;217m▄[48;2;159;173;248m[38;2;211;164;218m▄[48;2;158;174;247m[38;2;210;162;218m▄[38;2;208;161;218m▄[48;2;154;173;250m[38;2;207;162;217m▄[48;2;146;176;254m[38;2;203;164;222m▄[48;2;117;182;255m[38;2;196;165;226m▄[48;2;115;182;255m[38;2;195;166;226m▄[48;2;114;183;255m[38;2;190;167;229m▄[48;2;100;186;255m[38;2;136;175;249m▖[48;2;92;188;255m[38;2;116;182;255m▄[48;2;93;189;255m[38;2;103;186;255m▖[48;2;91;189;255m[38;2;95;189;255m▙[48;2;100;188;255m[38;2;162;186;231m▗[48;2;134;185;247m[38;2;237;185;180m▄[48;2;194;184;218m[38;2;255;181;157m▄[48;2;163;181;229m[38;2;255;181;183m▖[0m
[48;2;0;0;0m[38;2;0;0;0m▘▘▘▘▘▘▘▘▘▘▘▘▘▘▘▘▘▘▘▘▘▘▘▘▘▘▘▘▘▘▘▘▘▘▘▘▘▘▘▘▘▘▘▘▘▘▘▘▘▘▘▘▘▘▘▘▘▘▘▘▘▘▘▘▘▘▘▘▘▘▘▘▘▘▘▘▘▘▘▘▘▘▘▘▘▘▘▘▘▘[38;2;0;3;0m▐[48;2;0;4;0m[38;2;5;10;0m▟[48;2;13;14;0m[38;2;23;33;0m▜[48;2;27;37;0m[38;2;27;39;0m▚[48;2;20;27;0m[38;2;29;40;0m▄[48;2;24;5;0m[38;2;24;38;0m▖[48;2;38;0;0m[38;2;39;25;1m▟[48;2;27;35;0m[38;2;74;79;0m▄[48;2;27;37;0m[38;2;54;57;0m▖[48;2;24;13;0m[38;2;24;34;0m▌[48;2;26;0;0m[38;2;32;27;0m▝[48;2;38;17;0m[38;2;46;54;0m▝[48;2;37;16;0m[38;2;55;58;0m▘[48;2;15;2;0m[38;2;42;2;0m▀[48;2;19;18;0m[38;2;54;60;0m▝[48;2;30;40;0m[38;2;46;57;0m▘[48;2;36;46;0m[38;2;51;62;0m▝[48;2;56;61;0m[38;2;66;72;0m▜[48;2;79;70;8m[38;2;128;128;0m▝[48;2;139;107;43m[38;2;239;157;130m▐[48;2;255;175;148m[38;2;255;179;151m▙[48;2;255;176;148m[38;2;255;178;150m▖[48;2;255;176;147m[38;2;255;177;147m▜[48;2;255;176;145m[38;2;255;178;145m▞[48;2;255;185;143m[38;2;255;229;142m▝[48;2;255;182;146m[38;2;246;211;163m▜[48;2;255;218;140m[38;2;255;240;163m▀[48;2;141;195;246m[38;2;247;229;166m▙[48;2;123;191;243m[38;2;223;228;193m▖[48;2;97;190;255m[38;2;154;184;236m▄[48;2;91;132;164m[38;2;108;188;255m▛[48;2;99;89;56m[38;2;100;171;244m▘[48;2;91;94;79m[38;2;150;122;49m▟[48;2;122;112;79m[38;2;102;189;255m▀[48;2;112;110;99m[38;2;100;177;232m▜[48;2;97;184;255m[38;2;95;190;255m▜[48;2;94;188;255m▙[48;2;92;190;255m[38;2;94;190;255m▄[48;2;91;190;255m[38;2;95;189;255m▟[48;2;94;190;255m[38;2;94;190;255m▘[48;2;93;190;255m[38;2;93;192;255m▘[48;2;91;188;255m[38;2;94;189;255m▛[48;2;92;183;255m[38;2;96;187;255m▜[48;2;93;189;255m[38;2;94;190;255m▗[48;2;92;190;255m[38;2;92;190;255m▝[38;2;94;190;255m▗[48;2;95;187;255m▀[48;2;96;188;255m[38;2;97;189;255m▄[48;2;97;188;255m[38;2;98;188;255m▄[48;2;94;189;255m[38;2;97;188;255m▙[48;2;96;183;255m[38;2;95;190;255m▛[48;2;93;118;168m[38;2;99;183;250m▛[48;2;87;100;132m[38;2;96;189;255m▀[48;2;110;153;204m[38;2;95;184;252m▜[48;2;96;189;255m[38;2;92;192;255m▝[38;2;95;190;255m▙[48;2;96;192;255m[38;2;96;192;255m▘[48;2;90;180;255m[38;2;95;191;255m▛[48;2;93;177;255m[38;2;95;189;255m▜[48;2;93;189;255m[38;2;94;190;255m▌[38;2;98;188;255m▗[48;2;92;190;255m[38;2;100;188;255m▄[38;2;99;188;255m▙[48;2;93;190;255m[38;2;103;189;255m▄[48;2;95;192;255m[38;2;121;187;255m▄[48;2;128;185;245m[38;2;235;180;187m▗[48;2;178;184;225m[38;2;255;179;155m▄[48;2;144;180;241m[38;2;238;181;182m▟[48;2;255;177;150m[38;2;255;180;154m▘[48;2;255;176;147m[38;2;255;178;147m▜[48;2;255;175;149m[38;2;255;177;148m▄[48;2;255;177;145m[38;2;255;178;147m▙[48;2;255;179;143m[38;2;255;181;152m▘[48;2;255;177;146m[38;2;255;187;143m▄[48;2;255;178;145m[38;2;255;193;139m▄[48;2;255;177;144m[38;2;255;187;142m▄[48;2;255;179;144m[38;2;255;194;142m▝[48;2;255;179;146m[38;2;255;192;145m▝[48;2;255;188;139m[38;2;255;227;133m▀[48;2;255;225;144m[38;2;255;238;126m▘[48;2;234;174;186m[38;2;255;204;153m▖[48;2;215;163;206m[38;2;255;175;160m▄[48;2;215;162;212m[38;2;246;169;181m▖[48;2;211;160;214m[38;2;212;162;216m▛[48;2;213;159;214m[38;2;212;163;216m▀[48;2;213;158;218m[38;2;212;162;216m▀[48;2;215;159;218m[38;2;212;163;215m▀[48;2;214;160;216m[38;2;214;162;214m▛[48;2;215;160;214m[38;2;216;162;215m▀[48;2;216;160;215m[38;2;217;162;217m▀[48;2;216;160;218m[38;2;217;162;216m▀[48;2;215;160;218m▀▀[48;2;214;160;216m[38;2;216;160;216m▀[48;2;214;160;217m[38;2;214;161;218m▀[48;2;214;159;218m[38;2;212;163;217m▀[48;2;212;159;217m[38;2;211;163;217m▀[48;2;212;159;215m[38;2;212;163;217m▀[48;2;213;159;214m[38;2;212;163;214m▀[48;2;211;159;213m[38;2;208;163;218m▀[38;2;208;163;216m▀[48;2;212;160;216m[38;2;212;161;219m▞[48;2;209;164;222m[38;2;230;178;184m▗[48;2;211;168;213m[38;2;255;220;162m▄[48;2;182;175;221m[38;2;255;210;161m▄[48;2;175;172;235m[38;2;243;167;177m▄[48;2;247;178;164m[38;2;255;183;159m▝[48;2;255;178;147m[38;2;255;178;152m▘[48;2;255;178;145m[38;2;255;180;146m▀[38;2;255;182;148m▐[0m
[48;2;0;0;0m[38;2;0;0;0m▘▘▘▘▘▘▘▘▘▘▘▘▘▘▘▘▘▘▘▘▘▘▘▘▘▘▘▘▘▘▘▘▘▘▘▘▘▘▘▘▘▘▘▘▘▘▘▘▘▘▘▘▘▘▘▘▘▘▘▘▘▘▘▘▘▘▘▘▘▘▘▘▘▘▘▘▘▘▘▘▘▘▘▘▘▘▘▘▘▘[38;2;0;3;0m▐[48;2;0;16;0m[38;2;19;28;0m▐[48;2;19;24;0m[38;2;28;36;0m▄[48;2;34;45;0m[38;2;69;72;0m▗[48;2;41;50;0m[38;2;81;85;0m▄[48;2;35;45;0m[38;2;59;67;0m▄[48;2;100;92;0m[38;2;139;132;0m▗[48;2;112;100;0m[38;2;133;126;0m▜[48;2;74;76;0m[38;2;122;116;0m▙[48;2;29;25;0m[38;2;85;77;0m▄[48;2;49;7;0m[38;2;67;39;0m▖[48;2;32;4;0m[38;2;26;31;0m▄[48;2;20;18;0m[38;2;32;42;0m▄[48;2;23;33;0m[38;2;66;70;0m▄[48;2;37;45;0m[38;2;80;80;0m▗[48;2;59;62;0m[38;2;116;116;0m▖[48;2;60;55;8m[38;2;108;88;23m▄[48;2;155;104;72m[38;2;254;193;138m▄[48;2;216;146;115m[38;2;255;205;147m▄[48;2;255;173;143m[38;2;255;206;147m▄[48;2;255;186;147m[38;2;255;218;143m▄[48;2;255;187;148m[38;2;255;214;145m▄[48;2;255;196;147m[38;2;255;215;149m▄[48;2;255;187;146m[38;2;255;204;149m▄[48;2;255;184;148m[38;2;255;209;156m▄[48;2;255;190;145m[38;2;255;206;157m▄[48;2;255;192;143m[38;2;255;209;155m▄[48;2;255;205;150m[38;2;255;218;144m▝[48;2;255;208;149m[38;2;255;226;140m▘[48;2;226;164;103m[38;2;255;195;152m▛[48;2;119;69;11m[38;2;226;169;152m▘[48;2;104;62;0m[38;2;124;80;0m▝[48;2;120;74;0m[38;2;152;95;0m▜[48;2;151;96;0m[38;2;180;115;0m▜[48;2;144;86;0m[38;2;174;119;16m▛[48;2;113;145;182m[38;2;99;187;255m▝[48;2;109;170;241m[38;2;105;188;255m▜[48;2;102;188;255m[38;2;129;181;255m▟[48;2;127;182;255m[38;2;135;182;255m▄[48;2;129;180;255m[38;2;134;180;255m▖[48;2;124;144;205m[38;2;127;176;253m▛[48;2;130;117;164m[38;2;128;150;203m▜[48;2;113;159;212m[38;2;191;191;204m▄[48;2;110;167;230m[38;2;96;187;255m▝[48;2;98;183;255m[38;2;95;189;255m▜[48;2;96;188;255m[38;2;98;188;255m▙[48;2;107;184;255m[38;2;124;182;255m▐[48;2;129;179;255m[38;2;130;179;255m▌[48;2;122;180;255m[38;2;124;180;255m▘[48;2;98;178;255m[38;2;101;186;255m▛[48;2;113;138;189m[38;2;99;177;255m▘[48;2;143;116;147m[38;2;172;134;162m▗[48;2;209;176;185m[38;2;246;217;213m▝[48;2;157;162;184m[38;2;238;222;208m▙[48;2;124;151;194m[38;2;120;181;245m▐[48;2;103;188;255m[38;2;139;179;255m▄[48;2;100;188;255m[38;2;136;177;255m▄[48;2;75;129;149m[38;2;112;175;241m▌[48;2;73;122;136m[38;2;118;171;238m▐[48;2;104;186;255m[38;2;151;177;249m▄[48;2;111;185;255m[38;2;165;173;242m▄[48;2;135;178;255m[38;2;190;169;227m▄[48;2;160;176;240m[38;2;235;175;188m▗[48;2;172;181;227m[38;2;255;184;165m▄[48;2;229;180;186m[38;2;255;197;145m▄[48;2;255;177;157m[38;2;255;196;146m▄[48;2;255;185;143m[38;2;255;216;140m▄[38;2;255;207;138m▖[48;2;255;182;145m[38;2;255;207;140m▗[48;2;255;190;143m[38;2;255;223;142m▄[48;2;255;194;139m[38;2;255;224;138m▖[48;2;255;181;143m[38;2;255;209;137m▄[48;2;255;181;144m[38;2;255;211;137m▄[48;2;255;193;144m[38;2;255;214;136m▟[48;2;255;224;134m[38;2;255;236;131m▐[48;2;255;218;135m[38;2;255;237;130m▙[48;2;255;193;138m[38;2;255;228;131m▄[48;2;255;179;144m[38;2;255;209;135m▄[48;2;255;186;138m[38;2;255;221;128m▄[48;2;255;187;136m[38;2;255;210;130m▄[48;2;255;178;137m[38;2;255;205;135m▄[48;2;255;177;138m[38;2;255;206;138m▄[48;2;255;173;153m[38;2;255;205;144m▄[48;2;247;165;180m[38;2;255;191;148m▄[48;2;238;157;188m[38;2;255;178;156m▄[48;2;242;157;178m[38;2;255;177;159m▖[48;2;255;151;154m[38;2;235;156;190m▀[48;2;249;152;166m[38;2;236;157;190m▘[48;2;255;148;153m[38;2;242;154;180m▜[48;2;232;156;191m[38;2;255;151;171m▗[48;2;218;159;208m▄[48;2;219;158;210m[38;2;255;151;172m▄[48;2;220;158;211m[38;2;255;152;171m▄[48;2;219;157;211m▄[48;2;217;159;211m▄[48;2;218;159;211m[38;2;255;153;171m▄[48;2;218;159;210m[38;2;255;155;170m▄[48;2;240;155;181m[38;2;255;153;163m▖[48;2;255;152;158m[38;2;242;155;179m▜[48;2;241;162;180m[38;2;255;195;154m▗[48;2;239;172;187m[38;2;255;205;146m▄[48;2;225;161;201m[38;2;254;175;165m▄[48;2;255;189;152m[38;2;255;226;145m▐[48;2;255;192;135m[38;2;255;225;136m▛[48;2;255;179;142m[38;2;255;194;136m▘[48;2;255;177;145m[38;2;255;177;148m▛[38;2;255;178;146m▝[48;2;255;178;146m[38;2;255;181;145m▗[48;2;255;178;145m[38;2;255;188;143m▄[48;2;255;176;148m[38;2;255;187;145m▄[0m
[48;2;0;0;0m[38;2;0;0;0m▘▘▘▘▘▘▘▘▘▘▘▘▘▘▘▘▘▘▘▘▘▘▘▘▘▘▘▘▘▘▘▘▘▘▘▘▘▘▘▘▘▘▘▘▘▘▘▘▘▘▘▘▘▘▘▘▘▘▘▘▘▘▘▘▘▘▘▘▘▘▘▘▘▘▘▘▘▘▘▘▘▘▘▘▘▘▘▘▘▘[38;2;0;3;0m▐[48;2;0;16;0m[38;2;19;31;0m▐[48;2;31;39;0m[38;2;58;64;0m▗[48;2;63;66;0m[38;2;108;105;0m▟[48;2;105;100;0m[38;2;129;123;0m▘[48;2;62;67;0m[38;2;69;70;0m▌[48;2;69;71;0m[38;2;94;92;0m▝[48;2;67;72;0m[38;2;91;93;0m▝[48;2;81;84;0m[38;2;116;114;0m▜[48;2;97;92;0m[38;2;129;121;0m▛[48;2;58;59;0m[38;2;104;99;0m▘[48;2;21;26;0m[38;2;25;32;0m▜[48;2;27;37;0m[38;2;38;48;0m▝[48;2;49;55;0m[38;2;97;98;0m▜[48;2;87;91;0m[38;2;124;118;0m▟[48;2;125;121;0m[38;2;142;136;0m▖[48;2;115;104;0m[38;2;124;118;0m▌[48;2;121;117;0m[38;2;153;123;61m▀[48;2;110;91;18m[38;2;199;153;136m▜[48;2;215;159;203m[38;2;250;189;177m▀[48;2;217;160;206m[38;2;249;191;175m▀[48;2;217;161;207m[38;2;246;188;176m▀[48;2;215;164;207m[38;2;244;183;177m▀[48;2;214;162;207m[38;2;245;183;178m▀[48;2;214;160;213m[38;2;239;183;187m▀[48;2;213;160;216m[38;2;231;173;200m▀[48;2;216;160;214m[38;2;231;175;199m▀[48;2;218;159;215m[38;2;231;175;198m▀[48;2;93;51;28m[38;2;200;147;163m▛[48;2;98;59;0m[38;2;130;83;23m▀[48;2;148;90;0m[38;2;157;101;0m▞[48;2;91;54;0m[38;2;117;72;0m▌[48;2;111;68;0m[38;2;141;84;0m▗[48;2;116;71;0m[38;2;140;84;0m▞[48;2;135;87;0m[38;2;165;103;0m▜[48;2;153;91;0m[38;2;161;110;23m▜[48;2;166;111;37m[38;2;175;150;175m▝[48;2;216;147;176m[38;2;200;165;222m▜[48;2;166;172;242m[38;2;195;167;221m▙[48;2;166;171;242m[38;2;207;161;221m▄[48;2;108;72;108m[38;2;168;151;204m▌[48;2;109;13;23m[38;2;104;55;78m▝[48;2;170;0;0m[38;2;171;63;62m▜[48;2;133;69;75m[38;2;175;120;148m▗[48;2;150;159;218m[38;2;191;163;220m▟[48;2;163;123;170m[38;2;165;171;242m▀[48;2;140;112;147m[38;2;164;173;241m▀[48;2;114;101;117m[38;2;166;172;237m▀[48;2;127;109;132m[38;2;166;172;242m▀[48;2;168;146;205m[38;2;179;160;219m▌[48;2;127;91;116m[38;2;141;112;147m▛[48;2;146;106;136m[38;2;192;147;176m▝[48;2;168;134;148m[38;2;213;175;186m▀[48;2;202;176;173m[38;2;255;255;226m▝[48;2;116;111;152m[38;2;218;200;190m▌[48;2;132;176;255m[38;2;172;169;232m▄[48;2;141;140;195m[38;2;145;172;246m▛[48;2;47;79;33m[38;2;99;133;171m▘[48;2;80;98;15m[38;2;146;132;131m▐[48;2;208;154;199m[38;2;207;163;219m▜[48;2;215;161;215m[38;2;212;164;219m▘[48;2;215;160;216m[38;2;223;165;207m▝[48;2;216;160;208m[38;2;235;165;189m▀[48;2;226;162;197m[38;2;248;181;178m▝[48;2;219;160;205m[38;2;250;186;175m▀[48;2;219;161;205m[38;2;249;187;172m▀[48;2;221;165;201m[38;2;253;197;167m▀[48;2;225;171;196m[38;2;255;211;155m▀[48;2;226;171;195m[38;2;255;216;152m▀[48;2;219;165;208m[38;2;254;202;166m▀[48;2;229;171;197m[38;2;255;221;156m▀[48;2;225;170;193m[38;2;255;221;152m▀[48;2;225;171;191m[38;2;255;221;154m▀[48;2;234;175;182m[38;2;255;225;145m▀[48;2;255;184;147m[38;2;255;241;129m▀[48;2;255;181;127m[38;2;255;242;126m▀[48;2;255;180;127m[38;2;255;241;129m▀[48;2;255;164;143m[38;2;255;225;147m▀[48;2;255;159;150m[38;2;255;223;150m▀[38;2;255;222;150m▀[48;2;255;158;145m[38;2;255;223;151m▀[48;2;255;149;137m[38;2;255;199;154m▀[48;2;255;148;137m[38;2;255;189;160m▀[38;2;255;184;158m▀[48;2;255;146;137m[38;2;255;177;156m▀[48;2;255;145;133m[38;2;255;170;152m▀[48;2;255;140;128m[38;2;255;144;130m▘[48;2;255;140;127m[38;2;255;143;131m▀[38;2;255;141;130m▀[48;2;255;140;128m▘[48;2;255;139;128m[38;2;255;142;130m▝[48;2;255;139;130m[38;2;255;145;143m▀[48;2;255;141;135m[38;2;255;147;152m▀[48;2;255;142;137m[38;2;255;148;153m▀[48;2;255;141;135m[38;2;255;148;154m▀[48;2;255;141;137m[38;2;255;147;157m▀[48;2;255;146;134m[38;2;255;148;155m▀[48;2;255;153;137m[38;2;255;184;129m▗[48;2;255;148;126m[38;2;255;195;129m▟[48;2;255;201;128m[38;2;255;221;131m▛[48;2;255;185;133m[38;2;255;204;131m▀[48;2;255;176;138m[38;2;255;183;140m▘[38;2;255;187;139m▝[48;2;255;177;138m[38;2;255;187;137m▚[48;2;255;186;139m[38;2;255;222;138m▄[48;2;255;184;140m[38;2;255;208;135m▖[48;2;255;178;141m[38;2;255;197;139m▄[48;2;255;189;139m[38;2;255;224;135m▟[48;2;255;225;135m[38;2;255;237;133m▄[48;2;255;225;140m[38;2;255;238;135m▄[0m
[48;2;0;0;0m[38;2;0;0;0m▘▘▘▘▘▘▘▘▘▘▘▘▘▘▘▘▘▘▘▘▘▘▘▘▘▘▘▘▘▘▘▘▘▘▘▘▘▘▘▘▘▘▘▘▘▘▘▘▘▘▘▘▘▘▘▘▘▘▘▘▘▘▘▘▘▘▘▘▘▘▘▘▘▘▘▘▘▘▘▘▘▘▘▘▘▘▘▘▘▘[38;2;0;3;0m▐[48;2;0;18;0m[38;2;37;45;0m▐[48;2;83;84;0m[38;2;105;106;0m▝[48;2;64;71;0m[38;2;96;93;0m▀[48;2;92;92;0m[38;2;111;105;0m▀[48;2;51;61;0m[38;2;68;71;0m▛[48;2;37;34;0m[38;2;61;68;0m▜[48;2;25;28;0m[38;2;57;62;0m▛[48;2;26;26;0m[38;2;68;72;0m▜[48;2;55;58;0m[38;2;91;93;0m▘[48;2;38;43;0m[38;2;51;61;0m▗[48;2;27;35;0m[38;2;40;45;0m▄[48;2;39;39;0m[38;2;85;88;0m▜[48;2;68;71;0m[38;2;100;94;0m▝[48;2;75;78;0m[38;2;121;119;0m▀[48;2;86;86;0m[38;2;131;128;0m▀[48;2;98;100;0m[38;2;118;116;0m▘[48;2;108;104;0m[38;2;144;134;0m▝[48;2;114;91;52m[38;2;135;123;0m▙[48;2;139;109;61m[38;2;198;145;180m▜[48;2;221;159;207m[38;2;231;158;198m▖[48;2;220;159;206m[38;2;230;157;196m▖[48;2;213;160;213m[38;2;231;157;193m▄[48;2;213;159;213m[38;2;230;156;193m▄[48;2;212;160;213m[38;2;226;157;196m▄[48;2;216;160;210m[38;2;212;163;213m▀[48;2;211;158;208m[38;2;215;160;213m▛[48;2;135;91;88m[38;2;205;151;195m▛[48;2;127;87;75m[38;2;211;157;207m▘[48;2;76;45;0m[38;2;85;52;0m▖[48;2;82;46;0m[38;2;96;59;0m▀[48;2;70;36;0m[38;2;105;63;0m▜[48;2;137;87;0m[38;2;208;141;0m▝[48;2;149;97;0m[38;2;194;129;0m▘[48;2;96;60;0m[38;2;107;64;0m▛[48;2;131;80;0m[38;2;187;126;0m▝[48;2;153;93;0m[38;2;198;130;0m▜[48;2;159;115;104m[38;2;211;153;199m▝[48;2;124;112;125m[38;2;218;159;210m▀[48;2;140;129;138m[38;2;209;161;202m▀[48;2;136;75;106m[38;2;164;144;161m▙[48;2;112;0;0m[38;2;123;33;41m▟[48;2;178;30;32m[38;2;190;157;160m▗[48;2;110;41;45m[38;2;239;234;236m▄[48;2;118;107;121m[38;2;255;255;255m▄[48;2;177;181;184m[38;2;254;255;255m▄[48;2;180;179;177m[38;2;243;242;240m▞[48;2;106;6;12m[38;2;195;172;168m▛[48;2;68;10;16m[38;2;138;126;131m▀[48;2;133;116;128m[38;2;173;142;166m▜[48;2;108;28;13m[38;2;147;66;60m▙[48;2;94;15;7m[38;2;138;29;13m▄[48;2;138;51;25m[38;2;192;79;27m▄[48;2;174;83;35m[38;2;241;138;63m▗[48;2;147;87;96m[38;2;225;138;84m▖[48;2;216;160;215m[38;2;219;162;219m▖[48;2;93;93;86m[38;2;197;150;191m▛[48;2;8;53;0m[38;2;61;85;25m▀[48;2;61;93;0m[38;2;102;124;10m▀[48;2;105;92;56m[38;2;188;146;170m▜[48;2;220;157;204m[38;2;218;159;212m▜[48;2;220;158;211m[38;2;218;160;215m▜[48;2;217;158;204m[38;2;215;160;212m▛[48;2;213;160;213m[38;2;233;156;195m▄[48;2;211;160;213m[38;2;227;156;199m▙[48;2;222;158;202m[38;2;252;153;176m▗[48;2;237;155;181m[38;2;237;157;184m▞[48;2;255;146;148m[38;2;230;157;190m▛[48;2;255;142;129m[38;2;229;158;194m▀[48;2;255;137;116m[38;2;236;157;180m▀[48;2;255;137;113m[38;2;249;154;176m▀[48;2;255;135;97m[38;2;255;146;148m▀[48;2;255;137;100m[38;2;255;146;146m▀[48;2;255;139;104m[38;2;255;145;149m▀[48;2;255;136;110m[38;2;255;140;134m▀[48;2;255;138;114m[38;2;255;139;124m▀[48;2;255;140;112m[38;2;255;140;129m▀[48;2;255;139;114m[38;2;255;141;130m▀[38;2;255;140;127m▀[48;2;255;139;118m▜[48;2;255;141;124m[38;2;255;145;126m▗[48;2;255;142;125m[38;2;255;150;122m▄[48;2;255;147;123m[38;2;255;180;117m▗[48;2;255;147;119m[38;2;255;188;113m▄[48;2;255;146;122m[38;2;255;185;116m▄[48;2;255;141;125m[38;2;255;165;117m▖[48;2;255;140;126m[38;2;255;142;124m▖[48;2;255;139;126m[38;2;255;140;127m▝[48;2;255;136;125m▀[48;2;255;139;113m[38;2;255;140;124m▀[48;2;255;139;108m[38;2;255;139;123m▀[38;2;255;136;126m▀[48;2;255;140;110m[38;2;255;139;127m▀[48;2;255;138;118m[38;2;255;139;123m▜[48;2;255;162;127m[38;2;255;168;129m▗[48;2;255;171;123m[38;2;255;202;130m▝[48;2;255;176;124m[38;2;255;221;131m▀[48;2;255;210;140m[38;2;255;239;128m▀[48;2;255;220;136m[38;2;255;234;126m▘[48;2;255;198;119m[38;2;255;218;154m▄[48;2;255;188;127m[38;2;255;214;147m▙[48;2;255;194;132m[38;2;255;217;151m▟[48;2;255;220;138m[38;2;255;221;146m▙[48;2;255;219;142m[38;2;255;223;138m▞[48;2;255;220;144m[38;2;255;238;126m▜[48;2;255;230;135m[38;2;255;239;129m▀[48;2;255;219;120m[38;2;255;235;133m▛[48;2;249;201;117m[38;2;255;216;138m▚[48;2;255;202;122m[38;2;255;208;141m▙[48;2;255;201;153m[38;2;255;233;141m▀[0m
[48;2;0;0;0m[38;2;0;0;0m▘▘▘▘▘▘▘▘▘▘▘▘▘▘▘▘▘▘▘▘▘▘▘▘▘▘▘▘▘▘▘▘▘▘▘▘▘▘▘▘▘▘▘▘▘▘▘▘▘▘▘▘▘▘▘▘▘▘▘▘▘▘▘▘▘▘▘▘▘▘▘▘▘▘▘▘▘▘▘▘▘▘▘▘▘▘▘▘▘▘[38;2;0;3;0m▐[48;2;3;18;0m[38;2;27;40;0m▝[48;2;23;27;0m[38;2;47;56;0m▀[48;2;32;15;0m[38;2;54;57;0m▀[48;2;31;39;0m[38;2;55;64;0m▀[48;2;16;10;0m[38;2;42;51;0m▌[48;2;32;0;0m[38;2;45;11;2m▞[48;2;35;4;0m[38;2;26;30;0m▘[48;2;22;1;0m[38;2;14;14;0m▗[48;2;12;18;0m[38;2;21;30;0m▟[48;2;23;15;0m[38;2;25;33;0m▀[48;2;42;37;0m[38;2;68;72;0m▝[48;2;34;42;0m[38;2;53;61;0m▀[48;2;36;35;0m[38;2;61;68;0m▀[48;2;60;50;0m[38;2;68;73;0m▜[48;2;55;60;0m[38;2;65;71;0m▀[48;2;82;83;0m[38;2;94;94;0m▀[48;2;92;92;0m[38;2;123;122;0m▐[48;2;120;108;0m[38;2;145;135;0m▘[48;2;168;105;67m[38;2;249;137;143m▐[48;2;255;143;142m[38;2;255;152;180m▀[48;2;255;144;144m[38;2;255;152;179m▀[48;2;255;149;158m[38;2;250;155;178m▀[48;2;253;152;175m[38;2;247;154;180m▘[48;2;239;154;188m[38;2;252;153;178m▖[48;2;218;158;209m[38;2;240;153;191m▄[48;2;127;75;52m[38;2;197;139;170m▛[48;2;102;61;0m[38;2;117;75;32m▘[48;2;93;52;0m[38;2;110;70;0m▟[48;2;97;61;0m[38;2;106;67;0m▘[48;2;55;19;0m[38;2;100;60;0m▙[48;2;46;15;0m[38;2;81;46;0m▟[48;2;56;14;0m[38;2;80;44;0m▛[48;2;62;21;0m[38;2;85;44;0m▜[48;2;99;57;0m[38;2;126;78;0m▗[48;2;112;69;0m[38;2;145;92;0m▖[48;2;127;89;17m[38;2;175;165;150m▗[48;2;141;123;94m[38;2;234;239;237m▟[48;2;255;255;255m[38;2;255;255;255m▘▘[48;2;242;243;246m▙[48;2;246;247;252m▄[48;2;254;255;255m▟[48;2;255;255;255m▘[48;2;229;228;229m▛[48;2;150;99;105m[38;2;224;219;219m▛[48;2;164;34;34m[38;2;168;145;142m▘[48;2;144;0;0m[38;2;242;5;0m▟[48;2;112;0;0m[38;2;224;0;0m▙[48;2;95;7;18m[38;2;127;104;114m▝[48;2;128;71;62m[38;2;148;107;102m▚[48;2;131;29;13m[38;2;122;45;38m▖[48;2;186;74;31m[38;2;205;91;29m▐[48;2;209;96;28m[38;2;240;137;62m▐[48;2;147;94;111m[38;2;221;130;74m▌[48;2;228;148;186m[38;2;227;160;204m▛[48;2;94;86;79m[38;2;198;150;183m▘[48;2;10;53;0m[38;2;24;63;0m▗[48;2;41;76;0m[38;2;86;111;0m▗[48;2;135;95;54m[38;2;223;134;144m▝[48;2;255;133;119m[38;2;255;150;177m▀[48;2;255;141;121m[38;2;253;152;182m▀[48;2;255;142;128m[38;2;241;155;187m▀[48;2;255;141;122m[38;2;255;151;173m▀[48;2;255;142;120m[38;2;255;152;169m▀[48;2;255;141;113m[38;2;255;152;160m▀[48;2;255;139;100m[38;2;255;147;139m▀[48;2;255;138;102m[38;2;255;146;130m▘[48;2;255;134;92m[38;2;255;137;101m▀[48;2;255;134;93m[38;2;255;135;99m▀[48;2;255;134;92m[38;2;255;135;98m▀[38;2;255;135;93m▀[48;2;255;134;90m▀[48;2;255;133;90m[38;2;255;135;96m▀[48;2;255;133;87m[38;2;255;134;93m▀[48;2;255;133;85m[38;2;255;134;92m▀[48;2;255;133;83m[38;2;255;134;89m▀[48;2;255;132;84m[38;2;255;135;87m▀[48;2;255;136;84m[38;2;255;159;104m▐[48;2;255;157;111m[38;2;255;168;103m▟[48;2;255;169;114m[38;2;255;179;103m▟[48;2;255;185;109m[38;2;255;196;121m▝[48;2;255;192;109m[38;2;255;222;123m▀[48;2;255;195;109m[38;2;255;232;125m▀[48;2;255;196;108m[38;2;255;229;123m▀[48;2;255;195;117m[38;2;255;224;128m▘[48;2;255;177;122m[38;2;255;192;111m▖[48;2;255;141;96m[38;2;255;161;110m▌[48;2;255;138;76m[38;2;255;138;105m▀[48;2;255;138;70m[38;2;255;138;85m▀[38;2;255;139;78m▀[48;2;255;136;73m▀[38;2;255;139;81m▀[48;2;255;136;79m[38;2;255;138;100m▀[48;2;255;137;81m[38;2;255;138;99m▘[48;2;255;136;73m[38;2;255;136;90m▀[48;2;255;136;82m[38;2;255;138;103m▝[38;2;255;141;115m▀[48;2;255;136;85m[38;2;255;146;126m▀[38;2;255;147;132m▀[48;2;255;135;85m[38;2;255;147;130m▀[48;2;255;138;94m[38;2;255;152;149m▀[48;2;255;141;113m[38;2;253;155;163m▀[48;2;255;140;115m[38;2;254;157;164m▀[48;2;251;136;112m[38;2;254;173;163m▀[48;2;255;142;121m[38;2;255;179;163m▀[48;2;206;120;56m[38;2;243;160;131m▛[48;2;103;74;4m[38;2;192;130;99m▜[48;2;255;141;138m[38;2;254;179;173m▀[48;2;255;146;144m[38;2;235;162;173m▀[0m
[48;2;0;0;0m[38;2;0;0;0m▘▘▘▘▘▘▘▘▘▘▘▘▘▘▘▘▘▘▘▘▘▘▘▘▘▘▘▘▘▘▘▘▘▘▘▘▘▘▘▘▘▘▘▘▘▘▘▘▘▘▘▘▘▘▘▘▘▘▘▘▘▘▘▘▘▘▘▘▘▘▘▘▘▘▘▘▘▘▘▘▘▘▘▘▘▘▘▘▘▘[38;2;0;3;0m▐[48;2;0;11;0m[38;2;12;25;0m▗[48;2;13;1;0m[38;2;15;21;0m▖[48;2;41;0;0m[38;2;47;3;1m▐[48;2;26;18;0m[38;2;24;35;0m▐[48;2;17;6;0m[38;2;22;32;0m▘[48;2;61;0;0m[38;2;67;0;5m▙[48;2;44;6;0m[38;2;66;2;1m▖[48;2;24;18;0m[38;2;30;37;0m▟[48;2;24;25;0m[38;2;29;40;0m▌[48;2;28;0;0m[38;2;37;2;0m▛[48;2;21;6;0m[38;2;19;19;0m▐[48;2;21;31;0m[38;2;32;33;0m▟[48;2;19;7;0m[38;2;31;24;0m▖[48;2;37;11;0m[38;2;51;34;0m▝[48;2;34;30;0m[38;2;51;45;2m▞[48;2;25;36;0m[38;2;56;64;0m▀[48;2;54;59;0m[38;2;88;91;0m▝[48;2;103;90;7m[38;2;176;109;63m▗[48;2;145;91;26m[38;2;252;125;102m▟[48;2;255;136;123m[38;2;255;138;121m▄[38;2;255;138;122m▌[48;2;255;136;121m[38;2;255;140;131m▀[48;2;255;138;122m[38;2;255;141;138m▀[38;2;255;141;141m▀[48;2;255;136;119m[38;2;255;140;140m▀[48;2;164;73;50m[38;2;255;125;113m▙[48;2;84;47;0m[38;2;130;55;22m▖[48;2;76;50;0m[38;2;94;61;0m▀[48;2;88;58;0m[38;2;118;80;0m▗[48;2;122;74;0m[38;2;171;108;0m▝[48;2;134;82;0m[38;2;170;109;0m▘[48;2;79;37;0m[38;2;103;63;0m▙[48;2;74;39;0m[38;2;100;60;0m▝[48;2;96;55;0m[38;2;142;94;8m▜[48;2;160;128;79m[38;2;220;210;217m▗[48;2;213;206;207m[38;2;246;244;248m▞[48;2;205;193;207m[38;2;255;255;255m▀[48;2;202;191;206m▀[48;2;204;188;206m▀[48;2;192;175;194m[38;2;243;244;248m▀[48;2;193;171;193m[38;2;241;240;247m▀[48;2;190;168;190m[38;2;231;226;236m▀[48;2;187;166;184m[38;2;217;207;219m▀[48;2;157;99;99m[38;2;214;198;208m▛[48;2;153;2;1m[38;2;176;32;37m▚[48;2;237;1;0m[38;2;255;15;0m▖[48;2;104;31;31m[38;2;232;61;48m▛[48;2;116;43;43m[38;2;237;50;37m▀[48;2;184;2;2m[38;2;234;64;49m▖[48;2;95;1;8m[38;2;111;81;91m▝[48;2;125;59;48m[38;2;139;104;110m▌[48;2;181;75;32m[38;2;207;93;29m▐[48;2;209;103;37m[38;2;243;142;69m▐[48;2;191;76;70m[38;2;223;130;76m▌[48;2;255;122;100m[38;2;255;132;137m▀[48;2;66;55;24m[38;2;189;100;94m▘[48;2;3;43;0m[38;2;24;63;0m▗[48;2;21;57;0m[38;2;74;103;0m▟[48;2;101;102;9m[38;2;196;108;64m▐[48;2;255;128;92m[38;2;255;135;93m▟[48;2;255;134;93m[38;2;255;134;96m▘[48;2;255;134;90m[38;2;255;135;92m▛[38;2;255;134;94m▀[38;2;255;135;92m▀[48;2;255;134;89m[38;2;255;135;90m▝▘[48;2;255;133;88m[38;2;255;134;89m▛[48;2;255;133;89m[38;2;255;134;87m▗[48;2;255;134;88m[38;2;255;134;90m▝[48;2;255;133;85m[38;2;255;134;88m▛[38;2;255;133;87m▜[48;2;255;134;87m[38;2;255;147;72m▄[48;2;255;134;86m[38;2;255;147;73m▄[48;2;255;133;86m▄[48;2;255;133;84m[38;2;255;147;70m▄[48;2;255;132;84m[38;2;255;149;68m▄[38;2;255;148;70m▄[48;2;255;133;77m[38;2;255;147;68m▄[48;2;255;135;77m[38;2;255;146;65m▄[48;2;255;137;74m[38;2;255;148;59m▄[48;2;255;137;73m[38;2;255;147;57m▄[48;2;255;138;70m[38;2;255;148;54m▄[48;2;255;139;69m[38;2;255;150;56m▄[48;2;255;139;68m[38;2;255;150;53m▄[48;2;255;139;66m[38;2;255;148;50m▄[48;2;255;139;65m[38;2;255;150;54m▄[48;2;255;137;68m[38;2;255;151;54m▄[48;2;255;136;69m[38;2;255;152;53m▄[48;2;255;139;67m[38;2;255;168;41m▄[48;2;255;140;66m[38;2;255;178;31m▄[48;2;255;139;66m[38;2;255;176;29m▄[48;2;255;140;63m[38;2;255;176;31m▄[48;2;255;136;69m[38;2;255;160;42m▄[48;2;255;138;68m[38;2;255;155;49m▄[48;2;255;136;73m[38;2;255;151;57m▄[48;2;255;135;75m[38;2;255;149;60m▄[48;2;255;134;77m[38;2;255;151;59m▄[48;2;255;134;78m[38;2;255;150;60m▄[48;2;255;133;79m[38;2;255;148;66m▄[48;2;255;134;79m[38;2;255;148;68m▄[48;2;255;132;78m[38;2;255;146;67m▄[48;2;255;135;80m[38;2;255;148;67m▄[48;2;152;105;6m[38;2;243;131;62m▛[48;2;156;92;20m[38;2;255;135;85m▐[48;2;255;128;80m[38;2;255;137;90m▛[48;2;176;101;19m[38;2;255;132;72m▘[48;2;73;59;1m[38;2;164;87;48m▝[48;2;235;116;69m[38;2;255;133;102m▜[48;2;151;80;7m[38;2;253;127;84m▛[0m
[48;2;0;0;0m[38;2;0;0;0m▘▘▘▘▘▘▘▘▘▘▘▘▘▘▘▘▘▘▘▘▘▘▘▘▘▘▘▘▘▘▘▘▘▘▘▘▘▘▘▘▘▘▘▘▘▘▘▘▘▘▘▘▘▘▘▘▘▘▘▘▘▘▘▘▘▘▘▘▘▘▘▘▘▘▘▘▘▘▘▘▘▘▘▘▘▘▘▘▘▘[38;2;0;3;0m▐[48;2;2;6;0m[38;2;15;25;0m▝[48;2;18;13;0m[38;2;24;32;0m▜[48;2;18;1;0m[38;2;42;6;0m▟[48;2;26;4;0m[38;2;21;27;0m▝[48;2;17;0;0m[38;2;60;0;9m▐[48;2;70;0;2m[38;2;86;19;12m▗[48;2;42;17;0m[38;2;109;46;28m▗[48;2;60;34;9m[38;2;237;115;79m▄[48;2;52;14;4m[38;2;151;76;57m▖[48;2;37;1;0m[38;2;64;6;0m▖[48;2;29;0;0m[38;2;30;7;0m▝[48;2;22;1;1m[38;2;32;19;0m▘[48;2;14;14;0m[38;2;28;42;0m▝[48;2;49;44;0m[38;2;183;112;68m▝[48;2;151;74;39m[38;2;247;128;101m▜[48;2;38;25;0m[38;2;220;109;84m▙[48;2;56;43;0m[38;2;206;96;72m▄[48;2;115;60;24m[38;2;248;116;94m▟[48;2;255;134;112m[38;2;255;138;116m▝[48;2;255;135;115m[38;2;255;136;116m▀[48;2;255;135;116m[38;2;255;136;117m▀[48;2;255;135;117m[38;2;255;136;121m▘[48;2;255;135;116m▝[48;2;255;135;114m[38;2;255;137;121m▀[48;2;255;127;105m[38;2;255;136;118m▛[48;2;120;56;0m[38;2;238;119;93m▛[48;2;122;70;0m[38;2;166;89;19m▚[48;2;116;72;0m[38;2;167;111;0m▄[48;2;110;62;0m[38;2;159;101;0m▛[48;2;92;53;0m[38;2;126;83;0m▀[48;2;67;25;0m[38;2;100;60;0m▝[48;2;72;24;0m[38;2;93;52;0m▛[48;2;70;28;0m[38;2;99;61;0m▗[48;2;88;61;15m[38;2;134;108;111m▐[48;2;175;146;170m[38;2;184;158;185m▟[48;2;183;160;186m[38;2;186;160;183m▀[48;2;183;160;183m[38;2;185;161;184m▀[38;2;186;160;183m▘[48;2;184;159;182m[38;2;183;160;183m▙[48;2;184;160;183m[38;2;185;161;184m▐[48;2;183;162;184m[38;2;184;162;184m▀[48;2;182;160;183m[38;2;183;162;183m▘[48;2;185;163;184m[38;2;200;176;192m▗[48;2;178;42;42m[38;2;206;187;193m▘[48;2;235;0;0m[38;2;254;0;0m▟[48;2;243;3;0m[38;2;255;23;0m▌[48;2;111;0;0m[38;2;212;93;93m▌[48;2;108;0;0m[38;2;135;15;18m▟[48;2;255;13;0m[38;2;245;77;57m▌[48;2;159;0;0m[38;2;247;2;0m▌[48;2;63;8;22m[38;2;105;81;88m▐[48;2;150;86;63m[38;2;189;92;38m▜[48;2;213;94;31m[38;2;239;135;65m▐[48;2;205;75;54m[38;2;223;130;74m▌[48;2;255;118;84m[38;2;255;127;90m▙[48;2;1;38;0m[38;2;91;64;31m▌[48;2;2;43;0m[38;2;12;52;0m▀[48;2;18;57;0m[38;2;63;96;0m▝[48;2;27;63;0m[38;2;104;99;12m▜[48;2;242;117;80m[38;2;255;134;86m▟[48;2;255;133;83m[38;2;255;134;88m▀[48;2;255;133;82m[38;2;255;134;87m▀[48;2;255;132;84m[38;2;255;134;86m▀[38;2;255;133;84m▜[48;2;255;133;80m[38;2;255;133;85m▀[48;2;255;133;79m[38;2;255;134;86m▀▀[38;2;255;133;85m▀[48;2;255;133;81m[38;2;255;133;86m▀[48;2;255;132;78m[38;2;255;133;83m▛[48;2;255;130;79m[38;2;255;134;78m▛[48;2;255;130;78m[38;2;255;146;67m▀[48;2;255;133;76m[38;2;255;146;66m▀[48;2;255;131;76m[38;2;255;144;67m▀[48;2;255;133;73m[38;2;255;142;63m▀[48;2;255;135;65m[38;2;255;145;62m▀[48;2;255;136;62m[38;2;255;146;63m▀[48;2;255;136;65m[38;2;255;148;63m▀[48;2;255;140;64m[38;2;255;159;57m▝[48;2;255;139;63m[38;2;255;173;48m▀[48;2;255;128;64m[38;2;255;175;41m▀[48;2;255;125;65m[38;2;255;175;42m▀[48;2;255;139;62m[38;2;255;175;39m▀[48;2;255;151;52m[38;2;255;174;43m▀[48;2;255;152;49m[38;2;255;175;43m▀[48;2;255;153;44m[38;2;255;177;44m▀[48;2;255;156;37m[38;2;255;178;34m▜[48;2;255;191;16m[38;2;255;195;12m▐[48;2;255;194;11m[38;2;255;195;13m▘[48;2;255;194;8m[38;2;255;195;9m▝[38;2;255;196;9m▜[48;2;255;195;10m▀[48;2;255;195;7m[38;2;255;195;9m▜[48;2;255;194;12m[38;2;255;195;13m▘[48;2;255;170;33m[38;2;255;187;24m▛[48;2;255;149;49m[38;2;255;176;42m▀[48;2;255;149;50m[38;2;255;175;44m▀[38;2;255;173;48m▀[48;2;255;145;59m[38;2;255;153;58m▘[48;2;255;136;67m[38;2;255;145;65m▀[48;2;255;134;68m[38;2;255;145;64m▀[48;2;255;130;65m[38;2;255;143;63m▀[48;2;114;90;6m[38;2;225;121;33m▘[48;2;83;62;7m[38;2;170;84;22m▝[48;2;255;122;66m[38;2;255;137;77m▜[48;2;118;94;0m[38;2;233;124;42m▌[48;2;39;38;0m[38;2;61;60;3m▛[48;2;170;93;40m[38;2;247;127;70m▜[48;2;101;71;0m[38;2;149;84;0m▌[0m
[48;2;0;0;0m[38;2;0;0;0m▘▘▘▘▘▘▘▘▘▘▘▘▘▘▘▘▘▘▘▘▘▘▘▘▘▘▘▘▘▘▘▘▘▘▘▘▘▘▘▘▘▘▘▘▘▘▘▘▘▘▘▘▘▘▘▘▘▘▘▘▘▘▘▘▘▘▘▘▘▘▘▘▘▘▘▘▘▘▘▘▘▘▘▘▘▘▘▘▘▘[38;2;0;3;0m▐[48;2;3;6;0m[38;2;10;19;0m▗[48;2;25;0;0m[38;2;43;13;2m▟[48;2;43;2;0m[38;2;68;5;2m▄[48;2;33;0;0m[38;2;69;2;4m▙[48;2;60;0;3m[38;2;88;3;0m▗[48;2;76;5;3m[38;2;116;20;2m▖[48;2;110;39;29m[38;2;250;111;73m▝[48;2;72;12;8m[38;2;186;76;52m▘[48;2;54;4;0m[38;2;51;16;0m▄[48;2;31;10;0m[38;2;31;40;0m▄[48;2;20;17;0m[38;2;29;37;0m▄[48;2;20;27;0m[38;2;48;40;0m▗[48;2;16;20;0m[38;2;43;31;0m▖[48;2;37;44;0m[38;2;84;64;7m▗[48;2;60;47;0m[38;2;213;98;71m▐[48;2;255;135;106m[38;2;255;138;110m▘[48;2;255;134;107m[38;2;255;135;109m▝[48;2;255;134;109m[38;2;255;134;111m▛[48;2;255;130;111m[38;2;255;134;110m▛[48;2;255;132;112m[38;2;255;134;113m▜[48;2;255;134;112m[38;2;255;135;114m▝[48;2;255;133;114m[38;2;255;135;115m▛[48;2;255;133;112m[38;2;255;135;112m▜[48;2;255;134;111m▀[48;2;231;98;73m[38;2;255;135;114m▌[48;2;106;46;0m[38;2;108;64;0m▟[48;2;111;69;0m[38;2;147;95;0m▀[48;2;121;74;0m[38;2;144;91;0m▐[48;2;136;87;0m[38;2;154;97;0m▙[48;2;83;46;0m[38;2;121;79;0m▖[48;2;56;20;0m[38;2;76;43;0m▘[48;2;39;0;0m[38;2;45;6;0m▜[48;2;77;48;0m[38;2;88;66;37m▗[48;2;121;99;97m[38;2;171;149;169m▟[48;2;183;160;183m[38;2;186;160;186m▀[38;2;183;160;183m▘▘[48;2;184;159;184m▛[48;2;184;160;184m[38;2;186;159;183m▄[48;2;184;159;184m▖[48;2;184;159;182m[38;2;183;160;183m▛[48;2;181;158;183m[38;2;183;159;183m▛[48;2;156;86;96m[38;2;192;170;187m▛[48;2;159;10;13m[38;2;249;11;0m▐[48;2;252;0;0m[38;2;255;0;0m▖[48;2;254;9;0m[38;2;255;21;0m▌[48;2;211;49;34m[38;2;212;93;86m▘[48;2;167;52;49m[38;2;238;55;30m▄[48;2;253;12;0m[38;2;242;60;42m▘[48;2;213;0;0m[38;2;250;2;0m▙[48;2;74;0;0m[38;2;118;20;25m▞[48;2;129;88;73m[38;2;183;87;40m▝[48;2;199;89;22m[38;2;236;134;62m▐[48;2;199;84;59m[38;2;223;136;79m▌[48;2;52;62;8m[38;2;201;104;61m▛[48;2;0;42;0m[38;2;11;51;0m▛[38;2;7;49;0m▜[48;2;29;71;0m[38;2;45;85;0m▝[48;2;26;62;0m[38;2;73;94;0m▜[48;2;137;91;20m[38;2;255;121;66m▝[48;2;255;123;72m[38;2;255;132;79m▜[48;2;255;132;80m[38;2;255;134;77m▟[48;2;255;133;78m[38;2;255;135;74m▖[48;2;255;135;76m[38;2;255;148;63m▗[48;2;255;135;75m[38;2;255;153;59m▄[38;2;255;153;60m▄[38;2;255;154;61m▄▄[48;2;255;135;78m[38;2;255;153;61m▄[48;2;255;135;76m[38;2;255;153;59m▄[48;2;255;145;63m[38;2;255;167;45m▄[48;2;255;148;56m[38;2;255;176;37m▄[48;2;255;148;57m[38;2;255;175;36m▄[38;2;255;176;35m▄[48;2;255;158;47m[38;2;255;191;22m▄[48;2;255;173;35m[38;2;255;195;14m▄[48;2;255;178;28m[38;2;255;194;12m▄[48;2;255;178;25m[38;2;255;193;10m▄[48;2;255;177;31m[38;2;255;190;10m▄[48;2;244;148;24m[38;2;255;177;28m▛[48;2;208;112;20m[38;2;255;146;0m▗[48;2;190;98;18m[38;2;238;137;13m▟[48;2;203;112;15m[38;2;249;140;46m▀[48;2;222;122;32m[38;2;255;170;37m▜[48;2;255;179;27m[38;2;255;181;24m▖[48;2;255;186;22m[38;2;255;194;12m▐[48;2;255;194;5m[38;2;255;194;9m▀[38;2;255;196;8m▝[38;2;255;199;18m▗[48;2;255;203;29m[38;2;255;238;96m▗[48;2;255;209;39m[38;2;255;252;121m▄[48;2;255;205;34m[38;2;255;246;114m▄[48;2;255;196;13m[38;2;255;220;61m▖[48;2;255;194;4m[38;2;255;194;8m▌[48;2;255;193;9m[38;2;255;195;9m▘[48;2;255;174;31m[38;2;255;188;16m▙[48;2;255;170;35m[38;2;255;190;15m▄[48;2;255;170;33m[38;2;255;190;17m▄[48;2;255;169;36m[38;2;255;191;20m▄[48;2;255;160;46m[38;2;255;190;18m▄[48;2;255;158;50m[38;2;255;190;24m▄[48;2;205;145;14m[38;2;255;156;35m▛[48;2;82;77;0m[38;2;118;103;0m▖[48;2;47;47;0m[38;2;91;58;8m▝[48;2;175;92;21m[38;2;224;118;38m▜[48;2;76;81;0m[38;2;116;95;0m▌[48;2;40;49;0m[38;2;52;62;0m▖[48;2;69;55;1m[38;2;142;88;2m▝[48;2;83;64;0m[38;2;109;75;0m▌[0m
[48;2;0;0;0m[38;2;0;0;0m▘▘▘▘▘▘▘▘▘▘▘▘▘▘▘▘▘▘▘▘▘▘▘▘▘▘▘▘▘▘▘▘▘▘▘▘▘▘▘▘▘▘▘▘▘▘▘▘▘▘▘▘▘▘▘▘▘▘▘▘▘▘▘▘▘▘▘▘▘▘▘▘▘▘▘▘▘▘▘▘▘▘▘▘▘▘▘▘▘▘[38;2;0;2;0m▐[48;2;55;39;15m[38;2;166;92;40m▗[48;2;134;67;36m[38;2;200;99;40m▟[48;2;94;36;17m[38;2;188;98;31m▖[48;2;62;0;3m[38;2;61;3;4m▖[48;2;78;1;1m[38;2;116;14;0m▗[48;2;79;3;0m[38;2;117;16;1m▙[48;2;85;10;1m[38;2;132;27;2m▖[48;2;82;28;0m[38;2;132;68;0m▗[48;2;73;44;0m[38;2;124;65;0m▙[48;2;41;31;0m[38;2;109;61;0m▄[48;2;38;34;0m[38;2;110;66;0m▙[48;2;58;43;1m[38;2;162;84;22m▟[48;2;134;67;38m[38;2;239;118;69m▙[48;2;128;62;27m[38;2;250;120;69m▟[48;2;224;103;64m[38;2;255;133;87m▟[48;2;184;88;8m[38;2;251;125;76m▛[48;2;183;87;7m[38;2;255;120;77m▜[48;2;255;129;100m[38;2;255;134;105m▛[48;2;202;82;66m[38;2;255;132;109m▛[48;2;145;56;45m[38;2;255;131;108m▜[48;2;255;132;109m[38;2;255;134;106m▟[48;2;206;93;27m[38;2;255;132;98m▛[48;2;204;92;21m[38;2;255;130;90m▜[48;2;255;133;105m[38;2;255;140;97m▄[48;2;255;120;91m[38;2;255;138;98m▙[48;2;127;63;15m[38;2;237;111;63m▖[48;2;95;55;0m[38;2;139;88;0m▗[48;2;104;62;0m[38;2;136;85;0m▞[48;2;74;44;0m[38;2;112;68;0m▀[48;2;68;34;0m[38;2;98;68;0m▘[48;2;49;8;0m[38;2;60;30;0m▖[48;2;50;2;0m[38;2;58;5;1m▛[48;2;82;60;45m[38;2;158;139;158m▗[48;2;176;152;181m[38;2;184;159;185m▟[48;2;182;159;182m[38;2;183;160;183m▗[48;2;183;160;183m[38;2;184;162;183m▗▄[48;2;183;158;181m[38;2;183;160;183m▛[48;2;171;145;168m[38;2;183;157;181m▛[48;2;139;113;134m[38;2;184;158;182m▀[48;2;134;111;129m▀[48;2;141;117;138m[38;2;187;162;185m▀[48;2;172;38;36m[38;2;178;148;162m▘[48;2;241;1;0m[38;2;255;20;0m▐[48;2;249;0;0m[38;2;255;1;0m▌[48;2;255;10;0m[38;2;255;18;0m▌[48;2;255;5;0m[38;2;255;22;0m▌[48;2;255;6;0m[38;2;255;19;0m▐[48;2;255;9;0m[38;2;255;14;0m▐[48;2;255;1;0m▐[48;2;91;0;0m[38;2;206;4;5m▙[48;2;72;20;26m[38;2;108;76;73m▜[48;2;185;89;38m[38;2;237;131;56m▐[48;2;188;94;54m[38;2;221;138;78m▌[48;2;106;92;25m[38;2;254;141;75m▘[48;2;0;39;1m[38;2;1;45;0m▙[48;2;0;36;1m[38;2;7;48;0m▖[48;2;6;48;0m[38;2;18;57;0m▄[48;2;10;51;0m[38;2;34;75;0m▄[48;2;79;84;4m[38;2;204;139;37m▝[48;2;255;166;41m[38;2;255;194;25m▗[48;2;255;171;49m[38;2;255;195;27m▄[48;2;255;171;45m[38;2;255;194;23m▄[48;2;255;160;16m[38;2;255;181;33m▛[48;2;255;145;7m[38;2;255;180;30m▜[48;2;255;183;38m[38;2;255;196;26m▄[48;2;255;184;38m[38;2;255;195;23m▄[48;2;255;183;37m[38;2;255;195;22m▄[38;2;255;195;20m▄▄[48;2;255;183;32m[38;2;255;192;18m▟[48;2;255;195;14m[38;2;255;198;10m▗[38;2;255;198;9m▄▄[48;2;255;196;9m[38;2;255;198;8m▖[48;2;255;195;9m[38;2;255;195;10m▀[38;2;255;196;9m▗[48;2;255;194;8m[38;2;255;195;21m▄[48;2;212;128;26m[38;2;255;181;13m▛[48;2;154;66;11m[38;2;255;157;19m▘[48;2;159;30;0m[38;2;220;94;0m▀[48;2;173;45;0m[38;2;245;119;0m▀[48;2;198;73;0m[38;2;235;114;0m▜[48;2;177;93;10m[38;2;222;130;20m▛[48;2;255;181;10m[38;2;255;193;10m▜[48;2;255;193;6m[38;2;255;194;9m▘[48;2;255;194;2m[38;2;255;194;4m▄[48;2;255;195;7m[38;2;255;202;20m▗[48;2;255;206;31m[38;2;255;239;106m▟[48;2;255;254;133m[38;2;255;255;157m▟[48;2;255;255;154m[38;2;255;255;158m▀[48;2;255;255;153m[38;2;255;255;159m▘[48;2;255;231;90m[38;2;255;255;145m▙[48;2;255;197;16m[38;2;255;241;99m▖[48;2;255;193;5m[38;2;255;194;8m▗[48;2;255;194;7m[38;2;255;195;7m▗[48;2;255;194;9m▄[48;2;255;193;10m[38;2;255;194;11m▙[48;2;255;180;16m[38;2;255;193;11m▛[48;2;255;107;0m[38;2;255;170;9m▀[48;2;255;144;6m[38;2;255;189;14m▀[48;2;189;114;2m[38;2;255;169;36m▘[48;2;70;80;0m[38;2;106;104;0m▙[48;2;49;53;0m[38;2;54;63;0m▖[48;2;61;52;0m[38;2;127;91;7m▜[48;2;62;67;0m[38;2;96;94;0m▛[48;2;39;50;0m[38;2;57;66;0m▘[48;2;41;49;0m[38;2;54;57;0m▝[48;2;73;62;0m[38;2;98;79;0m▗[0m
[48;2;0;0;0m[38;2;0;0;0m▘▘▘▘▘▘▘▘▘▘▘▘▘▘▘▘▘▘▘▘▘▘▘▘▘▘▘▘▘▘▘▘▘▘▘▘▘▘▘▘▘▘▘▘▘▘▘▘▘▘▘▘▘▘▘▘▘▘▘▘▘▘▘▘▘▘▘▘▘▘▘▘▘▘▘▘▘▘▘▘▘▘▘▘▘▘▘▘▘▘[38;2;0;3;0m▐[48;2;98;67;0m[38;2;218;151;0m▗[48;2;192;112;0m[38;2;255;182;0m▄[48;2;182;114;0m▖[48;2;69;0;1m[38;2;75;22;0m▌[48;2;96;6;1m[38;2;111;14;0m▝[48;2;97;4;0m[38;2;155;42;2m▟[48;2;133;65;2m[38;2;255;182;0m▗[48;2;170;99;0m[38;2;255;187;0m▄[48;2;154;81;0m[38;2;255;175;0m▄[48;2;145;75;0m[38;2;248;164;0m▄[48;2;149;78;0m[38;2;206;124;0m▄[48;2;158;86;0m[38;2;193;115;0m▖[48;2;168;89;0m[38;2;208;91;3m▝[48;2;163;85;0m[38;2;255;140;66m▘[48;2;157;80;0m[38;2;214;110;26m▝[48;2;147;78;0m[38;2;169;88;0m▘[48;2;149;78;0m[38;2;182;85;4m▝[48;2;189;93;2m[38;2;255;129;68m▜[48;2;156;74;54m[38;2;255;141;87m▌[48;2;88;52;47m[38;2;246;126;80m▐[48;2;220;111;21m[38;2;255;134;75m▛[48;2;147;80;0m[38;2;176;74;0m▘[48;2;150;78;0m[38;2;180;90;1m▝[48;2;154;78;0m[38;2;228;111;29m▀[48;2;179;89;1m[38;2;252;139;50m▀[48;2;255;144;36m[38;2;255;162;54m▜[48;2;120;56;0m[38;2;196;108;18m▛[48;2;95;58;0m[38;2;147;96;0m▘[48;2;54;24;0m[38;2;79;47;0m▙[48;2;43;6;0m[38;2;75;40;0m▖[48;2;41;1;0m[38;2;58;1;1m▗[48;2;67;2;0m[38;2;68;6;4m▘[48;2;47;8;17m[38;2;69;25;39m▗[48;2;66;15;37m[38;2;123;72;91m▄[48;2;63;14;36m[38;2;128;75;97m▄[48;2;64;15;38m[38;2;125;73;98m▄[48;2;69;15;40m[38;2;128;71;98m▄[48;2;70;14;37m[38;2;133;66;96m▄[48;2;69;11;33m[38;2;129;69;93m▄[48;2;82;0;19m[38;2;126;66;84m▄[48;2;92;0;14m[38;2;119;59;78m▄[48;2;85;1;22m[38;2;94;18;36m▖[48;2;207;52;43m[38;2;181;86;85m▖[48;2;245;1;0m[38;2;243;32;9m▀[48;2;245;0;0m[38;2;241;34;6m▀[48;2;236;0;0m[38;2;238;22;5m▜[48;2;242;0;0m[38;2;229;31;7m▀[48;2;243;1;0m[38;2;236;33;1m▀[48;2;238;0;0m[38;2;234;30;1m▀[48;2;247;0;0m[38;2;233;26;3m▀[48;2;241;13;4m[38;2;231;65;60m▐[48;2;111;54;45m[38;2;176;80;48m▝[48;2;181;87;36m[38;2;230;125;59m▐[48;2;78;44;7m[38;2;216;137;78m▌[48;2;0;31;0m[38;2;63;64;3m▖[48;2;0;34;0m[38;2;5;49;4m▀[48;2;11;55;1m[38;2;24;63;0m▝[48;2;30;71;0m[38;2;52;91;0m▀[48;2;9;51;0m[38;2;71;105;0m▜[48;2;79;98;0m[38;2;181;139;33m▝[48;2;222;126;17m[38;2;255;184;27m▀[48;2;255;124;10m[38;2;255;187;19m▀[48;2;255;100;0m[38;2;255;170;15m▝[48;2;255;85;0m[38;2;255;143;16m▌[48;2;255;77;0m[38;2;255;104;0m▝[48;2;255;88;0m[38;2;255;166;21m▜[48;2;255;119;7m[38;2;255;192;27m▀[48;2;255;110;0m[38;2;255;186;21m▜[48;2;255;187;17m[38;2;255;196;15m▀[48;2;255;195;14m▚[48;2;255;195;10m[38;2;255;199;10m▖[48;2;255;196;8m[38;2;255;196;10m▖[38;2;255;198;9m▀[48;2;255;198;10m[38;2;255;199;9m▝[48;2;255;199;8m[38;2;255;200;9m▌[48;2;255;186;16m[38;2;255;197;6m▛[48;2;185;110;28m[38;2;255;193;20m▘[48;2;136;28;0m[38;2;163;92;20m▛[48;2;72;18;0m[38;2;240;154;36m▀[48;2;103;35;0m[38;2;250;141;17m▀[48;2;145;60;1m[38;2;222;107;2m▜[48;2;191;58;0m[38;2;222;117;3m▄[48;2;140;19;0m[38;2;206;93;0m▄[48;2;126;45;1m[38;2;186;109;24m▐[48;2;255;185;8m[38;2;255;193;8m▐[48;2;255;193;4m[38;2;255;194;5m▟[48;2;255;194;3m[38;2;255;195;6m▗[48;2;255;200;18m[38;2;255;227;77m▐[48;2;255;255;145m[38;2;255;255;158m▟[48;2;255;255;156m[38;2;255;255;157m▀[48;2;255;255;153m[38;2;255;255;156m▌[48;2;255;255;152m[38;2;255;255;153m▄[48;2;255;255;151m[38;2;255;255;155m▐[48;2;255;230;80m[38;2;255;253;140m▙[48;2;255;193;7m[38;2;255;202;26m▖[38;2;255;194;9m▀[48;2;255;158;6m[38;2;255;192;10m▛[48;2;255;103;0m[38;2;255;164;14m▘[48;2;255;79;0m[38;2;255;134;4m▀[48;2;255;85;0m[38;2;255;117;14m▘[48;2;237;78;0m[38;2;255;84;0m▛[48;2;119;92;0m[38;2;189;86;0m▘[48;2;67;73;0m[38;2;93;98;0m▘[48;2;28;43;0m[38;2;45;57;0m▙[48;2;47;57;0m[38;2;102;106;0m▗[48;2;69;75;0m[38;2;91;93;0m▄[48;2;39;52;0m[38;2;52;62;0m▌[48;2;31;41;0m[38;2;37;46;0m▄[48;2;96;71;0m[38;2;104;78;0m▝[0m
[48;2;0;0;0m[38;2;0;0;0m▘▘▘▘▘▘▘▘▘▘▘▘▘▘▘▘▘▘▘▘▘▘▘▘▘▘▘▘▘▘▘▘▘▘▘▘▘▘▘▘▘▘▘▘▘▘▘▘▘▘▘▘▘▘▘▘▘▘▘▘▘▘▘▘▘▘▘▘▘▘▘▘▘▘▘▘▘▘▘▘▘▘▘▘▘▘▘▘▘▘[38;2;0;3;0m▐[48;2;73;67;0m[38;2;199;142;0m▐[48;2;247;168;0m[38;2;255;182;0m▜[48;2;128;76;0m[38;2;255;184;0m▌[48;2;63;2;1m[38;2;78;0;0m▗[48;2;103;10;1m[38;2;154;34;0m▗[48;2;104;39;0m[38;2;179;54;1m▌[48;2;232;161;0m[38;2;255;182;0m▝[48;2;253;175;0m[38;2;255;185;0m▀[48;2;255;180;0m[38;2;255;189;0m▜[48;2;255;187;0m▛▀[48;2;255;170;0m[38;2;255;187;0m▙[48;2;228;145;0m[38;2;255;182;0m▙[48;2;202;122;0m[38;2;255;188;0m▄[48;2;173;98;0m[38;2;255;166;0m▄[48;2;156;84;0m[38;2;222;140;0m▄[48;2;152;80;0m[38;2;201;126;0m▄[48;2;153;82;0m[38;2;180;102;0m▟[48;2;83;53;32m[38;2;148;77;1m▌[48;2;110;68;29m[38;2;111;90;84m▖[48;2;157;76;0m[38;2;167;93;0m▙[48;2;147;77;0m[38;2;158;95;0m▄[48;2;149;79;0m[38;2;147;96;0m▗[48;2;153;81;0m[38;2;180;118;0m▄[48;2;155;83;0m[38;2;176;115;0m▄[48;2;174;91;0m[38;2;178;111;0m▟[48;2;182;122;0m[38;2;212;129;10m▜[48;2;97;58;0m[38;2;180;124;0m▙[48;2;80;49;0m[38;2;158;109;0m▄[48;2;87;52;0m[38;2;154;106;6m▄[48;2;52;8;0m[38;2;126;94;47m▙[48;2;70;28;29m[38;2;178;175;178m▄[48;2;130;127;128m[38;2;234;240;244m▟[48;2;242;244;250m[38;2;251;254;255m▟[48;2;251;255;255m[38;2;252;255;255m▗[48;2;249;255;255m[38;2;251;254;255m▙[48;2;253;250;255m[38;2;250;254;255m▛[48;2;231;236;241m[38;2;248;254;255m▛[48;2;177;162;166m[38;2;241;244;247m▛[48;2;166;92;100m[38;2;230;226;235m▀[48;2;165;30;33m[38;2;182;145;154m▘[48;2;106;0;13m[38;2;133;5;15m▌[48;2;250;36;12m[38;2;183;83;80m▌[48;2;251;2;0m[38;2;255;10;0m▝[48;2;201;1;0m[38;2;225;16;12m▜[48;2;242;6;0m[38;2;214;40;29m▟[48;2;246;4;0m[38;2;187;46;42m▄[48;2;242;0;0m[38;2;214;37;31m▟[48;2;252;5;0m[38;2;195;47;40m▄[48;2;231;6;0m[38;2;235;12;7m▛[48;2;255;6;0m[38;2;242;64;48m▐[48;2;157;0;0m[38;2;130;46;46m▛[48;2;121;4;10m[38;2;132;83;76m▜[48;2;43;20;1m[38;2;132;96;80m▙[48;2;1;29;0m[38;2;19;46;15m▖[48;2;0;41;0m[38;2;5;50;0m▐[48;2;4;46;0m[38;2;18;58;0m▗[48;2;10;48;0m[38;2;36;74;0m▄[48;2;24;66;0m[38;2;64;98;0m▐[48;2;60;79;0m[38;2;82;110;0m▖[48;2;127;74;9m[38;2;216;74;4m▐[48;2;255;81;0m[38;2;255;84;0m▝[48;2;255;79;0m▝[48;2;255;76;0m▙[48;2;255;75;0m[38;2;255;85;0m▄[48;2;255;88;0m[38;2;255;108;0m▗[48;2;255;84;0m[38;2;255;117;1m▄[38;2;255;122;3m▟[48;2;255;120;0m[38;2;255;132;1m▝[48;2;255;138;0m[38;2;255;171;15m▀[48;2;255;153;2m[38;2;255;184;14m▜[48;2;255;175;9m[38;2;255;196;10m▀[48;2;255;176;8m[38;2;255;196;9m▀[48;2;255;179;9m[38;2;255;199;9m▀[48;2;255;192;14m[38;2;255;199;8m▀▘[48;2;136;50;0m[38;2;235;155;17m▙[48;2;123;31;6m[38;2;172;90;16m▖[48;2;101;21;2m[38;2;127;57;14m▄[48;2;168;74;4m[38;2;182;89;15m▟[48;2;175;67;4m[38;2;241;128;24m▄[48;2;124;45;0m[38;2;176;81;13m▄[48;2;130;40;0m[38;2;163;71;1m▛[48;2;138;60;0m[38;2;201;113;10m▀[48;2;194;111;14m[38;2;249;166;23m▀[48;2;237;139;16m[38;2;255;194;11m▜[48;2;255;194;7m[38;2;255;195;7m▀[48;2;255;205;28m[38;2;255;246;116m▐[48;2;255;255;156m[38;2;255;255;158m▖[48;2;255;255;154m[38;2;255;255;156m▛[48;2;255;255;152m▘[48;2;255;255;151m[38;2;255;255;152m▀[48;2;255;255;144m▛[48;2;255;254;133m[38;2;255;255;148m▛[48;2;255;186;22m[38;2;255;210;46m▘[48;2;255;174;14m[38;2;255;188;11m▀[48;2;255;114;0m[38;2;255;152;4m▌[48;2;255;81;0m[38;2;255;123;0m▄[48;2;255;89;0m[38;2;255;151;0m▄[38;2;255;149;0m▄[48;2;241;87;0m[38;2;243;135;0m▄[48;2;113;87;0m[38;2;160;122;0m▖[48;2;63;57;0m[38;2;99;99;0m▘[48;2;33;41;0m[38;2;42;51;0m▘[48;2;36;46;0m[38;2;57;62;0m▝[48;2;38;43;0m[38;2;58;68;0m▀[48;2;43;28;0m[38;2;42;46;0m▜[48;2;47;51;0m[38;2;74;64;0m▝[48;2;50;55;0m[38;2;85;68;0m▘[0m
[48;2;0;0;0m[38;2;0;0;0m▘▘▘▘▘▘▘▘▘▘▘▘▘▘▘▘▘▘▘▘▘▘▘▘▘▘▘▘▘▘▘▘▘▘▘▘▘▘▘▘▘▘▘▘▘▘▘▘▘▘▘▘▘▘▘▘▘▘▘▘▘▘▘▘▘▘▘▘▘▘▘▘▘▘▘▘▘▘▘▘▘▘▘▘▘▘▘▘▘▘[38;2;0;3;0m▐[48;2;48;56;0m[38;2;146;115;0m▐[48;2;190;144;0m[38;2;219;156;0m▝[48;2;79;35;0m[38;2;168;121;0m▌[48;2;72;0;1m[38;2;110;10;3m▗[48;2;100;10;0m[38;2;158;35;0m▐[48;2;86;57;0m[38;2;148;68;4m▙[48;2;188;145;0m[38;2;204;150;0m▝[48;2;194;147;0m[38;2;213;155;0m▀[48;2;215;155;0m[38;2;227;158;0m▐[48;2;230;159;0m[38;2;240;164;0m▄[48;2;231;159;0m[38;2;242;167;0m▟[48;2;251;171;0m[38;2;255;187;0m▝[48;2;255;173;0m[38;2;255;189;0m▀[48;2;255;188;0m▝[48;2;255;187;0m▙[48;2;253;172;0m[38;2;255;187;0m▌[48;2;58;64;0m[38;2;146;115;3m▛[48;2;208;141;0m[38;2;255;178;0m▐[48;2;101;72;34m[38;2;206;139;0m▌[48;2;116;91;54m[38;2;157;115;13m▗[48;2;200;140;0m[38;2;247;172;0m▄[48;2;119;86;4m[38;2;220;159;0m▌[48;2;119;84;2m[38;2;129;93;0m▝[48;2;126;93;4m[38;2;184;140;0m▝[48;2;129;98;0m[38;2;190;146;0m▛[48;2;123;93;0m[38;2;201;153;0m▀[48;2;177;135;0m[38;2;205;153;0m▜[48;2;205;152;0m[38;2;205;156;0m▄[48;2;205;151;0m[38;2;204;155;0m▄[48;2;79;56;32m[38;2;154;115;26m▛[48;2;69;18;39m[38;2;160;146;157m▀[48;2;68;17;37m[38;2;207;196;212m▀[48;2;76;16;39m[38;2;203;191;209m▀[48;2;71;16;34m[38;2;201;189;205m▀[48;2;68;14;37m[38;2;201;189;203m▀[48;2;63;18;35m[38;2;204;191;204m▀[48;2;70;17;41m[38;2;206;193;206m▀[48;2;110;35;49m[38;2;187;175;186m▀[48;2;160;14;12m[38;2;151;72;81m▘[48;2;131;0;0m[38;2;172;0;0m▀[48;2;146;8;2m[38;2;226;1;0m▀[48;2;117;0;14m[38;2;157;0;5m▌[48;2;254;38;14m[38;2;186;85;80m▌[48;2;251;0;0m[38;2;255;2;0m▐[48;2;231;1;0m[38;2;178;62;62m▐[48;2;225;41;26m[38;2;230;130;118m▌[48;2;226;28;15m[38;2;219;119;109m▐[48;2;217;66;63m[38;2;200;90;82m▙[48;2;218;47;34m[38;2;217;103;95m▐[48;2;241;9;0m[38;2;221;71;56m▌[48;2;254;7;0m[38;2;240;63;45m▐[48;2;202;28;14m[38;2;248;18;0m▗[48;2;183;0;0m[38;2;234;49;38m▄[48;2;131;5;8m[38;2;165;31;34m▞[48;2;7;31;3m[38;2;55;67;52m▘[48;2;0;35;1m[38;2;0;45;0m▗[48;2;10;52;0m[38;2;22;64;0m▝[48;2;16;55;0m[38;2;50;87;0m▀[48;2;35;75;0m[38;2;70;103;0m▀[48;2;57;87;0m[38;2;101;116;0m▀[48;2;52;61;0m[38;2;172;101;2m▜[48;2;237;125;0m[38;2;214;151;0m▗[48;2;255;116;0m[38;2;219;151;0m▄[48;2;255;120;0m[38;2;227;144;0m▟[48;2;210;156;0m[38;2;240;143;0m▜[48;2;224;154;0m[38;2;255;158;0m▝[48;2;210;157;0m[38;2;255;167;0m▀[48;2;207;158;0m[38;2;255;169;0m▀[48;2;220;160;0m[38;2;255;184;0m▀[48;2;251;176;0m[38;2;255;182;0m▀[48;2;254;174;0m[38;2;255;184;0m▗[48;2;255;174;0m[38;2;255;183;0m▄[48;2;255;187;1m[38;2;255;189;7m▝[48;2;255;178;14m[38;2;255;190;4m▙[48;2;255;169;9m[38;2;255;189;0m▄[48;2;255;161;0m▄[48;2;255;171;2m[38;2;255;197;0m▄[48;2;109;64;25m[38;2;235;158;17m▙[48;2;148;91;33m[38;2;248;165;37m▖[48;2;150;81;18m[38;2;240;137;36m▄[48;2;247;120;12m[38;2;255;151;32m▘[48;2;103;55;14m[38;2;171;96;25m▟[48;2;200;80;0m[38;2;235;122;16m▙[48;2;105;22;0m[38;2;160;66;8m▖[48;2;122;23;0m[38;2;158;64;0m▝[48;2;160;75;18m[38;2;238;140;19m▝[48;2;213;117;31m[38;2;255;174;19m▜[48;2;255;184;33m[38;2;255;211;78m▝[48;2;255;201;43m[38;2;255;242;127m▀[48;2;255;217;40m[38;2;255;252;131m▀[48;2;255;211;18m[38;2;255;252;125m▀[48;2;255;177;1m[38;2;255;237;110m▀[48;2;237;126;8m[38;2;255;196;83m▀[48;2;255;151;29m[38;2;255;186;61m▀[48;2;220;136;1m[38;2;255;186;23m▀[48;2;206;136;0m[38;2;255;190;8m▀[48;2;212;149;0m[38;2;255;181;0m▀[48;2;226;163;0m[38;2;255;184;0m▀[48;2;226;162;0m[38;2;255;195;0m▀[48;2;224;163;0m[38;2;255;192;0m▀[48;2;220;162;0m[38;2;253;178;0m▀[48;2;130;102;0m[38;2;198;149;0m▙[48;2;89;67;0m[38;2;165;128;0m▄[48;2;65;60;0m[38;2;130;107;0m▄[48;2;48;54;0m[38;2;113;94;0m▄[48;2;45;47;0m[38;2;102;91;0m▄[48;2;43;48;0m[38;2;78;78;0m▄[48;2;44;52;0m[38;2;66;67;0m▖[48;2;43;47;0m[38;2;45;51;0m▌[0m
[48;2;0;0;0m[38;2;0;0;0m▘▘▘▘▘▘▘▘▘▘▘▘▘▘▘▘▘▘▘▘▘▘▘▘▘▘▘▘▘▘▘▘▘▘▘▘▘▘▘▘▘▘▘▘▘▘▘▘▘▘▘▘▘▘▘▘▘▘▘▘▘▘▘▘▘▘▘▘▘▘▘▘▘▘▘▘▘▘▘▘▘▘▘▘▘▘▘▘▘▘[38;2;0;3;0m▐[48;2;53;53;0m[38;2;144;111;0m▝[48;2;124;100;0m[38;2;182;140;0m▀[48;2;68;19;1m[38;2;121;93;0m▌[48;2;67;0;1m[38;2;102;9;0m▐[48;2;105;10;0m[38;2;144;27;0m▐[48;2;93;35;0m[38;2;180;141;0m▐[48;2;187;145;0m[38;2;189;145;0m▐[48;2;186;145;0m[38;2;187;146;0m▜[48;2;205;154;0m[38;2;255;183;0m▗[48;2;227;156;0m[38;2;255;188;0m▄[48;2;255;173;0m[38;2;255;184;0m▄[48;2;255;182;0m[38;2;255;187;0m▟[48;2;255;181;0m▛[48;2;62;74;3m[38;2;240;173;0m▀[48;2;135;116;9m[38;2;103;152;45m▗[48;2;122;116;10m[38;2;110;168;30m▗[48;2;63;62;4m[38;2;146;191;28m▄[48;2;142;100;2m[38;2;137;194;29m▄[48;2;93;69;17m[38;2;131;194;29m▄[48;2;75;64;29m[38;2;131;189;25m▄[48;2;149;110;0m[38;2;132;189;24m▄[48;2;69;50;3m[38;2;141;166;21m▙[48;2;54;50;6m[38;2;91;146;30m▖[48;2;86;60;2m[38;2;113;82;15m▛[48;2;30;23;35m[38;2;94;76;19m▘[48;2;8;8;41m[38;2;50;39;60m▀[48;2;81;75;20m[38;2;183;141;0m▝[48;2;68;85;15m[38;2;198;153;0m▀[48;2;115;112;13m[38;2;199;153;0m▜[48;2;125;88;0m[38;2;210;158;0m▘[48;2;100;0;0m[38;2;121;0;5m▐[48;2;108;24;30m[38;2;119;36;46m▛[48;2;128;0;1m[38;2;136;0;13m▐[48;2;104;22;37m[38;2;135;55;68m▝[48;2;130;0;6m[38;2;136;2;21m▙[48;2;124;11;16m[38;2;129;50;62m▝[48;2;101;0;6m[38;2;122;14;37m▘[48;2;92;14;24m[38;2;213;46;42m▐[48;2;67;13;14m[38;2;194;0;0m▌[48;2;0;0;3m[38;2;0;0;7m▙[48;2;0;0;4m[38;2;59;6;13m▐[48;2;110;0;12m[38;2;144;6;19m▌[48;2;254;38;13m[38;2;186;84;80m▌[48;2;247;0;0m[38;2;254;1;0m▟[48;2;250;0;0m[38;2;185;59;57m▐[48;2;221;46;37m[38;2;240;99;76m▝[48;2;208;39;27m[38;2;255;146;132m▖[48;2;214;25;15m[38;2;203;75;62m▛[48;2;220;55;48m[38;2;236;93;80m▘[48;2;239;5;0m[38;2;225;60;49m▌[48;2;255;7;0m[38;2;248;67;48m▐[48;2;230;9;0m[38;2;205;37;15m▛[48;2;82;0;0m[38;2;205;86;75m▟[48;2;237;15;0m[38;2;248;23;0m▄[48;2;91;60;1m[38;2;162;104;0m▗[48;2;18;36;0m[38;2;131;89;0m▄[48;2;22;18;0m[38;2;108;63;0m▖[48;2;24;22;0m[38;2;118;78;3m▗[48;2;37;50;0m[38;2;160;107;0m▄[48;2;68;78;0m[38;2;116;71;0m▟[48;2;164;134;0m[38;2;193;145;0m▟[48;2;136;70;0m[38;2;195;149;0m▛[48;2;150;86;0m[38;2;199;151;0m▜[48;2;190;146;0m[38;2;199;153;0m▛[48;2;171;120;0m[38;2;197;153;0m▀[48;2;192;145;0m[38;2;196;151;0m▜[48;2;194;152;0m[38;2;198;153;0m▀[48;2;195;153;0m[38;2;198;152;0m▗[48;2;194;152;0m▟[48;2;197;153;0m[38;2;198;153;0m▐[48;2;197;152;0m[38;2;211;154;0m▝[48;2;142;100;0m[38;2;215;155;0m▛[48;2;141;98;15m[38;2;223;154;0m▀[48;2;148;102;14m[38;2;220;153;0m▝[48;2;135;100;0m[38;2;236;165;0m▀[48;2;164;111;0m[38;2;239;169;0m▜[48;2;223;157;0m[38;2;255;189;0m▀[48;2;227;157;0m[38;2;255;196;0m▀[48;2;164;114;22m[38;2;250;175;0m▌[48;2;166;107;41m[38;2;246;150;37m▝[48;2;189;117;48m[38;2;243;144;27m▜[48;2;193;114;33m[38;2;255;160;44m▘[48;2;210;116;15m[38;2;242;145;36m▝[48;2;125;71;18m[38;2;231;159;10m▄[48;2;84;29;10m[38;2;255;182;0m▄[48;2;136;78;12m[38;2;255;194;0m▄[48;2;255;172;0m[38;2;255;192;0m▟[48;2;255;193;0m[38;2;255;196;0m▀[48;2;255;195;0m[38;2;255;198;0m▝▘[38;2;255;196;0m▄[48;2;255;193;0m▙[48;2;247;163;0m[38;2;255;192;0m▙[48;2;215;122;0m[38;2;255;188;0m▄[48;2;182;110;0m[38;2;240;145;16m▛[48;2;196;111;0m[38;2;249;142;35m▜[48;2;177;98;0m[38;2;246;147;33m▙[48;2;179;104;6m[38;2;255;147;42m▖[48;2;165;95;0m[38;2;197;146;0m▀[48;2;190;142;0m[38;2;202;155;0m▜[48;2;209;158;0m[38;2;231;170;0m▝[48;2;215;157;0m[38;2;253;175;0m▀[48;2;202;156;0m[38;2;226;169;0m▘[48;2;169;133;0m[38;2;197;152;0m▙[48;2;157;123;0m[38;2;201;155;0m▄[48;2;161;128;0m[38;2;195;149;0m▄[48;2;154;122;0m[38;2;181;140;0m▖[48;2;124;104;0m[38;2;142;112;0m▙[48;2;122;104;0m[38;2;148;111;0m▄[0m
[48;2;0;0;0m[38;2;0;0;0m▘▘▘▘▘▘▘▘▘▘▘▘▘▘▘▘▘▘▘▘▘▘▘▘▘▘▘▘▘▘▘▘▘▘▘▘▘▘▘▘▘▘▘▘▘▘▘▘▘▘▘▘▘▘▘▘▘▘▘▘▘▘▘▘▘▘▘▘▘▘▘▘▘▘▘▘▘▘▘▘▘▘▘▘▘▘▘▘▘▘[38;2;0;3;0m▐[48;2;19;37;0m[38;2;79;73;0m▐[48;2;91;81;0m[38;2;101;87;0m▛[48;2;50;0;0m[38;2;48;28;0m▌[48;2;71;0;1m[38;2;97;8;0m▐[48;2;112;14;0m[38;2;179;48;0m▐[48;2;112;45;0m[38;2;162;127;0m▝[48;2;113;96;0m[38;2;169;134;0m▀[48;2;146;121;0m[38;2;177;141;0m▜[48;2;177;137;0m[38;2;213;151;0m▝[48;2;185;141;0m[38;2;240;168;0m▀[48;2;190;136;0m[38;2;255;179;0m▀[48;2;183;120;0m[38;2;255;180;0m▀[48;2;146;109;0m[38;2;239;173;0m▌[48;2;0;43;4m[38;2;0;71;8m▀[48;2;4;75;1m[38;2;98;98;6m▘[48;2;0;50;2m[38;2;13;105;0m▀[48;2;21;85;5m[38;2;77;161;4m▀[48;2;61;103;0m[38;2;62;160;0m▀[48;2;74;132;0m[38;2;67;162;0m▀[48;2;75;136;0m[38;2;67;160;0m▀[48;2;76;136;0m[38;2;67;159;0m▀[48;2;75;134;0m[38;2;64;157;0m▀[48;2;26;98;6m[38;2;37;141;1m▘[48;2;22;19;22m[38;2;81;63;19m▛[48;2;12;8;28m[38;2;20;19;33m▙[48;2;0;12;18m[38;2;25;70;18m▟[48;2;8;25;11m[38;2;55;110;30m▘[48;2;4;0;30m[38;2;7;17;17m▀[48;2;10;5;36m[38;2;26;33;12m▀[48;2;57;41;8m[38;2;62;62;0m▘[48;2;98;7;1m[38;2;88;27;0m▗[48;2;86;27;0m[38;2;119;22;27m▀[48;2;105;0;0m[38;2;116;4;1m▛[48;2;106;0;0m[38;2;130;15;30m▀[48;2;108;0;0m[38;2;138;0;6m▜[48;2;151;0;2m[38;2;163;28;45m▝[48;2;135;0;5m[38;2;152;8;34m▘[48;2;110;13;30m[38;2;214;47;40m▐[48;2;58;10;15m[38;2;188;0;0m▌[48;2;0;0;3m[38;2;28;0;2m▗[48;2;43;0;2m[38;2;91;17;18m▐[48;2;108;0;11m[38;2;144;9;23m▌[48;2;251;38;13m[38;2;183;83;78m▌[48;2;250;0;0m[38;2;254;9;0m▐[48;2;254;4;0m[38;2;189;63;54m▐[48;2;228;61;46m[38;2;230;103;81m▖[48;2;209;35;20m[38;2;226;107;92m▚[48;2;226;61;51m[38;2;208;83;73m▙[48;2;227;61;51m[38;2;234;118;106m▗[48;2;232;8;0m[38;2;221;68;51m▌[48;2;249;10;0m[38;2;238;65;39m▐[48;2;211;19;0m[38;2;198;30;13m▛[48;2;212;17;0m[38;2;255;15;0m▀[48;2;207;22;0m[38;2;255;16;0m▘[48;2;95;37;0m[38;2;127;83;0m▐[48;2;133;93;0m[38;2;140;93;0m▛[48;2;62;12;0m[38;2;100;58;0m▙[48;2;97;46;0m[38;2;136;85;0m▐[48;2;154;96;0m[38;2;167;104;0m▀[48;2;98;31;0m[38;2;128;63;0m▙[48;2;132;66;0m[38;2;164;104;0m▄[48;2;126;56;0m[38;2;162;102;0m▖[48;2;127;60;0m[38;2;142;83;0m▐[48;2;146;86;0m[38;2;156;98;0m▘[48;2;104;35;0m[38;2;123;58;0m▌[48;2;134;72;0m[38;2;182;132;0m▝[48;2;141;79;0m[38;2;181;130;0m▀[48;2;124;50;0m[38;2;166;108;0m▛[48;2;172;115;0m[38;2;197;153;0m▀[48;2;144;81;0m[38;2;187;139;0m▛[48;2;189;146;0m[38;2;198;152;0m▘[48;2;101;44;0m[38;2;139;99;0m▌[48;2;80;26;0m[38;2;115;50;4m▀[48;2;158;95;7m[38;2;215;135;3m▐[48;2;170;40;0m[38;2;157;85;0m▘[48;2;191;39;0m[38;2;218;57;0m▚[48;2;211;41;0m[38;2;162;89;0m▀[48;2;196;54;0m[38;2;191;90;0m▛[48;2;142;31;0m[38;2;134;83;1m▀[48;2;137;69;11m[38;2;178;94;17m▞[48;2;154;75;15m[38;2;203;119;38m▀[48;2;150;62;6m[38;2;208;116;34m▘[48;2;131;61;8m[38;2;153;96;19m▝[48;2;162;111;0m[38;2;216;159;0m▀[48;2;200;148;0m[38;2;227;161;0m▀[48;2;224;163;0m[38;2;254;180;0m▀[48;2;224;164;0m[38;2;255;188;0m▀[48;2;225;165;0m[38;2;255;189;0m▀[48;2;225;164;0m▀[48;2;215;159;0m[38;2;255;185;0m▀[48;2;206;154;0m[38;2;252;177;0m▀[48;2;205;156;0m[38;2;243;176;0m▀[48;2;205;157;0m[38;2;222;163;0m▀[48;2;214;159;0m[38;2;240;168;0m▝[48;2;196;142;0m[38;2;249;174;0m▀[48;2;156;101;0m[38;2;184;136;0m▘[48;2;220;120;13m[38;2;255;157;33m▐[48;2;255;161;35m[38;2;255;163;37m▚[48;2;210;112;8m[38;2;253;147;30m▙[48;2;184;123;0m[38;2;200;149;0m▟[48;2;200;156;0m[38;2;202;156;0m▄[38;2;200;158;0m▗▖[48;2;199;154;0m[38;2;199;156;0m▖[48;2;181;141;0m[38;2;197;154;0m▛[48;2;161;122;0m[38;2;187;145;0m▘[48;2;152;113;0m[38;2;168;127;0m▘[48;2;150;110;0m[38;2;152;112;0m▘[48;2;121;96;0m[38;2;145;109;0m▛[0m
[48;2;0;0;0m[38;2;0;0;0m▘▘▘▘▘▘▘▘▘▘▘▘▘▘▘▘▘▘▘▘▘▘▘▘▘▘▘▘▘▘▘▘▘▘▘▘▘▘▘▘▘▘▘▘▘▘▘▘▘▘▘▘▘▘▘▘▘▘▘▘▘▘▘▘▘▘▘▘▘▘▘▘▘▘▘▘▘▘▘▘▘▘▘▘▘▘▘▘▘▘[38;2;0;3;0m▝[48;2;17;34;0m[38;2;67;67;0m▝[48;2;49;35;0m[38;2;86;80;0m▘[48;2;57;3;1m[38;2;90;4;0m▗[48;2;81;4;1m[38;2;114;28;5m▐[48;2;99;17;0m[38;2;142;30;0m▝[48;2;49;19;0m[38;2;174;61;11m▌[48;2;85;67;0m[38;2;96;85;0m▀[48;2;84;56;0m[38;2;109;95;0m▀[48;2;97;53;0m[38;2;132;109;0m▀[48;2;123;71;0m[38;2;169;135;0m▀[48;2;112;53;2m[38;2;174;133;0m▘[48;2;108;36;1m[38;2;127;67;0m▝[48;2;100;45;5m[38;2;148;99;0m▀[48;2;0;5;0m[38;2;0;28;1m▝[48;2;0;75;4m[38;2;12;93;1m▐[48;2;0;14;0m[38;2;0;38;3m▜[48;2;12;82;4m[38;2;37;113;8m▐[48;2;44;108;0m[38;2;86;122;0m▝[48;2;0;37;0m[38;2;59;142;0m▀[48;2;0;21;0m[38;2;58;145;0m▀[48;2;6;52;2m▀[48;2;0;14;1m[38;2;44;116;2m▀[48;2;3;68;1m[38;2;12;84;8m▛[48;2;10;23;3m[38;2;38;63;17m▚[48;2;0;0;0m[38;2;0;25;3m▟[48;2;0;8;12m[38;2;0;46;4m▘[48;2;0;0;18m[38;2;10;7;32m▝[48;2;0;0;16m[38;2;31;28;58m▜[48;2;22;20;43m[38;2;47;40;69m▛[48;2;37;26;40m[38;2;52;49;68m▚[48;2;46;45;0m[38;2;69;65;0m▜[48;2;70;66;0m[38;2;70;70;0m▖[48;2;73;49;0m[38;2;69;64;0m▙[48;2;74;51;0m[38;2;69;66;0m▄[48;2;82;33;0m[38;2;69;65;0m▄[48;2;117;4;0m[38;2;76;57;0m▄[48;2;115;3;1m[38;2;84;48;0m▄[48;2;112;19;22m[38;2;158;67;11m▟[48;2;128;10;4m[38;2;134;77;0m▄[48;2;42;6;0m[38;2;120;91;0m▄[48;2;74;18;2m[38;2;140;101;0m▄[48;2;104;15;7m[38;2;139;99;0m▄[48;2;206;39;6m[38;2;163;96;19m▙[48;2;198;6;0m[38;2;169;100;0m▄[48;2;162;27;16m[38;2;158;104;0m▄[48;2;178;13;0m[38;2;166;98;26m▙[48;2;183;7;0m[38;2;199;105;37m▟[48;2;166;48;35m[38;2;239;131;44m▄[48;2;180;47;32m[38;2;247;133;45m▄[48;2;190;76;22m[38;2;227;136;16m▄[48;2;180;97;0m[38;2;182;118;0m▖[48;2;151;84;0m[38;2;174;135;0m▄[48;2;146;77;0m[38;2;192;144;0m▄[48;2;152;86;0m[38;2;185;141;0m▄[48;2;134;72;1m[38;2;146;102;0m▘[48;2;158;116;0m[38;2;207;147;0m▗[48;2;147;84;0m[38;2;173;129;0m▛[48;2;146;78;0m[38;2;193;146;0m▀[48;2;137;63;0m[38;2;186;133;0m▘[48;2;133;65;0m[38;2;184;136;0m▝[48;2;145;74;0m[38;2;206;156;0m▀[48;2;148;77;0m[38;2;182;130;0m▀[48;2;133;61;0m[38;2;156;104;0m▘[48;2;133;75;0m[38;2;160;111;0m▜[48;2;126;68;0m[38;2;158;112;0m▙[38;2;161;117;0m▟[48;2;148;99;0m[38;2;157;110;0m▞[48;2;116;42;0m[38;2;146;94;0m▙[48;2;138;70;0m[38;2;151;96;0m▄[48;2;91;24;0m[38;2;146;86;0m▌[48;2;144;79;0m[38;2;177;127;0m▝[48;2;162;110;0m[38;2;207;159;0m▗[48;2;114;73;0m[38;2;179;137;0m▙[48;2;148;85;6m[38;2;171;96;8m▝[48;2;64;0;0m[38;2;118;18;0m▛[48;2;110;1;0m[38;2;192;22;0m▝[48;2;163;5;1m[38;2;223;31;0m▝[48;2;188;11;0m[38;2;228;26;0m▘[48;2;169;21;0m[38;2;224;32;0m▘[48;2;114;26;9m[38;2;180;98;23m▀[48;2;103;20;4m[38;2;181;92;22m▛[48;2;159;53;0m[38;2;206;88;8m▝[48;2;140;25;0m[38;2;193;54;5m▚[48;2;190;33;0m[38;2;184;73;0m▝[48;2;232;59;0m[38;2;184;106;1m▀[48;2;189;96;1m[38;2;198;148;0m▝[48;2;164;95;8m[38;2;200;151;0m▀[48;2;113;75;0m[38;2;202;157;0m▀[48;2;120;90;0m[38;2;191;146;0m▜[48;2;158;116;0m[38;2;202;153;0m▛[48;2;144;98;0m[38;2;204;156;0m▀[48;2;172;109;0m[38;2;197;151;0m▀[48;2;180;108;0m[38;2;188;142;0m▀[48;2;185;124;0m[38;2;234;134;13m▗[48;2;179;112;0m[38;2;255;150;32m▄[48;2;220;126;16m[38;2;255;157;37m▟[48;2;255;160;36m[38;2;255;165;33m▟[48;2;229;139;0m[38;2;255;158;23m▛[48;2;208;134;0m[38;2;253;138;14m▘[48;2;199;147;0m[38;2;200;152;0m▟[48;2;198;155;0m[38;2;200;156;0m▀[48;2;199;154;0m[38;2;201;156;0m▛[48;2;183;137;0m[38;2;200;155;0m▀[48;2;159;115;0m[38;2;186;144;0m▀[48;2;144;107;0m[38;2;162;121;0m▀[48;2;135;102;0m[38;2;154;120;0m▗[48;2;116;89;0m[38;2;135;111;0m▄[48;2;132;99;0m[38;2;134;110;0m▗[48;2;116;97;0m[38;2;141;113;0m▛[0m
[48;2;0;0;0m[38;2;0;0;0m▘▘▘▘▘▘▘▘▘▘▘▘▘▘▘▘▘▘▘▘▘▘▘▘▘▘▘▘▘▘▘▘▘▘▘▘▘▘▘▘▘▘▘▘▘▘▘▘▘▘▘▘▘▘▘▘▘▘▘▘▘▘▘▘▘▘▘▘▘▘▘▘▘▘▘▘▘▘▘▘▘▘▘▘▘▘▘▘▘▘[38;2;0;3;0m▝[48;2;7;17;1m[38;2;44;31;3m▐[48;2;26;1;0m[38;2;73;29;5m▙[48;2;46;0;1m[38;2;137;57;26m▄[48;2;60;0;0m[38;2;116;28;4m▟[48;2;66;0;0m[38;2;103;25;6m▛[48;2;61;0;0m[38;2;111;32;13m▀[48;2;70;2;0m[38;2;88;24;0m▀[48;2;61;16;0m[38;2;113;54;7m▜[48;2;84;66;0m[38;2;116;56;7m▜[48;2;121;50;6m[38;2;105;66;3m▙[48;2;82;27;0m[38;2;104;85;0m▖[48;2;118;45;1m[38;2;110;63;0m▗[48;2;116;94;4m[38;2;122;103;0m▖[48;2;0;5;0m[38;2;4;27;8m▗[48;2;0;49;0m[38;2;12;83;1m▐[48;2;0;26;0m[38;2;2;45;1m▐[48;2;20;97;5m[38;2;27;134;3m▐[48;2;6;128;0m[38;2;19;134;0m▐[48;2;2;46;0m[38;2;37;82;25m▗[48;2;0;0;1m[38;2;0;10;4m▞[48;2;3;17;2m[38;2;10;33;10m▗[48;2;1;6;0m[38;2;0;27;0m▖[48;2;0;36;0m[38;2;5;88;3m▜[48;2;0;62;7m[38;2;17;91;0m▄[48;2;0;0;17m[38;2;0;34;11m▌[48;2;0;0;9m[38;2;0;0;21m▟[48;2;2;2;20m[38;2;32;28;54m▝[48;2;33;20;33m[38;2;46;38;64m▀[48;2;52;10;16m[38;2;119;45;4m▟[48;2;42;26;46m[38;2;188;105;19m▖[48;2;58;52;17m[38;2;141;115;0m▗[48;2;80;71;0m[38;2;190;155;0m▄[48;2;94;83;0m[38;2;197;157;0m▄[48;2;93;81;0m[38;2;194;154;0m▄[38;2;187;151;0m▄[48;2;106;86;0m[38;2;186;146;0m▄[48;2;162;121;0m[38;2;184;145;0m▟[48;2;187;144;0m[38;2;196;149;0m▄[48;2;187;145;0m[38;2;191;146;0m▟[48;2;190;149;0m[38;2;192;151;0m▝[48;2;190;148;0m[38;2;194;152;0m▙[48;2;187;149;0m[38;2;194;151;0m▄[48;2;188;148;0m[38;2;191;151;0m▄[48;2;189;149;0m[38;2;195;150;0m▝[48;2;186;149;0m[38;2;197;149;0m▀[48;2;189;145;0m[38;2;194;152;0m▛[48;2;167;126;0m[38;2;194;140;0m▀[48;2;162;110;0m[38;2;217;131;9m▜[48;2;255;150;35m[38;2;255;164;39m▐[48;2;255;161;32m[38;2;255;166;34m▄[48;2;255;161;30m[38;2;255;168;34m▄[48;2;185;118;0m[38;2;255;167;37m▄[48;2;146;106;0m[38;2;255;165;40m▄[48;2;151;108;0m[38;2;255;165;37m▄[48;2;126;43;5m[38;2;152;63;15m▖[48;2;125;36;0m[38;2;160;74;2m▐[48;2;177;86;9m[38;2;211;123;13m▝[48;2;166;79;13m[38;2;221;135;25m▀[48;2;137;58;17m[38;2;207;124;37m▘[48;2;133;53;6m[38;2;200;123;34m▝[48;2;156;77;6m[38;2;214;135;27m▀[48;2;151;76;10m[38;2;219;137;38m▀[48;2;129;41;3m[38;2;150;70;17m▌[48;2;151;73;7m[38;2;255;163;48m▗[48;2;153;81;0m[38;2;255;159;40m▄[48;2;144;79;0m[38;2;239;149;25m▄[48;2;167;108;0m[38;2;246;153;21m▄[48;2;175;115;0m[38;2;254;155;28m▄[48;2;191;122;1m[38;2;194;128;0m▐[48;2;177;116;0m[38;2;225;141;3m▖[48;2;154;104;0m[38;2;194;118;0m▙[48;2;157;106;0m[38;2;217;147;0m▟[48;2;172;128;0m[38;2;209;150;0m▌[48;2;121;79;2m[38;2;142;91;12m▛[48;2;133;89;3m[38;2;181;139;0m▗[48;2;160;119;0m[38;2;205;155;0m▄[48;2;84;26;4m[38;2;201;159;0m▄[48;2;89;9;0m[38;2;188;147;15m▖[48;2;185;11;0m[38;2;236;34;0m▝[48;2;168;11;0m[38;2;240;33;0m▖[48;2;124;6;0m[38;2;234;39;0m▗[48;2;121;2;0m[38;2;246;45;0m▄[48;2;179;9;0m[38;2;242;40;0m▖[48;2;158;2;1m[38;2;217;28;0m▝[48;2;180;8;0m[38;2;255;57;0m▘[48;2;228;30;0m[38;2;254;52;0m▝[48;2;204;25;0m[38;2;239;56;0m▐[48;2;194;38;0m[38;2;232;88;0m▘[48;2;149;58;8m[38;2;204;122;13m▗[48;2;86;52;10m[38;2;162;117;35m▛[48;2;94;43;18m[38;2;204;126;42m▜[48;2;255;149;40m[38;2;255;163;52m▄[48;2;255;158;36m[38;2;255;166;33m▄[48;2;255;159;31m[38;2;255;167;28m▟[48;2;234;157;0m[38;2;255;165;21m▛[48;2;206;150;0m[38;2;255;169;24m▀[48;2;211;153;0m[38;2;254;158;0m▘[48;2;198;152;0m[38;2;205;153;0m▛[48;2;195;152;0m[38;2;199;153;0m▀[48;2;135;100;0m[38;2;187;146;0m▛[48;2;132;94;0m[38;2;150;122;0m▙[48;2;95;74;0m[38;2;166;130;0m▀[48;2;112;86;0m[38;2;147;112;0m▛[48;2;102;80;0m[38;2;146;110;0m▀[48;2;128;99;0m[38;2;156;126;0m▄[48;2;61;52;0m[38;2;135;109;0m▛[48;2;53;53;0m[38;2;116;99;0m▀[48;2;50;50;0m[38;2;96;85;0m▜[48;2;57;58;0m[38;2;108;94;0m▘[0m
[48;2;0;0;0m[38;2;0;0;0m▘▘▘▘▘▘▘▘▘▘▘▘▘▘▘▘▘▘▘▘▘▘▘▘▘▘▘▘▘▘▘▘▘▘▘▘▘▘▘▘▘▘▘▘▘▘▘▘▘▘▘▘▘▘▘▘▘▘▘▘▘▘▘▘▘▘▘▘▘▘▘▘▘▘▘▘▘▘▘▘▘▘▘▘▘▘▘▘▘▘[38;2;0;2;1m▐[48;2;11;15;1m[38;2;55;26;0m▐[48;2;72;21;0m[38;2;79;27;0m▞[48;2;73;14;0m[38;2;72;51;0m▄[48;2;62;14;0m[38;2;120;28;0m▐[48;2;86;33;0m[38;2;76;55;0m▗[48;2;61;12;0m[38;2;84;41;0m▄[48;2;81;25;0m[38;2;98;43;0m▟[48;2;86;33;0m[38;2;90;67;0m▝[48;2;92;47;0m[38;2;91;72;0m▘[48;2;81;46;0m[38;2;96;49;0m▟[48;2;82;16;0m[38;2;103;50;0m▌[48;2;91;29;0m[38;2;125;39;2m▌[48;2;83;43;1m[38;2;103;37;0m▘[48;2;0;3;0m[38;2;0;36;4m▐[48;2;0;49;0m[38;2;5;80;4m▐[48;2;0;25;0m[38;2;0;47;0m▟[48;2;20;91;7m[38;2;22;119;7m▐[48;2;6;115;0m[38;2;19;129;0m▝[48;2;0;33;0m[38;2;0;47;1m▙[48;2;0;9;3m[38;2;1;45;2m▙[48;2;0;21;0m[38;2;9;80;9m▐[48;2;0;42;2m[38;2;2;78;2m▌[48;2;0;43;1m[38;2;5;119;0m▐[48;2;1;121;0m[38;2;32;158;3m▘[48;2;0;0;8m[38;2;0;38;1m▌[48;2;0;0;13m[38;2;0;0;26m▜[48;2;3;2;29m[38;2;19;13;42m▝[48;2;61;43;46m[38;2;127;84;19m▗[48;2;141;54;0m[38;2;201;109;0m▙[48;2;52;32;22m[38;2;226;125;0m▌[48;2;68;55;33m[38;2;139;110;0m▝[48;2;141;113;0m[38;2;189;152;0m▀[48;2;132;103;0m[38;2;188;151;0m▀[48;2;125;97;0m[38;2;166;133;0m▀[48;2;145;109;0m[38;2;169;133;0m▘[48;2;140;92;0m[38;2;146;116;0m▀[48;2;147;87;0m[38;2;148;115;0m▀[48;2;159;94;0m[38;2;162;113;0m▜[48;2;159;115;0m[38;2;232;126;18m▄[48;2;161;119;0m[38;2;242;133;21m▄[48;2;180;122;0m[38;2;250;136;21m▄[48;2;189;115;0m[38;2;255;157;33m▄[48;2;175;107;0m[38;2;255;163;36m▄[48;2;175;106;0m[38;2;255;164;36m▄[48;2;173;105;0m[38;2;255;166;33m▄[48;2;203;115;5m[38;2;255;167;29m▄[48;2;255;156;23m[38;2;255;168;19m▖[48;2;254;160;14m[38;2;255;165;40m▝[48;2;245;160;0m[38;2;255;165;32m▀[48;2;236;158;0m[38;2;255;169;24m▀[48;2;211;150;0m[38;2;255;166;18m▀[48;2;210;148;0m[38;2;255;166;15m▀[48;2;196;139;0m[38;2;236;158;1m▛[48;2;192;134;0m[38;2;228;147;0m▘[48;2;142;66;1m[38;2;196;140;0m▄[48;2;145;80;0m[38;2;202;150;0m▄[48;2;181;111;0m[38;2;214;158;0m▄[48;2;190;123;0m[38;2;214;157;0m▄[48;2;166;107;0m[38;2;224;167;0m▄[48;2;157;101;0m[38;2;219;165;0m▄[48;2;179;131;0m[38;2;234;181;0m▄[48;2;179;130;0m[38;2;233;177;0m▄[48;2;167;108;0m[38;2;246;188;0m▄[48;2;179;123;0m[38;2;214;161;0m▄[48;2;183;132;0m[38;2;226;171;0m▄[48;2;185;138;0m[38;2;225;170;0m▄[48;2;212;153;0m[38;2;220;166;0m▄[48;2;215;148;0m[38;2;231;179;0m▄[48;2;217;148;0m[38;2;223;167;0m▄[48;2;226;167;0m[38;2;249;166;0m▀[48;2;210;150;0m[38;2;246;168;2m▛[48;2;218;159;0m[38;2;248;165;0m▜[48;2;249;163;9m[38;2;249;178;0m▗[48;2;247;159;11m[38;2;255;184;0m▖[48;2;232;147;0m[38;2;247;169;5m▙[48;2;224;142;0m[38;2;250;174;0m▄[48;2;219;144;0m[38;2;255;187;3m▄[48;2;173;118;8m[38;2;255;225;31m▖[48;2;196;18;0m[38;2;213;45;0m▘[48;2;148;1;0m[38;2;222;28;0m▌[48;2;134;0;0m[38;2;200;18;0m▟[48;2;201;14;0m[38;2;234;28;0m▌[48;2;135;0;5m[38;2;197;17;0m▌[48;2;95;3;12m[38;2;108;60;0m▗[48;2;136;14;2m[38;2;144;92;0m▄[48;2;158;7;0m[38;2;153;77;9m▄[48;2;134;0;0m[38;2;147;22;1m▟[48;2;108;3;9m[38;2;145;7;4m▀[48;2;152;39;0m[38;2;214;114;4m▐[48;2;86;33;1m[38;2;166;99;9m▘[48;2;93;19;0m[38;2;110;38;0m▝[48;2;101;34;0m[38;2;134;64;19m▝[48;2;215;152;8m[38;2;242;170;0m▐[48;2;212;157;0m[38;2;230;165;0m▌[48;2;203;153;0m[38;2;221;173;0m▄[48;2;200;153;0m[38;2;220;170;0m▄[48;2;197;152;0m[38;2;219;168;0m▖[48;2;149;115;0m[38;2;183;141;0m▘[48;2;101;78;0m[38;2;117;93;0m▌[48;2;110;88;0m[38;2;130;111;0m▝[48;2;81;68;0m[38;2;112;93;0m▘[48;2;55;47;0m[38;2;97;81;0m▄[48;2;98;80;0m[38;2;115;99;0m▐[48;2;73;62;0m[38;2;121;104;0m▀[48;2;69;59;0m[38;2;107;89;0m▀[48;2;48;48;0m[38;2;80;71;0m▙[48;2;42;45;0m[38;2;66;62;0m▄[48;2;49;50;0m[38;2;60;62;0m▖[48;2;36;49;0m[38;2;56;55;0m▙[0m
[48;2;0;0;0m[38;2;0;0;0m▘▘▘▘▘▘▘▘▘▘▘▘▘▘▘▘▘▘▘▘▘▘▘▘▘▘▘▘▘▘▘▘▘▘▘▘▘▘▘▘▘▘▘▘▘▘▘▘▘▘▘▘▘▘▘▘▘▘▘▘▘▘▘▘▘▘▘▘▘▘▘▘▘▘▘▘▘▘▘▘▘▘▘▘▘▘▘▘▘▘[38;2;0;3;0m▐[48;2;17;18;2m[38;2;67;36;2m▐[48;2;91;41;0m[38;2;85;48;0m▝[48;2;84;39;0m[38;2;87;51;2m▀[48;2;65;19;0m[38;2;118;29;1m▐[48;2;89;26;1m[38;2;80;61;0m▗[48;2;91;45;0m[38;2;89;74;0m▄[48;2;94;47;0m[38;2;100;86;0m▄[48;2;96;64;0m[38;2;138;118;0m▄[48;2;103;72;0m[38;2;166;134;0m▄[48;2;106;88;0m[38;2;154;126;0m▄[48;2;122;96;0m[38;2;180;146;0m▖[48;2;29;17;13m[38;2;103;58;0m▘[48;2;0;0;10m[38;2;21;18;2m▀[48;2;0;2;1m[38;2;0;56;11m▐[48;2;0;61;1m[38;2;0;73;7m▄[48;2;0;65;1m[38;2;0;94;7m▗[48;2;8;75;2m[38;2;37;113;12m▄[48;2;2;66;2m[38;2;6;78;7m▖[48;2;4;62;8m[38;2;18;85;10m▝[48;2;14;48;23m[38;2;12;81;1m▀[48;2;9;41;17m[38;2;18;99;3m▀[48;2;0;14;0m[38;2;14;100;5m▀[48;2;0;22;5m[38;2;0;67;0m▝[48;2;0;31;11m[38;2;0;99;3m▀[48;2;0;0;11m[38;2;0;16;10m▘[48;2;0;0;13m[38;2;0;0;18m▚[48;2;2;2;19m[38;2;19;15;44m▝[48;2;43;39;62m[38;2;136;85;15m▐[48;2;194;95;0m[38;2;235;134;0m▖[48;2;51;34;21m[38;2;249;152;0m▌[48;2;76;52;38m[38;2;190;111;38m▗[48;2;174;103;0m[38;2;255;151;29m▄[48;2;188;109;7m[38;2;255;154;32m▄[48;2;195;112;6m[38;2;255;150;30m▄[48;2;228;132;20m[38;2;251;141;25m▟[48;2;249;138;26m[38;2;255;145;30m▖[48;2;255;141;31m[38;2;255;153;35m▄[48;2;255;146;28m[38;2;255;152;27m▟[48;2;255;144;19m[38;2;255;156;27m▙[48;2;255;148;24m[38;2;255;161;26m▟[48;2;250;151;0m[38;2;255;153;21m▛[48;2;248;152;0m[38;2;255;161;27m▀[48;2;227;149;0m[38;2;255;170;27m▀[48;2;217;152;0m[38;2;255;162;8m▀[48;2;220;158;0m[38;2;243;157;0m▘[48;2;201;150;0m[38;2;228;161;0m▜[48;2;222;156;0m[38;2;239;184;0m▄[48;2;221;161;0m[38;2;252;202;1m▄[48;2;226;168;0m[38;2;255;209;2m▄[48;2;234;176;0m[38;2;255;223;9m▄[48;2;233;179;0m[38;2;255;228;19m▄[48;2;234;178;0m[38;2;255;229;21m▄[48;2;254;202;5m[38;2;255;234;21m▄[48;2;255;204;3m[38;2;255;239;25m▄[48;2;251;196;0m[38;2;255;236;22m▄[48;2;255;206;1m[38;2;255;238;21m▄[48;2;255;220;8m[38;2;255;241;23m▄[48;2;255;214;8m[38;2;255;241;29m▄[48;2;255;220;10m▄[48;2;255;213;3m[38;2;255;233;24m▟[48;2;255;224;16m[38;2;255;238;30m▟[48;2;255;226;13m[38;2;255;238;29m▄[48;2;255;223;14m[38;2;255;233;17m▀[48;2;255;213;6m[38;2;255;235;27m▄[48;2;255;224;14m[38;2;255;238;26m▄[48;2;255;219;5m[38;2;255;239;26m▄[48;2;255;218;8m[38;2;255;240;29m▄[48;2;255;230;22m[38;2;255;241;29m▄[48;2;255;218;13m[38;2;255;238;29m▄[48;2;255;218;7m[38;2;255;239;28m▄[48;2;255;194;0m[38;2;255;233;19m▙[48;2;255;212;2m[38;2;255;234;21m▟[48;2;255;223;11m[38;2;255;239;28m▄[48;2;255;224;14m[38;2;255;242;31m▄[48;2;255;221;16m[38;2;255;241;34m▄[48;2;255;218;12m[38;2;255;241;32m▄[48;2;255;228;16m[38;2;255;242;29m▄[48;2;133;62;5m[38;2;255;236;45m▌[48;2;200;20;0m[38;2;246;44;0m▗[48;2;116;1;0m[38;2;172;14;0m▙[48;2;165;9;0m[38;2;214;25;0m▟[48;2;200;12;0m[38;2;231;28;0m▌[48;2;166;4;1m[38;2;181;30;0m▗[48;2;118;47;22m[38;2;244;192;32m▐[48;2;255;216;10m[38;2;255;239;28m▄[48;2;255;217;28m[38;2;255;239;26m▄[48;2;206;153;31m[38;2;255;239;33m▄[48;2;133;79;27m[38;2;233;190;33m▄[48;2;127;48;0m[38;2;156;90;13m▟[48;2;91;48;0m[38;2;134;79;12m▙[48;2;145;101;23m[38;2;243;201;39m▄[48;2;151;105;22m[38;2;255;220;37m▄[48;2;255;214;28m[38;2;255;235;26m▟[48;2;255;216;7m[38;2;255;238;21m▄[48;2;255;217;12m[38;2;255;233;23m▟[48;2;255;223;17m[38;2;255;242;27m▄[48;2;255;214;12m[38;2;255;242;31m▄[48;2;245;196;18m▄[48;2;229;185;19m[38;2;255;242;33m▄[48;2;240;193;33m[38;2;255;237;34m▄[48;2;228;181;21m[38;2;255;227;23m▄[48;2;242;193;24m[38;2;255;232;22m▄[48;2;241;194;26m[38;2;255;230;23m▄[48;2;162;133;18m[38;2;242;208;33m▙[48;2;176;143;15m[38;2;255;225;31m▄[48;2;218;176;15m[38;2;255;230;20m▄[48;2;214;172;15m[38;2;255;236;25m▄[48;2;174;145;16m[38;2;255;225;28m▄[48;2;197;157;15m[38;2;255;235;37m▄[0m
[48;2;0;0;0m[38;2;0;0;0m▘▘▘▘▘▘▘▘▘▘▘▘▘▘▘▘▘▘▘▘▘▘▘▘▘▘▘▘▘▘▘▘▘▘▘▘▘▘▘▘▘▘▘▘▘▘▘▘▘▘▘▘▘▘▘▘▘▘▘▘▘▘▘▘▘▘▘▘▘▘▘▘▘▘▘▘▘▘▘▘▘▘▘▘▘▘▘▘▘▘[38;2;0;3;0m▗[48;2;29;27;0m[38;2;98;88;0m▗[48;2;79;52;0m[38;2;113;95;0m▟[48;2;97;86;0m[38;2;139;122;0m▗[48;2;122;74;0m[38;2;154;125;0m▄[48;2;131;95;0m[38;2;192;147;0m▗[48;2;158;130;0m[38;2;182;139;0m▟[48;2;158;123;0m[38;2;178;137;0m▙[48;2;160;127;0m[38;2;177;137;0m▄[48;2;150;116;0m[38;2;178;136;0m▄[48;2;163;127;0m[38;2;189;144;0m▛[48;2;56;40;16m[38;2;149;118;0m▌[48;2;0;0;26m[38;2;18;7;40m▌[48;2;18;1;1m[38;2;115;42;6m▗[48;2;0;1;0m[38;2;0;19;0m▟[48;2;0;33;5m[38;2;0;48;15m▗[48;2;0;27;8m[38;2;0;43;5m▛[48;2;0;23;4m[38;2;0;43;7m▚[48;2;4;12;1m[38;2;13;71;20m▄[48;2;22;19;36m[38;2;29;32;50m▞[48;2;40;36;60m[38;2;66;54;77m▞[48;2;34;11;17m[38;2;51;46;80m▀[48;2;2;0;14m[38;2;51;44;84m▖[48;2;0;0;3m[38;2;0;0;8m▄[48;2;47;28;17m[38;2;237;142;52m▗[48;2;111;63;35m[38;2;255;163;54m▖[48;2;0;0;16m[38;2;10;0;7m▖[48;2;0;0;15m[38;2;6;2;31m▗[48;2;33;24;49m[38;2;86;50;18m▝[48;2;148;59;0m[38;2;241;147;0m▚[48;2;81;57;36m[38;2;238;168;8m▘[48;2;83;53;50m[38;2;234;151;51m▐[48;2;255;132;20m[38;2;255;161;34m▛[48;2;255;138;21m[38;2;255;160;36m▘[48;2;247;119;9m[38;2;255;163;37m▄[48;2;255;135;17m[38;2;255;164;28m▄[48;2;255;157;21m[38;2;255;166;20m▖[48;2;238;151;0m[38;2;255;166;31m▀[48;2;205;140;0m[38;2;255;172;29m▀[48;2;198;144;0m[38;2;250;161;9m▀[48;2;214;145;0m[38;2;219;168;0m▗[48;2;203;142;0m[38;2;211;154;0m▄[48;2;212;154;0m[38;2;254;193;0m▄[48;2;206;153;0m[38;2;255;227;20m▄[48;2;206;151;0m[38;2;255;232;20m▟[48;2;255;214;10m[38;2;255;241;25m▄[48;2;255;204;0m[38;2;255;237;29m▟[48;2;255;214;0m[38;2;255;235;24m▛[48;2;255;225;8m[38;2;255;238;25m▜[48;2;255;206;0m[38;2;255;232;21m▛[38;2;255;231;21m▜[48;2;255;229;12m[38;2;255;240;26m▛[48;2;255;231;15m[38;2;255;239;29m▜[48;2;255;234;25m[38;2;255;238;30m▟[48;2;255;235;23m[38;2;255;241;26m▀[48;2;255;236;25m[38;2;255;241;23m▀[48;2;255;232;21m[38;2;255;240;25m▛[48;2;255;224;18m[38;2;255;238;28m▜[48;2;255;229;19m[38;2;255;241;27m▛[48;2;255;212;7m[38;2;255;228;19m▚[48;2;255;211;9m[38;2;255;237;30m▟[48;2;255;238;27m[38;2;255;241;30m▟[48;2;255;220;19m[38;2;255;239;30m▙[48;2;255;213;14m[38;2;255;239;29m▄[48;2;255;218;11m[38;2;255;229;20m▚[48;2;255;218;7m[38;2;255;235;20m▖[48;2;255;206;1m[38;2;255;224;17m▀[48;2;255;226;15m[38;2;255;240;26m▜[48;2;255;204;0m[38;2;255;236;22m▛[48;2;255;219;8m[38;2;255;241;26m▗[48;2;255;238;30m[38;2;255;241;31m▟[38;2;255;241;29m▛[48;2;255;238;31m[38;2;255;241;30m▀[48;2;255;231;26m[38;2;255;239;29m▀[48;2;255;230;19m[38;2;255;238;29m▛[48;2;255;218;10m[38;2;255;228;19m▜[48;2;255;216;10m[38;2;255;233;21m▟[48;2;255;241;30m[38;2;255;242;40m▗[48;2;162;65;7m[38;2;255;240;76m▘[48;2;175;2;0m[38;2;238;34;0m▟[48;2;112;1;0m[38;2;164;4;0m▌[48;2;167;8;0m[38;2;229;32;0m▝[48;2;176;6;0m[38;2;248;40;0m▘[48;2;136;0;0m[38;2;167;32;5m▐[48;2;189;121;37m[38;2;255;221;34m▐[48;2;255;238;30m[38;2;255;240;31m▛[48;2;255;214;9m[38;2;255;240;30m▙[48;2;255;213;4m[38;2;255;239;25m▟[48;2;255;211;28m[38;2;255;237;30m▙[48;2;164;128;38m[38;2;255;205;48m▖[48;2;152;99;24m[38;2;223;179;38m▟[48;2;255;238;33m[38;2;255;242;32m▝[48;2;255;231;26m[38;2;255;241;33m▛[48;2;255;230;25m[38;2;255;239;32m▜[48;2;255;208;0m[38;2;255;238;26m▄[48;2;255;211;2m[38;2;255;239;21m▄[48;2;255;228;14m[38;2;255;240;21m▛[48;2;255;210;2m[38;2;255;238;28m▀[48;2;255;213;4m[38;2;255;236;26m▜[48;2;255;240;32m[38;2;255;242;32m▘[48;2;255;217;10m[38;2;255;240;31m▙[48;2;255;212;8m[38;2;255;240;27m▄[48;2;255;234;28m[38;2;255;240;31m▙[48;2;255;220;14m[38;2;255;242;29m▄[48;2;255;199;1m[38;2;255;239;23m▄[48;2;255;208;0m[38;2;255;239;19m▄[48;2;255;213;1m[38;2;255;240;24m▄[48;2;255;210;3m[38;2;255;241;29m▄[48;2;255;201;0m[38;2;255;232;17m▟[48;2;255;236;27m[38;2;255;240;41m▐[0m
[48;2;0;0;0m[38;2;0;0;0m▘▘▘▘▘▘▘▘▘▘▘▘▘▘▘▘▘▘▘▘▘▘▘▘▘▘▘▘▘▘▘▘▘▘▘▘▘▘▘▘▘▘▘▘▘▘▘▘▘▘▘▘▘▘▘▘▘▘▘▘▘▘▘▘▘▘▘▘▘▘▘▘▘▘▘▘▘▘▘▘▘▘▘▘▘▘▘▘▘▘[38;2;0;3;0m▐[48;2;26;36;0m[38;2;107;89;0m▐[48;2;136;108;0m[38;2;171;133;0m▜[48;2;154;122;0m[38;2;172;138;0m▖[48;2;111;92;0m[38;2;163;130;0m▜[48;2;160;128;0m[38;2;192;152;0m▝[48;2;114;99;0m[38;2;172;129;0m▀[48;2;102;84;0m[38;2;137;111;0m▛[48;2;105;82;0m[38;2;142;116;0m▀[48;2;117;73;0m[38;2;140;114;0m▀[48;2;132;75;0m[38;2;135;111;0m▘[48;2;25;16;14m[38;2;91;59;1m▌[48;2;0;0;12m[38;2;6;0;31m▘[48;2;27;0;0m[38;2;65;11;0m▙[48;2;21;20;5m[38;2;80;28;3m▗[48;2;11;3;0m[38;2;86;38;19m▗[48;2;101;58;12m[38;2;227;108;18m▄[48;2;101;57;14m[38;2;212;99;15m▄[48;2;48;27;18m[38;2;153;69;18m▖[48;2;14;11;38m[38;2;31;29;56m▐[48;2;55;36;50m[38;2;160;105;13m▗[48;2;198;99;2m[38;2;213;124;0m▌[48;2;31;16;34m[38;2;138;86;16m▖[48;2;14;0;8m[38;2;92;26;13m▗[48;2;183;80;21m[38;2;255;141;30m▝[48;2;213;104;23m[38;2;255;138;19m▘[48;2;2;0;13m[38;2;89;38;22m▌[48;2;0;0;10m[38;2;0;0;25m▘[48;2;6;4;29m[38;2;43;34;58m▝[48;2;50;39;56m[38;2;88;57;32m▝[48;2;41;34;54m[38;2;88;48;28m▗[48;2;151;90;34m[38;2;255;158;32m▟[48;2;235;154;1m[38;2;255;165;29m▀[48;2;197;146;0m[38;2;255;166;16m▀[48;2;192;143;0m[38;2;240;151;0m▀[48;2;195;136;0m[38;2;204;144;0m▙[48;2;196;142;0m[38;2;238;183;0m▗[48;2;187;136;0m[38;2;222;167;0m▟[48;2;199;147;0m[38;2;223;168;0m▗[48;2;207;156;0m[38;2;250;205;3m▟[48;2;255;222;13m[38;2;255;231;14m▖[48;2;255;216;10m[38;2;255;220;15m▖[48;2;255;205;0m[38;2;255;219;4m▜[48;2;255;230;9m[38;2;255;239;24m▀[48;2;255;217;0m[38;2;255;235;22m▜[48;2;255;199;0m[38;2;255;232;19m▛[48;2;255;192;0m[38;2;255;217;5m▛[48;2;255;195;0m[38;2;255;218;8m▜[48;2;255;211;3m[38;2;255;234;22m▘[48;2;255;201;0m[38;2;255;220;1m▗[48;2;255;205;0m[38;2;255;213;0m▘[48;2;255;203;0m[38;2;255;223;8m▄[48;2;255;204;0m[38;2;255;215;1m▛[38;2;255;231;19m▀[48;2;255;197;0m[38;2;255;224;10m▀[48;2;255;193;0m[38;2;255;215;4m▜[48;2;255;209;1m[38;2;255;218;6m▚[48;2;255;225;12m[38;2;255;238;27m▝[48;2;255;210;0m[38;2;255;238;29m▀[48;2;255;195;0m[38;2;255;232;25m▘[48;2;255;202;1m[38;2;255;228;19m▝[48;2;255;204;0m[38;2;255;233;26m▀[48;2;255;214;6m[38;2;255;224;15m▛[48;2;255;209;2m[38;2;255;233;25m▄[48;2;255;237;28m[38;2;255;241;31m▝[48;2;255;237;25m[38;2;255;241;28m▛[48;2;255;236;23m[38;2;255;242;23m▀[48;2;255;226;10m[38;2;255;239;21m▀[48;2;255;220;7m[38;2;255;232;24m▝[48;2;255;218;3m[38;2;255;238;27m▀[48;2;255;206;0m[38;2;255;235;23m▀[48;2;255;211;1m[38;2;255;233;26m▀[48;2;255;221;14m[38;2;255;230;25m▝[48;2;255;202;0m[38;2;255;224;17m▀[48;2;255;204;0m[38;2;255;230;17m▀[48;2;255;200;0m[38;2;255;229;12m▀[48;2;255;219;2m[38;2;255;236;17m▜[48;2;238;171;31m[38;2;255;230;22m▛[48;2;178;9;0m[38;2;162;66;10m▌[48;2;209;19;0m[38;2;248;37;0m▝[48;2;75;0;1m[38;2;150;12;0m▀[48;2;174;4;0m[38;2;230;29;0m▜[48;2;166;0;0m[38;2;232;29;0m▛[48;2;145;0;0m[38;2;186;41;5m▜[48;2;202;139;38m[38;2;255;217;18m▐[48;2;255;208;0m[38;2;255;235;21m▀[48;2;255;203;0m[38;2;255;235;18m▀[48;2;255;219;3m[38;2;255;237;30m▀[48;2;255;210;6m[38;2;255;236;29m▀[48;2;255;226;19m[38;2;255;236;34m▀[48;2;255;229;19m[38;2;255;236;32m▀[48;2;255;220;9m[38;2;255;236;27m▀[48;2;255;221;2m[38;2;255;236;24m▀[48;2;255;214;1m[38;2;255;227;18m▀[48;2;255;207;2m[38;2;255;234;24m▛[48;2;255;215;7m[38;2;255;222;15m▐[48;2;255;226;19m[38;2;255;236;26m▜[48;2;255;235;21m[38;2;255;236;25m▘[48;2;255;237;22m[38;2;255;241;23m▞[48;2;255;228;14m[38;2;255;241;30m▀[48;2;255;206;0m[38;2;255;233;25m▀[48;2;255;211;2m[38;2;255;222;15m▙[48;2;255;213;3m[38;2;255;237;28m▐[48;2;255;229;18m[38;2;255;239;28m▜[48;2;255;213;2m[38;2;255;231;17m▛[48;2;255;211;0m[38;2;255;224;9m▛[48;2;255;208;0m[38;2;255;220;11m▀[38;2;255;229;19m▀[48;2;255;211;0m[38;2;255;219;4m▘[48;2;255;193;0m[38;2;255;227;26m▀[0m
[48;2;0;0;0m[38;2;0;0;0m▘▘▘▘▘▘▘▘▘▘▘▘▘▘▘▘▘▘▘▘▘▘▘▘▘▘▘▘▘▘▘▘▘▘▘▘▘▘▘▘▘▘▘▘▘▘▘▘▘▘▘▘▘▘▘▘▘▘▘▘▘▘▘▘▘▘▘▘▘▘▘▘▘▘▘▘▘▘▘▘▘▘▘▘▘▘▘▘▘▘[38;2;0;2;0m▐[48;2;19;33;0m[38;2;67;68;0m▐[48;2;88;83;0m[38;2;110;99;0m▝[48;2;87;83;0m[38;2;121;107;0m▀[48;2;85;70;0m[38;2;98;92;0m▀[48;2;95;66;0m[38;2;99;90;0m▘[48;2;77;68;0m[38;2;140;69;0m▄[48;2;116;74;0m[38;2;196;84;0m▄[48;2;154;74;0m[38;2;230;112;12m▄[48;2;190;83;2m[38;2;238;117;14m▄[48;2;221;103;10m[38;2;244;123;18m▄[48;2;102;47;23m[38;2;222;116;27m▌[48;2;1;0;17m[38;2;16;0;18m▖[48;2;6;0;3m[38;2;99;20;0m▝[48;2;19;1;0m[38;2;117;38;0m▘[48;2;13;0;0m[38;2;122;43;17m▐[48;2;138;33;2m[38;2;188;75;11m▀[48;2;135;30;5m[38;2;165;57;7m▀[48;2;37;6;15m[38;2;111;28;10m▌[48;2;1;1;27m[38;2;13;12;42m▝[48;2;32;21;42m[38;2;161;109;11m▐[48;2;201;104;0m[38;2;249;144;0m▗[48;2;39;13;25m[38;2;128;80;23m▌[48;2;94;24;14m[38;2;127;31;6m▟[48;2;136;31;9m[38;2;142;38;6m▝[48;2;134;34;5m[38;2;147;42;3m▀[48;2;61;9;8m[38;2;128;33;7m▙[48;2;6;0;11m[38;2;99;29;9m▄[48;2;0;0;18m[38;2;89;45;13m▄[48;2;20;11;41m[38;2;133;81;11m▄[48;2;57;34;24m[38;2;183;119;5m▟[48;2;190;136;0m[38;2;229;154;0m▜[48;2;217;166;0m[38;2;255;201;0m▖[48;2;212;165;0m[38;2;255;196;0m▗[38;2;255;189;0m▄[48;2;249;180;0m[38;2;255;221;12m▄[48;2;254;191;0m[38;2;255;230;19m▖[48;2;229;140;0m[38;2;255;187;0m▙[48;2;255;186;0m[38;2;255;199;0m▝[48;2;255;190;0m[38;2;255;208;0m▀[48;2;255;196;0m[38;2;255;205;0m▀[48;2;255;188;0m[38;2;255;206;0m▘[48;2;255;197;0m[38;2;255;217;1m▝[48;2;255;190;0m[38;2;255;205;0m▜[48;2;255;208;0m[38;2;255;230;10m▝[48;2;255;190;0m[38;2;255;200;0m▘[48;2;255;191;0m[38;2;255;199;0m▄[48;2;255;195;0m[38;2;255;205;0m▌[48;2;255;188;0m[38;2;255;194;0m▀[48;2;255;197;0m[38;2;255;206;0m▚[48;2;255;194;0m[38;2;255;208;0m▖[48;2;255;189;0m[38;2;255;204;0m▀[48;2;255;186;0m[38;2;255;189;0m▙[38;2;255;190;0m▖[48;2;255;187;0m[38;2;255;194;0m▝[48;2;255;184;0m[38;2;255;198;0m▝[48;2;255;190;0m[38;2;255;195;0m▜[48;2;255;189;0m[38;2;255;199;0m▘[48;2;255;191;0m[38;2;255;205;0m▗[48;2;255;190;0m[38;2;255;223;5m▄[48;2;255;193;0m[38;2;255;205;0m▞[48;2;255;199;0m[38;2;255;207;0m▚[48;2;255;219;2m[38;2;255;235;25m▟[48;2;255;208;0m[38;2;255;227;14m▛[48;2;255;204;0m[38;2;255;232;23m▀[48;2;255;182;0m[38;2;255;214;2m▀[48;2;255;188;0m[38;2;255;209;0m▀[48;2;255;207;0m[38;2;255;224;8m▐[48;2;255;199;0m[38;2;255;226;12m▖[48;2;255;187;0m[38;2;255;190;0m▀[48;2;255;188;0m[38;2;255;194;0m▘[48;2;255;194;0m[38;2;255;204;0m▗[48;2;255;191;0m[38;2;255;202;0m▘[48;2;255;187;0m[38;2;255;195;0m▟[48;2;255;195;0m[38;2;255;204;0m▖[48;2;255;193;0m▐[48;2;255;208;0m[38;2;255;217;1m▘[48;2;163;71;3m[38;2;255;176;0m▌[48;2;123;6;0m[38;2;232;51;0m▘[48;2;159;15;0m[38;2;252;43;0m▘[48;2;42;9;20m[38;2;36;36;43m▗[48;2;126;9;0m[38;2;215;27;0m▐[48;2;203;22;0m[38;2;255;56;0m▖[48;2;176;7;0m[38;2;190;34;1m▐[48;2;170;79;18m[38;2;255;176;0m▐[48;2;255;189;0m[38;2;255;190;0m▀[48;2;255;193;0m[38;2;255;196;0m▗[48;2;255;199;0m[38;2;255;212;1m▟[48;2;255;203;0m[38;2;255;214;1m▞[48;2;255;194;0m[38;2;255;205;0m▜[48;2;255;210;1m[38;2;255;224;7m▗[48;2;255;201;0m[38;2;255;220;5m▙[48;2;255;204;0m[38;2;255;216;6m▟[48;2;255;216;2m[38;2;255;231;24m▟[38;2;255;223;7m▚[48;2;255;193;0m[38;2;255;212;3m▀[48;2;255;194;0m[38;2;255;232;17m▀[48;2;255;178;0m[38;2;255;224;11m▀[48;2;255;192;0m[38;2;255;214;2m▛[48;2;255;203;0m[38;2;255;214;9m▗[48;2;255;189;0m[38;2;255;211;0m▜[48;2;255;199;0m[38;2;255;223;10m▛[48;2;255;190;0m[38;2;255;210;1m▜[38;2;255;220;11m▛[48;2;255;176;0m[38;2;255;210;3m▀[48;2;255;187;0m[38;2;255;199;0m▜[48;2;255;195;0m[38;2;255;209;0m▞[48;2;255;176;0m[38;2;255;192;0m▜[48;2;255;200;0m[38;2;255;215;1m▛[48;2;255;188;0m[38;2;255;194;0m▜[0m
[48;2;0;0;0m[38;2;0;0;0m▘▘▘▘▘▘▘▘▘▘▘▘▘▘▘▘▘▘▘▘▘▘▘▘▘▘▘▘▘▘▘▘▘▘▘▘▘▘▘▘▘▘▘▘▘▘▘▘▘▘▘▘▘▘▘▘▘▘▘▘▘▘▘▘▘▘▘▘▘▘▘▘▘▘▘▘▘▘▘▘▘▘▘▘▘▘▘▘▘▘[38;2;0;3;3m▝[48;2;29;24;1m[38;2;100;48;0m▐[48;2;112;59;0m[38;2;198;71;1m▄[48;2;119;60;0m[38;2;214;88;3m▄[48;2;158;67;0m[38;2;243;122;19m▄[48;2;192;79;0m[38;2;255;153;41m▄[48;2;234;117;18m[38;2;255;163;38m▄[48;2;242;118;17m[38;2;255;154;32m▖[48;2;188;73;3m[38;2;240;121;20m▀[48;2;130;27;0m[38;2;226;108;25m▀[48;2;131;31;8m[38;2;187;72;9m▀[48;2;137;35;7m[38;2;162;49;4m▘[48;2;15;0;8m[38;2;106;27;7m▙[48;2;0;0;2m[38;2;122;33;16m▄[48;2;19;1;2m[38;2;129;34;10m▄[48;2;99;28;15m[38;2;133;30;3m▟[48;2;133;28;4m[38;2;132;30;7m▚[48;2;130;30;5m[38;2;132;30;6m▝[48;2;58;3;4m[38;2;117;29;7m▙[48;2;0;0;19m[38;2;20;0;9m▖[48;2;0;0;31m[38;2;34;22;49m▜[48;2;47;37;70m[38;2;151;96;8m▀[48;2;34;10;22m[38;2;121;34;7m▗[48;2;145;37;2m[38;2;231;116;21m▗[48;2;164;49;3m[38;2;255;144;32m▄[48;2;203;91;19m[38;2;249;147;12m▄[48;2;197;91;14m[38;2;201;132;0m▄[48;2;197;123;5m[38;2;223;168;0m▗[48;2;185;128;0m[38;2;217;162;0m▖[48;2;174;129;0m[38;2;218;176;0m▗[48;2;179;138;0m[38;2;255;218;14m▗[48;2;242;185;0m[38;2;255;222;15m▞[48;2;234;175;0m[38;2;255;193;0m▄[48;2;255;187;0m[38;2;255;208;0m▄[48;2;255;193;0m[38;2;255;223;4m▟[48;2;255;216;0m[38;2;255;236;26m▀[48;2;255;211;0m[38;2;255;238;27m▘[48;2;255;163;0m[38;2;255;191;0m▛[48;2;255;124;0m[38;2;255;185;0m▜[48;2;255;158;0m[38;2;255;196;0m▛[48;2;255;139;0m[38;2;255;180;0m▜[48;2;255;138;0m[38;2;255;164;0m▜[48;2;255;184;0m[38;2;255;218;4m▗[48;2;255;189;0m[38;2;255;197;0m▞[48;2;255;200;0m[38;2;255;216;0m▗[48;2;255;201;0m[38;2;255;218;7m▄[48;2;255;203;0m[38;2;255;236;15m▗[48;2;255;217;3m[38;2;255;240;24m▖[48;2;255;196;0m[38;2;255;225;13m▗[48;2;255;224;10m[38;2;255;241;36m▖[48;2;255;195;0m[38;2;255;214;0m▙[48;2;255;201;0m[38;2;255;213;0m▖[48;2;255;195;0m[38;2;255;215;5m▄[48;2;255;165;0m[38;2;255;202;0m▜[48;2;255;190;0m▗[48;2;255;199;0m[38;2;255;233;12m▄[48;2;255;211;0m[38;2;255;224;12m▛[48;2;255;199;0m[38;2;255;206;1m▟[48;2;255;172;0m[38;2;255;216;8m▀[48;2;255;154;0m[38;2;255;219;16m▛[48;2;255;165;0m[38;2;255;181;0m▜[48;2;255;187;0m[38;2;255;221;7m▛[48;2;255;193;0m[38;2;255;224;8m▜[48;2;255;191;0m[38;2;255;229;13m▘[48;2;255;141;0m[38;2;255;175;0m▘[48;2;255;177;0m[38;2;255;218;0m▗[48;2;255;215;3m[38;2;255;240;15m▖[48;2;255;228;18m[38;2;255;240;29m▐[48;2;255;218;1m[38;2;255;232;19m▙[48;2;255;199;0m[38;2;255;209;0m▙[48;2;255;200;0m[38;2;255;234;13m▗[48;2;255;208;0m[38;2;255;227;4m▙[38;2;255;238;20m▄[48;2;255;219;4m[38;2;255;224;14m▟[48;2;255;215;0m[38;2;255;235;26m▄[48;2;255;213;0m[38;2;255;226;13m▟[48;2;255;202;0m[38;2;255;217;2m▜[48;2;246;178;36m[38;2;255;221;13m▙[48;2;134;97;29m[38;2;255;238;27m▖[48;2;57;18;13m[38;2;51;42;32m▖[48;2;18;39;53m[38;2;36;62;70m▖[48;2;58;22;23m[38;2;36;58;69m▖[48;2;82;18;13m[38;2;211;44;0m▘[48;2;40;6;10m[38;2;146;12;0m▝[48;2;176;78;7m[38;2;255;166;0m▝[48;2;255;187;0m[38;2;255;199;0m▗[48;2;255;192;0m[38;2;255;207;0m▛[48;2;255;210;2m[38;2;255;234;19m▗[48;2;255;202;0m[38;2;255;215;0m▌[48;2;255;210;2m[38;2;255;226;9m▞[48;2;255;214;1m[38;2;255;222;8m▝[48;2;255;209;0m[38;2;255;232;21m▀[48;2;255;222;13m[38;2;255;241;31m▗[48;2;255;222;8m[38;2;255;247;30m▖[48;2;255;201;0m[38;2;255;234;13m▘[48;2;255;181;0m[38;2;255;195;0m▖[48;2;255;152;0m[38;2;255;177;0m▘[48;2;255;170;0m[38;2;255;222;2m▟[48;2;255;209;0m[38;2;255;223;5m▄[48;2;255;194;0m[38;2;255;226;12m▌[48;2;255;192;0m[38;2;255;230;12m▗[48;2;255;176;0m[38;2;255;226;7m▌[48;2;255;191;0m[38;2;255;236;22m▐[48;2;255;212;0m[38;2;255;231;20m▘[48;2;255;214;1m[38;2;255;238;21m▖[48;2;255;187;0m[38;2;255;212;0m▀[48;2;255;192;0m[38;2;255;201;0m▘[48;2;255;183;0m[38;2;255;189;0m▚[48;2;255;201;0m[38;2;255;225;13m▖[48;2;255;187;0m[38;2;255;189;0m▌[0m
[48;2;0;0;0m[38;2;0;0;0m▘▘▘▘▘▘▘▘▘▘▘▘▘▘▘▘▘▘▘▘▘▘▘▘▘▘▘▘▘▘▘▘▘▘▘▘▘▘▘▘▘▘▘▘▘▘▘▘▘▘▘▘▘▘▘▘▘▘▘▘▘▘▘▘▘▘▘▘▘▘▘▘▘▘▘▘▘▘▘▘▘▘▘▘▘▘▘▘▘▘[38;2;0;2;0m▐[48;2;66;42;9m[38;2;181;89;15m▐[48;2;238;114;10m[38;2;253;135;26m▝[48;2;255;134;19m[38;2;255;157;40m▀[48;2;252;130;16m[38;2;255;155;35m▀[48;2;228;116;6m[38;2;253;126;16m▘[48;2;206;116;0m[38;2;241;116;7m▀[48;2;201;116;0m[38;2;233;115;6m▛[48;2;173;107;0m[38;2;225;115;6m▀[48;2;176;100;3m[38;2;220;115;9m▘[48;2;169;82;1m[38;2;196;94;0m▗[48;2;172;75;0m[38;2;196;99;1m▟[48;2;178;96;6m[38;2;205;105;1m▄[48;2;151;47;1m[38;2;212;87;5m▄[48;2;155;45;2m[38;2;213;87;2m▄[48;2;194;81;8m[38;2;223;104;4m▟[48;2;176;66;4m[38;2;222;103;10m▌[48;2;134;35;7m[38;2;166;56;3m▄[48;2;128;32;8m[38;2;167;56;2m▄[48;2;71;17;10m[38;2;180;76;9m▄[48;2;20;4;7m[38;2;175;86;9m▄[48;2;73;35;29m[38;2;217;127;20m▄[48;2;186;97;30m[38;2;231;129;9m▟[48;2;210;142;0m[38;2;255;148;24m▀[48;2;196;135;0m[38;2;230;158;0m▌[48;2;177;129;0m[38;2;205;156;0m▗[48;2;210;158;0m[38;2;255;196;3m▖[48;2;210;152;0m[38;2;238;164;0m▖[48;2;200;144;0m[38;2;250;183;0m▙[48;2;232;141;0m[38;2;255;179;0m▙[48;2;255;201;0m[38;2;255;218;2m▟[48;2;255;179;0m[38;2;255;187;0m▝[48;2;255;188;0m[38;2;255;215;8m▐[48;2;255;207;0m[38;2;255;230;20m▛[48;2;255;194;0m[38;2;255;224;6m▘[48;2;255;166;0m[38;2;255;189;0m▜[48;2;255;163;0m[38;2;255;190;0m▛[48;2;255;146;0m[38;2;255;181;0m▘[48;2;255;160;0m[38;2;255;187;0m▜[48;2;255;155;0m[38;2;255;203;1m▄[48;2;255;184;0m[38;2;255;210;0m▖[48;2;255;175;0m▟[48;2;255;196;0m[38;2;255;222;4m▘[48;2;255;195;0m[38;2;255;205;0m▞[48;2;255;186;0m[38;2;255;212;0m▜[48;2;255;205;0m[38;2;255;223;0m▘[48;2;255;163;0m[38;2;255;221;10m▛[48;2;255;159;0m[38;2;255;201;1m▜[48;2;255;164;0m[38;2;255;190;0m▛[48;2;255;178;0m[38;2;255;216;6m▗[48;2;255;218;3m[38;2;255;234;19m▌[48;2;255;211;0m[38;2;255;222;1m▜[48;2;255;166;0m[38;2;255;199;0m▙[48;2;255;187;0m[38;2;255;216;0m▗[48;2;255;148;0m[38;2;255;205;4m▛[48;2;255;194;0m[38;2;255;206;0m▘[48;2;255;179;0m[38;2;255;198;0m▘[48;2;255;149;0m[38;2;255;187;0m▘[48;2;255;171;0m[38;2;255;189;0m▝[48;2;255;184;0m[38;2;255;216;1m▗[48;2;255;169;0m[38;2;255;189;0m▄[48;2;255;173;0m[38;2;255;183;0m▝[48;2;255;163;0m[38;2;255;181;0m▜[48;2;255;150;0m[38;2;255;186;0m▙[48;2;255;177;0m[38;2;255;222;5m▄[48;2;255;226;11m[38;2;255;235;17m▞[48;2;255;217;2m[38;2;255;225;11m▟[48;2;255;218;3m[38;2;255;234;19m▜[48;2;255;213;5m[38;2;255;238;25m▘[48;2;255;210;3m[38;2;255;230;14m▜[48;2;255;237;16m[38;2;255;244;31m▜[48;2;255;232;20m[38;2;255;241;28m▞[48;2;255;216;3m[38;2;255;241;26m▘[48;2;255;198;0m[38;2;255;221;2m▀[48;2;255;189;0m[38;2;255;210;1m▜[48;2;255;219;2m[38;2;255;222;14m▜[48;2;255;200;0m[38;2;255;232;18m▀[48;2;255;237;14m[38;2;255;241;16m▐[48;2;171;133;31m[38;2;255;243;16m▌[48;2;106;93;68m[38;2;164;130;65m▙[48;2;78;60;47m[38;2;105;85;56m▌[48;2;88;74;52m[38;2;141;103;54m▗[48;2;47;55;60m[38;2;95;85;64m▄[48;2;70;62;54m[38;2;188;133;23m▐[48;2;190;111;5m[38;2;255;190;0m▄[48;2;255;182;0m[38;2;255;189;0m▟[38;2;255;193;0m▀[48;2;255;179;0m[38;2;255;206;0m▘[48;2;255;181;0m[38;2;255;190;0m▛[48;2;255;188;0m[38;2;255;194;0m▀[48;2;255;183;0m[38;2;255;192;0m▜[48;2;255;162;0m[38;2;255;188;0m▛[48;2;255;173;0m[38;2;255;203;0m▀[48;2;255;184;0m[38;2;255;202;0m▘[48;2;255;177;0m[38;2;255;192;0m▛[48;2;255;186;0m[38;2;255;204;0m▝[48;2;255;167;0m▀[48;2;255;209;0m[38;2;255;228;1m▝[48;2;255;203;0m[38;2;255;227;4m▀[48;2;255;192;0m[38;2;255;204;0m▘[48;2;255;196;0m[38;2;255;226;7m▛[48;2;255;169;0m[38;2;255;189;0m▙[48;2;255;206;0m[38;2;255;225;6m▀[48;2;255;212;0m[38;2;255;232;12m▛[48;2;255;202;0m[38;2;255;223;4m▘[48;2;255;177;0m[38;2;255;208;0m▖[48;2;255;185;0m[38;2;255;193;0m▝[48;2;255;194;0m[38;2;255;211;0m▝[48;2;255;176;0m[38;2;255;199;0m▘[48;2;255;172;0m[38;2;255;180;0m▛[0m
[48;2;0;0;0m[38;2;0;0;0m▘▘▘▘▘▘▘▘▘▘▘▘▘▘▘▘▘▘▘▘▘▘▘▘▘▘▘▘▘▘▘▘▘▘▘▘▘▘▘▘▘▘▘▘▘▘▘▘▘▘▘▘▘▘▘▘▘▘▘▘▘▘▘▘▘▘▘▘▘▘▘▘▘▘▘▘▘▘▘▘▘▘▘▘▘▘▘▘▘▘[38;2;0;2;0m▐[48;2;69;44;9m[38;2;184;95;15m▐[48;2;210;115;3m[38;2;234;113;9m▛[48;2;175;108;0m[38;2;228;113;5m▀[48;2;130;98;0m[38;2;204;113;0m▀[48;2;116;81;0m[38;2;154;107;0m▀[48;2;140;70;0m[38;2;126;87;0m▛[48;2;134;84;0m[38;2;166;84;0m▙[48;2;177;92;3m[38;2;253;128;22m▗[48;2;204;101;3m[38;2;255;138;29m▄[48;2;239;123;15m[38;2;255;149;35m▄[48;2;255;134;19m[38;2;255;140;21m▟[48;2;236;111;13m[38;2;255;137;21m▙[48;2;237;108;17m[38;2;255;138;24m▄[48;2;234;107;13m[38;2;244;120;15m▄[48;2;245;123;15m[38;2;255;132;20m▖[48;2;228;114;3m[38;2;232;115;7m▛[48;2;223;115;0m[38;2;228;116;6m▜[48;2;203;126;0m[38;2;230;116;8m▀[48;2;221;118;1m[38;2;203;140;0m▄[48;2;180;123;0m[38;2;183;147;0m▗[48;2;181;130;0m[38;2;229;176;0m▖[48;2;180;126;0m[38;2;210;163;0m▟[48;2;183;139;0m[38;2;238;186;0m▟[48;2;226;161;0m[38;2;244;187;0m▘[48;2;215;158;0m[38;2;255;199;0m▗[48;2;225;153;0m[38;2;255;177;0m▙[48;2;255;164;0m[38;2;255;191;0m▟[48;2;255;165;0m[38;2;255;192;0m▝[48;2;255;149;0m[38;2;255;210;0m▐[48;2;255;188;0m[38;2;255;219;0m▘[48;2;255;153;0m[38;2;255;179;0m▙[48;2;255;169;0m[38;2;255;200;0m▞[48;2;255;146;0m[38;2;255;180;0m▀[48;2;255;145;0m[38;2;255;166;0m▜[48;2;255;165;0m[38;2;255;200;0m▟[48;2;255;129;0m[38;2;255;172;0m▌[48;2;255;143;0m[38;2;255;156;0m▄[48;2;255;175;0m[38;2;255;192;0m▝[48;2;255;153;0m▛[48;2;255;112;0m[38;2;255;152;0m▀[48;2;255;148;0m[38;2;255;178;0m▐[48;2;255;172;0m[38;2;255;184;0m▛[48;2;255;179;0m▚[48;2;255;174;0m[38;2;255;192;0m▝[48;2;255;117;0m[38;2;255;176;0m▛[48;2;255;98;0m[38;2;255;125;0m▜[48;2;255;142;0m[38;2;255;180;0m▟[48;2;255;179;0m[38;2;255;190;0m▄[48;2;255;209;0m[38;2;255;235;22m▝[48;2;255;196;0m[38;2;255;228;8m▘[38;2;255;210;0m▗[48;2;255;202;0m[38;2;255;220;4m▟[48;2;255;203;0m[38;2;255;224;6m▘[48;2;255;167;0m[38;2;255;200;3m▄[48;2;255;186;0m[38;2;255;193;0m▖[48;2;255;168;0m[38;2;255;186;0m▖[48;2;255;162;0m[38;2;255;177;0m▝[48;2;255;175;0m[38;2;255;180;0m▖[48;2;255;170;0m[38;2;255;197;0m▀[48;2;255;151;0m[38;2;255;185;0m▛[48;2;255;132;0m[38;2;255;160;0m▗[48;2;255;187;0m[38;2;255;216;13m▟[48;2;254;171;0m[38;2;255;215;9m▀[48;2;255;183;9m[38;2;255;229;12m▜[48;2;255;191;0m[38;2;255;224;8m▀[48;2;255;157;0m[38;2;255;214;6m▘[48;2;255;198;0m[38;2;255;206;1m▝[48;2;255;124;0m[38;2;255;174;0m▛[48;2;255;129;0m[38;2;255;168;0m▐[48;2;255;178;0m[38;2;255;216;0m▛[48;2;255;181;0m[38;2;255;202;0m▀[48;2;255;164;0m[38;2;255;185;0m▀[38;2;255;177;0m▀[48;2;255;165;0m[38;2;255;183;0m▛[48;2;255;130;0m[38;2;255;167;0m▀[48;2;255;148;0m[38;2;255;196;0m▟[48;2;255;199;0m[38;2;255;230;12m▀[48;2;232;157;13m[38;2;255;199;0m▙[48;2;127;85;40m[38;2;160;108;29m▌[48;2;67;40;24m[38;2;108;76;44m▘[48;2;86;52;30m[38;2;160;109;55m▝[48;2;95;66;38m[38;2;144;103;55m▘[48;2;107;75;40m[38;2;228;150;5m▐[48;2;255;162;0m[38;2;255;184;0m▛[48;2;255;144;0m[38;2;255;175;0m▛[48;2;255;158;0m[38;2;255;174;0m▗[48;2;255;153;0m[38;2;255;170;0m▝[48;2;255;182;0m[38;2;255;194;0m▝[48;2;255;164;0m[38;2;255;186;0m▘[48;2;255;128;0m[38;2;255;162;0m▀[48;2;255;131;0m[38;2;255;136;0m▀[48;2;255;141;0m[38;2;255;163;0m▗[48;2;255;159;0m[38;2;255;177;0m▘[48;2;255;150;0m[38;2;255;173;0m▐[48;2;255;152;0m[38;2;255;196;0m▘[48;2;255;145;0m[38;2;255;181;0m▟[48;2;254;156;0m[38;2;255;208;0m▘[48;2;225;128;0m[38;2;248;150;0m▐[48;2;238;135;0m[38;2;255;175;0m▜[48;2;255;184;0m[38;2;255;201;0m▘[48;2;253;149;0m[38;2;255;178;25m▗[48;2;255;158;0m[38;2;255;201;0m▝[48;2;255;162;0m[38;2;255;185;0m▜[48;2;255;184;0m[38;2;255;210;0m▀[48;2;255;160;0m[38;2;255;189;0m▘[48;2;255;178;0m[38;2;255;190;0m▐[48;2;255;168;0m[38;2;255;189;0m▌[48;2;255;136;0m[38;2;255;164;0m▀[48;2;250;114;0m[38;2;255;149;0m▀[0m
[48;2;0;0;0m[38;2;0;0;0m▘▘▘▘▘▘▘▘▘▘▘▘▘▘▘▘▘▘▘▘▘▘▘▘▘▘▘▘▘▘▘▘▘▘▘▘▘▘▘▘▘▘▘▘▘▘▘▘▘▘▘▘▘▘▘▘▘▘▘▘▘▘▘▘▘▘▘▘▘▘▘▘▘▘▘▘▘▘▘▘▘▘▘▘▘▘▘▘▘▘[38;2;0;3;0m▐[48;2;51;37;1m[38;2;128;87;1m▝[48;2;111;57;0m[38;2;146;91;0m▜[48;2;124;79;0m[38;2;212;98;10m▄[48;2;145;81;0m[38;2;228;104;5m▄[48;2;186;89;0m[38;2;231;106;3m▄[48;2;214;97;1m[38;2;232;107;3m▄[48;2;217;99;2m[38;2;255;151;10m▗[48;2;216;94;0m[38;2;238;115;10m▜[48;2;235;109;7m[38;2;249;125;17m▀[48;2;246;121;14m[38;2;255;133;20m▗[48;2;252;140;24m[38;2;255;146;30m▝[48;2;204;115;0m[38;2;255;134;20m▀[48;2;218;111;6m[38;2;244;125;9m▜[48;2;180;91;0m[38;2;221;114;2m▌[48;2;223;118;0m[38;2;255;156;0m▗[48;2;160;112;0m[38;2;194;119;0m▛[48;2;163;121;0m[38;2;168;131;0m▐[48;2;181;139;0m[38;2;250;176;0m▗[48;2;207;150;0m[38;2;242;176;0m▛[48;2;176;138;0m[38;2;239;187;1m▐[48;2;189;138;0m[38;2;255;181;0m▗[48;2;189;132;0m[38;2;250;166;0m▙[48;2;255;186;0m[38;2;255;210;0m▘[48;2;201;138;0m[38;2;251;170;0m▙[48;2;255;199;0m[38;2;255;205;0m▟[48;2;255;162;0m[38;2;255;186;0m▛[48;2;255;165;0m[38;2;255;196;0m▀[48;2;255;129;0m[38;2;255;170;0m▘[48;2;255;152;0m[38;2;255;176;0m▞[48;2;255;112;0m[38;2;255;164;0m▛[48;2;255;127;0m[38;2;255;175;0m▟[48;2;255;131;0m[38;2;255;158;0m▚[48;2;255;127;0m[38;2;255;168;0m▄[48;2;255;152;0m[38;2;255;190;0m▟[48;2;255;175;0m[38;2;255;201;0m▛[48;2;255;130;0m[38;2;255;158;0m▛[48;2;255;120;0m[38;2;255;160;0m▜[48;2;255;169;0m[38;2;255;186;0m▐[48;2;255;109;0m[38;2;255;165;0m▘[48;2;255;108;0m▗[48;2;255;160;0m[38;2;255;182;0m▞[48;2;255;180;0m[38;2;255;189;0m▝[48;2;255;153;0m[38;2;255;200;0m▘[48;2;255;129;0m[38;2;255;169;0m▘[48;2;255;100;0m[38;2;255;144;0m▗[48;2;255;141;0m[38;2;255;196;0m▟[48;2;255;195;0m[38;2;255;218;0m▞[48;2;255;138;0m[38;2;255;194;0m▀[48;2;255;147;0m[38;2;255;173;0m▛[48;2;255;145;0m[38;2;255;175;0m▜[48;2;255;197;0m[38;2;255;229;12m▝[48;2;255;157;0m[38;2;255;205;0m▘[48;2;255;179;0m[38;2;255;219;7m▞[48;2;255;176;0m[38;2;255;182;0m▗[48;2;255;178;0m[38;2;255;192;0m▜[48;2;255;139;0m[38;2;255;178;0m▌[48;2;255;127;0m[38;2;255;154;0m▚[48;2;255;155;0m[38;2;255;181;0m▖[48;2;255;178;0m[38;2;255;190;0m▗[48;2;255;149;0m[38;2;255;185;0m▚[48;2;255;169;0m[38;2;255;215;0m▞[48;2;199;97;0m[38;2;251;174;6m▜[48;2;199;85;0m[38;2;254;149;0m▛[48;2;248;149;0m[38;2;255;194;1m▞[48;2;255;145;0m[38;2;255;164;0m▘[48;2;255;128;0m[38;2;255;163;0m▟[48;2;255;138;0m[38;2;255;193;0m▛[48;2;255;133;0m[38;2;255;168;0m▗[48;2;255;158;0m[38;2;255;194;0m▛[48;2;255;152;0m[38;2;255;204;0m▘[48;2;255;154;0m[38;2;255;177;0m▘[48;2;255;129;0m[38;2;255;185;0m▛[48;2;255;143;0m[38;2;255;159;0m▐[48;2;255;150;0m[38;2;255;175;0m▌[48;2;255;126;0m[38;2;255;174;0m▟[48;2;255;147;0m[38;2;255;198;0m▛[48;2;255;120;0m[38;2;255;157;0m▜[48;2;255;183;0m[38;2;255;188;0m▙[48;2;200;125;10m[38;2;255;182;0m▄[48;2;63;26;15m[38;2;122;73;15m▌[48;2;14;0;0m[38;2;54;11;6m▛[48;2;74;41;8m[38;2;212;127;15m▐[48;2;168;96;9m[38;2;252;144;0m▟[48;2;255;126;0m[38;2;255;142;0m▛[48;2;255;137;0m[38;2;255;199;0m▗[48;2;255;124;0m[38;2;255;178;0m▛[48;2;255;141;0m[38;2;255;165;0m▟[48;2;255;143;0m[38;2;255;171;0m▘[48;2;255;124;0m[38;2;255;154;0m▛[48;2;255;122;0m[38;2;255;147;0m▗[48;2;255;137;0m[38;2;255;152;0m▖[48;2;255;160;0m[38;2;255;181;0m▗[48;2;255;156;0m[38;2;255;170;0m▛[48;2;255;124;0m[38;2;255;159;0m▘[48;2;255;120;0m[38;2;255;145;0m▟[48;2;255;143;0m[38;2;255;160;0m▘[48;2;255;160;0m[38;2;255;184;0m▖[48;2;232;118;0m[38;2;255;150;0m▐[48;2;243;136;0m[38;2;255;176;1m▌[48;2;255;142;0m[38;2;255;176;0m▜[48;2;239;136;3m[38;2;255;165;0m▘[48;2;238;117;0m[38;2;255;172;1m▙[48;2;254;126;0m[38;2;255;166;0m▜[48;2;255;166;0m[38;2;255;176;0m▚[48;2;255;161;0m[38;2;255;181;0m▖[48;2;255;144;0m[38;2;255;167;0m▀[48;2;232;97;0m[38;2;255;144;0m▛[48;2;219;98;0m[38;2;255;147;8m▙[48;2;207;86;0m[38;2;218;102;0m▌[0m
[48;2;0;0;0m[38;2;0;0;0m▘▘▘▘▘▘▘▘▘▘▘▘▘▘▘▘▘▘▘▘▘▘▘▘▘▘▘▘▘▘▘▘▘▘▘▘▘▘▘▘▘▘▘▘▘▘▘▘▘▘▘▘▘▘▘▘▘▘▘▘▘▘▘▘▘▘▘▘▘▘▘▘▘▘▘▘▘▘▘▘▘▘▘▘▘▘▘▘▘▘[38;2;0;2;0m▐[48;2;59;38;4m[38;2;166;80;12m▐[48;2;216;95;4m[38;2;220;96;1m▖[48;2;215;91;0m[38;2;220;96;0m▘[48;2;212;90;0m[38;2;225;102;0m▟[48;2;230;105;2m[38;2;237;112;9m▗[48;2;229;104;2m[38;2;231;105;1m▛[48;2;222;93;0m[38;2;255;145;0m▐[48;2;231;109;0m[38;2;255;154;0m▖[48;2;235;110;5m[38;2;247;120;12m▝[48;2;230;112;7m[38;2;255;140;23m▀[48;2;168;100;0m[38;2;193;110;0m▜[48;2;196;121;0m[38;2;240;163;0m▄[48;2;163;112;0m[38;2;155;128;0m▄[48;2;155;123;0m[38;2;158;133;0m▗[48;2;237;149;0m[38;2;255;176;0m▐[48;2;193;135;0m[38;2;239;165;0m▙[48;2;132;106;0m[38;2;159;127;0m▜[48;2;206;143;0m[38;2;247;164;0m▝[48;2;221;150;0m[38;2;255;174;0m▘[48;2;183;135;0m[38;2;255;197;0m▟[48;2;255;170;0m[38;2;255;208;2m▟[48;2;255;165;0m[38;2;255;202;0m▌[48;2;255;158;0m[38;2;255;190;0m▟[48;2;255;167;0m[38;2;255;205;0m▐[48;2;255;180;0m[38;2;255;200;0m▛[48;2;255;156;0m[38;2;255;178;0m▙[48;2;255;133;0m[38;2;255;164;0m▛[48;2;255;137;0m[38;2;255;163;0m▝[48;2;255;138;0m[38;2;255;160;0m▘[48;2;255;104;0m[38;2;255;134;0m▟[48;2;255;128;0m[38;2;255;159;0m▘[48;2;255;142;0m[38;2;255;166;0m▞[48;2;229;116;0m[38;2;251;136;0m▜[48;2;255;146;0m[38;2;255;178;0m▜[48;2;255;151;0m[38;2;255;174;0m▙[48;2;255;115;0m[38;2;255;171;0m▌[48;2;255;121;0m[38;2;255;154;0m▗[48;2;255;129;0m[38;2;255;183;0m▛[48;2;255;123;0m[38;2;255;168;0m▗[48;2;255;177;0m[38;2;255;186;0m▟[48;2;255;128;0m[38;2;255;163;0m▛[48;2;255;133;0m[38;2;255;164;0m▘[48;2;255;162;0m[38;2;255;194;0m▗[48;2;255;149;0m[38;2;255;198;0m▖[48;2;255;120;0m[38;2;255;166;0m▟[48;2;255;146;0m[38;2;255;194;0m▛[48;2;255;110;0m[38;2;255;151;0m▙[48;2;255;131;0m[38;2;255;172;0m▖[48;2;255;153;0m[38;2;255;160;0m▙[48;2;255;152;0m[38;2;255;179;0m▟[48;2;255;136;0m[38;2;255;172;0m▘[48;2;255;128;0m[38;2;255;148;0m▜[48;2;255;154;0m[38;2;255;184;0m▘[48;2;255;157;0m[38;2;255;178;0m▘[48;2;255;129;0m[38;2;255;172;0m▘[48;2;255;136;0m[38;2;255;155;0m▐[48;2;255;152;0m[38;2;255;177;0m▟[48;2;255;158;0m[38;2;255;182;0m▗[48;2;255;143;0m[38;2;255;174;0m▘[48;2;242;142;0m[38;2;255;184;0m▛[48;2;253;162;0m[38;2;255;180;5m▐[48;2;220;85;0m[38;2;255;145;5m▛[48;2;199;68;0m[38;2;249;146;0m▟[48;2;255;138;0m[38;2;255;166;0m▌[48;2;255;119;0m[38;2;255;154;0m▐[48;2;255;156;0m[38;2;255;173;0m▜[48;2;255;150;0m[38;2;255;181;0m▘[48;2;255;143;0m[38;2;255;164;0m▝[48;2;252;106;0m[38;2;255;145;0m▘[48;2;255;128;0m[38;2;255;174;0m▝[48;2;255;156;0m[38;2;255;190;0m▐[48;2;255;151;0m[38;2;255;172;0m▙[48;2;255;134;0m[38;2;255;169;0m▛[48;2;255;132;0m[38;2;255;137;0m▐[48;2;255;155;0m[38;2;255;182;0m▝[48;2;255;126;0m[38;2;255;166;0m▘[48;2;255;135;0m[38;2;255;170;0m▞[48;2;255;127;0m[38;2;255;174;0m▛[48;2;255;159;0m[38;2;255;183;0m▛[48;2;93;34;1m[38;2;246;149;0m▌[48;2;52;0;0m[38;2;110;24;0m▙[48;2;152;76;0m[38;2;255;165;0m▐[48;2;255;104;0m[38;2;255;138;0m▛[48;2;255;121;0m[38;2;255;142;0m▐[48;2;255;100;0m[38;2;255;123;0m▛[48;2;255;119;0m[38;2;255;141;0m▝[48;2;255;117;0m[38;2;255;138;0m▘[48;2;255;96;0m[38;2;255;126;0m▜[48;2;255;93;0m[38;2;255;122;0m▛[48;2;255;104;0m▐[48;2;255;135;0m[38;2;255;150;0m▝[48;2;248;105;0m[38;2;255;130;0m▜[48;2;255;152;0m[38;2;255;186;0m▐[48;2;255;100;0m[38;2;255;120;0m▐[48;2;255;133;0m[38;2;255;156;0m▟[48;2;255;136;0m[38;2;255;168;0m▖[48;2;255;124;0m[38;2;255;172;0m▜[48;2;237;109;0m[38;2;254;149;0m▙[48;2;247;126;0m[38;2;255;152;0m▜[48;2;231;99;0m[38;2;255;134;0m▞[48;2;199;79;0m[38;2;255;125;0m▌[48;2;247;147;0m[38;2;255;196;0m▗[48;2;244;126;3m[38;2;248;145;0m▖[48;2;255;149;0m[38;2;255;189;0m▝[38;2;255;166;0m▌[48;2;255;128;0m[38;2;255;146;0m▙[48;2;251;124;0m[38;2;255;156;0m▗[48;2;235;97;0m[38;2;255;163;0m▛[48;2;219;95;0m[38;2;251;125;0m▐[0m
[48;2;0;0;0m[38;2;0;0;0m▘▘▘▘▘▘▘▘▘▘▘▘▘▘▘▘▘▘▘▘▘▘▘▘▘▘▘▘▘▘▘▘▘▘▘▘▘▘▘▘▘▘▘▘▘▘▘▘▘▘▘▘▘▘▘▘▘▘▘▘▘▘▘▘▘▘▘▘▘▘▘▘▘▘▘▘▘▘▘▘▘▘▘▘▘▘▘▘▘▘[38;2;0;2;0m▐[48;2;63;38;3m[38;2;170;79;8m▐[48;2;222;93;2m[38;2;221;96;1m▌[48;2;208;89;2m[38;2;223;112;1m▗[48;2;216;97;1m[38;2;228;126;0m▖[48;2;226;99;0m[38;2;243;117;13m▝[48;2;225;101;0m[38;2;232;106;2m▘[48;2;225;89;0m[38;2;255;118;0m▝[48;2;248;125;0m[38;2;255;158;0m▚[48;2;194;106;0m[38;2;219;112;3m▝[48;2;170;94;0m[38;2;198;99;0m▚[48;2;160;114;0m[38;2;202;121;0m▖[48;2;224;156;0m[38;2;255;182;0m▐[48;2;146;114;0m[38;2;222;143;0m▙[48;2;115;109;0m[38;2;161;132;0m▛[48;2;142;112;0m[38;2;255;185;0m▐[48;2;196;141;0m[38;2;225;160;0m▛[48;2;152;111;0m[38;2;210;140;0m▄[48;2;207;140;0m[38;2;253;168;0m▗[48;2;255;172;0m[38;2;255;187;0m▄[48;2;255;181;0m[38;2;255;197;0m▜[48;2;255;201;0m[38;2;255;224;7m▝[48;2;255;120;0m[38;2;255;176;0m▜[48;2;255;177;0m[38;2;255;211;2m▘[48;2;255;187;0m[38;2;255;199;0m▘[48;2;255;144;0m[38;2;255;154;0m▜[48;2;255;148;0m[38;2;255;186;0m▘[48;2;255;118;0m[38;2;255;136;0m▘[48;2;255;117;0m[38;2;255;148;0m▄[48;2;224;93;0m[38;2;255;139;0m▜[48;2;255;165;0m[38;2;255;199;0m▄[48;2;255;153;0m[38;2;255;184;0m▗[48;2;255;136;0m[38;2;255;181;0m▙[48;2;225;97;0m[38;2;244;123;0m▞[48;2;250;156;0m[38;2;255;193;7m▗[48;2;255;134;0m[38;2;252;158;0m▛[48;2;255;140;0m[38;2;255;148;0m▘[48;2;230;92;0m[38;2;255;150;0m▛[48;2;234;104;0m[38;2;255;124;0m▜[48;2;255;166;0m[38;2;255;181;0m▝[48;2;255;145;0m[38;2;255;180;0m▛[48;2;255;147;0m[38;2;255;166;0m▗[48;2;255;140;0m[38;2;255;182;0m▗[48;2;255;194;0m[38;2;255;220;2m▝[48;2;255;174;0m[38;2;255;207;0m▘[48;2;255;144;0m[38;2;255;168;0m▌[48;2;255;118;0m[38;2;255;129;0m▄[48;2;255;126;0m[38;2;255;172;0m▝[48;2;255;113;0m[38;2;255;142;0m▀[48;2;255;127;0m[38;2;255;160;0m▜[48;2;255;135;0m[38;2;255;162;0m▛[48;2;255;142;0m[38;2;255;176;0m▗[48;2;255;134;0m[38;2;255;167;0m▌[48;2;255;120;0m[38;2;255;142;0m▛[48;2;255;123;0m[38;2;255;152;0m▘[48;2;255;116;0m[38;2;255;129;0m▐[48;2;255;139;0m[38;2;255;152;0m▌[48;2;255;149;0m[38;2;255;176;0m▘[48;2;255;145;0m[38;2;255;167;0m▛[48;2;255;115;0m[38;2;255;141;0m▛[48;2;254;137;0m[38;2;254;152;4m▞[48;2;213;78;0m[38;2;252;120;0m▛[48;2;223;94;0m[38;2;255;169;0m▗[48;2;255;130;0m[38;2;255;182;0m▀[48;2;255;129;0m[38;2;255;155;0m▙[38;2;255;167;0m▟[48;2;255;124;0m[38;2;255;169;0m▛[48;2;253;124;0m[38;2;255;168;10m▗[48;2;252;146;0m[38;2;254;172;10m▞[48;2;216;94;0m[38;2;255;110;0m▐[48;2;255;124;0m[38;2;255;146;0m▗[48;2;255;163;0m[38;2;255;168;0m▛[48;2;255;151;0m[38;2;255;176;0m▘[48;2;255;128;0m[38;2;255;148;0m▘[48;2;255;123;0m[38;2;255;140;0m▛[48;2;255;133;0m[38;2;255;151;0m▌[48;2;255;109;0m[38;2;255;139;0m▐[48;2;241;111;0m[38;2;255;163;0m▘[48;2;244;95;0m[38;2;255;165;0m▘[48;2;232;82;0m[38;2;255;139;0m▜[48;2;62;8;0m[38;2;185;88;0m▌[48;2;137;43;0m[38;2;145;60;0m▗[48;2;221;99;0m[38;2;255;141;0m▝[48;2;231;70;0m[38;2;249;89;0m▜[48;2;255;106;0m[38;2;255;116;0m▚[48;2;242;82;0m[38;2;255;101;0m▚[48;2;231;80;0m[38;2;252;99;0m▜[48;2;195;54;0m[38;2;241;87;0m▛[48;2;246;84;0m[38;2;255;112;0m▐[48;2;253;91;0m[38;2;255;105;0m▘[48;2;255;89;0m[38;2;255;111;0m▀[48;2;220;67;0m[38;2;247;101;0m▛[48;2;230;80;0m[38;2;255;121;0m▐[48;2;255;107;0m[38;2;255;148;0m▐[48;2;255;90;0m[38;2;255;147;0m▐[48;2;255;105;0m[38;2;255;134;0m▜[48;2;247;88;0m[38;2;255;151;0m▘[48;2;255;105;0m[38;2;255;125;0m▐[48;2;255;121;0m[38;2;255;140;0m▝[48;2;245;97;0m[38;2;255;127;0m▖[48;2;242;89;0m[38;2;255;119;0m▀[48;2;241;81;0m[38;2;253;112;0m▜[48;2;244;98;0m[38;2;255;144;0m▐[48;2;254;149;0m[38;2;255;182;0m▘[48;2;230;80;0m[38;2;253;132;3m▛[48;2;255;148;0m[38;2;255;168;0m▐[48;2;232;88;0m[38;2;255;136;0m▛[48;2;246;134;0m[38;2;255;159;0m▐[48;2;235;88;0m[38;2;255;132;0m▘[48;2;254;109;0m[38;2;255;120;0m▞[0m
[48;2;0;0;0m[38;2;0;0;0m▘▘▘▘▘▘▘▘▘▘▘▘▘▘▘▘▘▘▘▘▘▘▘▘▘▘▘▘▘▘▘▘▘▘▘▘▘▘▘▘▘▘▘▘▘▘▘▘▘▘▘▘▘▘▘▘▘▘▘▘▘▘▘▘▘▘▘▘▘▘▘▘▘▘▘▘▘▘▘▘▘▘▘▘▘▘▘▘▘▘[38;2;0;3;0m▐[48;2;60;36;3m[38;2;170;77;4m▐[48;2;223;95;0m[38;2;233;109;1m▄[48;2;202;74;0m[38;2;217;94;0m▛[48;2;219;111;0m[38;2;255;151;0m▙[48;2;154;95;0m[38;2;195;100;0m▀[48;2;124;112;0m[38;2;159;115;0m▛[48;2;146;92;0m[38;2;153;97;0m▘[48;2;239;121;0m[38;2;255;158;0m▝[48;2;129;102;0m[38;2;156;98;0m▘[48;2;160;93;0m[38;2;248;137;0m▐[48;2;143;118;0m[38;2;254;159;0m▌[48;2;148;121;0m[38;2;255;176;0m▝[48;2;175;118;0m[38;2;254;169;0m▌[48;2;86;84;0m[38;2;196;142;0m▙[48;2;152;118;0m[38;2;226;154;0m▐[48;2;241;154;0m[38;2;253;178;0m▙[48;2;239;141;0m[38;2;255;163;0m▌[48;2;255;166;0m[38;2;255;195;0m▛[48;2;255;174;0m[38;2;255;196;0m▜[48;2;255;178;0m[38;2;255;198;0m▝[48;2;226;67;0m[38;2;255;127;0m▛[48;2;255;118;0m[38;2;255;165;0m▐[48;2;255;147;0m[38;2;255;168;0m▛[48;2;255;165;0m[38;2;255;185;0m▛[48;2;255;116;0m[38;2;255;139;0m▛[48;2;254;129;0m▘[48;2;249;116;0m[38;2;255;168;5m▟[48;2;223;95;0m[38;2;255;187;1m▘[48;2;237;102;0m[38;2;255;185;0m▟[48;2;255;141;0m[38;2;255;219;3m▘[48;2;255;135;0m[38;2;255;173;0m▀[48;2;255;176;0m[38;2;255;187;0m▌[48;2;236;98;0m[38;2;255;142;0m▙[48;2;245;109;0m[38;2;255;168;0m▝[48;2;245;143;1m[38;2;255;192;4m▘[48;2;224;103;0m[38;2;255;130;0m▜[48;2;244;98;0m[38;2;255;134;0m▙[48;2;226;102;0m[38;2;252;149;5m▚[48;2;232;117;0m[38;2;255;157;5m▞[48;2;255;122;0m[38;2;255;135;0m▜[48;2;255;162;0m[38;2;255;176;0m▟[48;2;255;171;0m[38;2;255;187;0m▖[48;2;254;114;0m[38;2;255;173;0m▛[48;2;255;122;0m[38;2;255;147;0m▀[48;2;255;121;0m[38;2;255;136;0m▀[48;2;255;119;0m[38;2;255;180;2m▗[48;2;242;128;0m[38;2;255;214;19m▖[48;2;212;72;0m[38;2;248;106;0m▜[48;2;255;129;0m[38;2;255;144;0m▝[48;2;255;135;0m[38;2;255;160;0m▗[48;2;255;165;0m[38;2;255;182;0m▞[48;2;255;124;0m[38;2;255;142;0m▀[48;2;255;134;0m[38;2;255;175;0m▗[48;2;255;121;0m[38;2;255;178;0m▄[48;2;255;123;0m[38;2;255;154;0m▘[48;2;230;90;0m[38;2;247;122;0m▜[48;2;250;106;0m[38;2;254;156;0m▖[48;2;255;105;0m[38;2;255;125;0m▐[48;2;248;109;0m[38;2;255;149;0m▌[48;2;219;74;0m[38;2;253;129;0m▛[48;2;206;75;0m[38;2;248;103;0m▘[48;2;252;141;0m[38;2;255;185;6m▄[48;2;234;106;0m[38;2;247;141;0m▀[48;2;255;158;0m[38;2;255;169;0m▞[48;2;247;115;0m[38;2;255;171;0m▛[48;2;254;129;0m[38;2;255;160;0m▐[48;2;255;135;0m[38;2;255;164;0m▀[48;2;240;99;0m[38;2;255;156;0m▘[48;2;255;115;0m[38;2;255;132;0m▗[48;2;255;147;0m[38;2;255;197;0m▞[48;2;255;127;0m[38;2;255;152;0m▘[48;2;255;99;0m[38;2;255;119;0m▛[48;2;255;104;0m[38;2;255;115;0m▘[48;2;253;92;0m[38;2;255;108;0m▜[48;2;249;103;0m[38;2;255;151;0m▘[48;2;217;58;0m[38;2;254;105;0m▛[48;2;208;61;0m[38;2;251;113;0m▐[48;2;177;38;0m[38;2;230;82;0m▟[48;2;212;56;0m[38;2;240;106;0m▐[48;2;91;15;0m[38;2;141;43;0m▘[48;2;121;31;0m[38;2;132;49;0m▐[48;2;158;44;0m[38;2;203;62;0m▜[48;2;218;58;0m[38;2;237;73;0m▝[48;2;241;86;0m[38;2;255;101;0m▛[48;2;206;50;0m[38;2;245;87;0m▛[48;2;196;47;0m[38;2;229;78;0m▀[48;2;184;45;0m[38;2;200;55;0m▜[48;2;218;67;0m[38;2;243;87;0m▛[48;2;233;85;0m[38;2;255;147;0m▗[48;2;247;79;0m[38;2;255;120;0m▖[48;2;243;73;0m[38;2;255;91;0m▘[48;2;225;63;0m[38;2;255;106;0m▟[48;2;255;101;0m[38;2;255;136;0m▝[48;2;254;88;0m[38;2;255;110;0m▝[48;2;246;81;0m[38;2;255;120;0m▝[48;2;212;58;0m[38;2;253;108;0m▙[48;2;253;97;0m[38;2;255;127;0m▟[48;2;255;110;0m[38;2;255;118;0m▌[48;2;255;129;0m[38;2;255;158;0m▗[48;2;237;81;0m[38;2;255;132;0m▙[48;2;220;78;0m[38;2;255;121;0m▝[48;2;222;100;0m[38;2;255;107;0m▙[48;2;226;83;0m[38;2;255;137;0m▀[48;2;186;55;0m[38;2;239;100;1m▜[48;2;255;109;0m[38;2;255;146;0m▜[48;2;235;92;0m[38;2;255;125;0m▙[48;2;229;88;0m[38;2;254;127;0m▀[48;2;236;86;0m[38;2;255;110;0m▞[48;2;201;51;0m[38;2;223;80;0m▛[0m
[48;2;0;0;0m[38;2;0;0;0m▘▘▘▘▘▘▘▘▘▘▘▘▘▘▘▘▘▘▘▘▘▘▘▘▘▘▘▘▘▘▘▘▘▘▘▘▘▘▘▘▘▘▘▘▘▘▘▘▘▘▘▘▘▘▘▘▘▘▘▘▘▘▘▘▘▘▘▘▘▘▘▘▘▘▘▘▘▘▘▘▘▘▘▘▘▘▘▘▘▘[38;2;0;2;0m▐[48;2;53;35;1m[38;2;147;78;2m▐[48;2;224;126;0m[38;2;248;152;0m▐[48;2;170;94;0m[38;2;203;128;0m▌[48;2;242;115;0m[38;2;255;168;0m▐[48;2;168;113;0m[38;2;255;176;0m▖[48;2;153;124;0m[38;2;201;140;0m▗[48;2;131;110;0m[38;2;159;129;0m▗[48;2;141;94;0m[38;2;216;116;0m▝[48;2;136;98;0m[38;2;158;108;0m▛[48;2;211;109;0m[38;2;255;148;0m▐[48;2;204;140;0m[38;2;255;170;0m▘[48;2;190;132;0m[38;2;214;147;0m▞[48;2;255;138;0m[38;2;255;175;0m▐[48;2;169;112;0m[38;2;240;159;1m▐[48;2;212;130;0m[38;2;250;159;2m▞[48;2;219;116;0m[38;2;233;135;0m▛[48;2;247;110;0m[38;2;255;136;0m▜[48;2;255;137;0m[38;2;255;199;0m▌[48;2;255;132;0m[38;2;255;158;0m▀[38;2;255;175;0m▐[48;2;212;67;0m[38;2;255;119;0m▌[48;2;201;88;0m[38;2;253;141;3m▜[48;2;252;121;0m[38;2;255;153;0m▘[48;2;255;140;0m[38;2;255;169;0m▘[48;2;255;94;0m[38;2;255;109;0m▀[48;2;249;115;0m[38;2;255;160;4m▐[48;2;223;97;0m[38;2;255;155;0m▌[48;2;239;102;0m[38;2;255;160;0m▗[48;2;255;149;0m[38;2;255;194;0m▘[48;2;249;108;0m[38;2;255;159;0m▗[48;2;245;126;0m[38;2;255;178;12m▖[48;2;255;128;0m[38;2;255;183;0m▀[48;2;255;110;0m[38;2;255;136;0m▜[48;2;218;79;0m[38;2;241;97;0m▌[48;2;235;93;0m[38;2;255;141;0m▜[48;2;224;116;0m[38;2;255;131;0m▐[48;2;255;132;0m[38;2;255;151;0m▝[48;2;219;88;0m[38;2;228;114;0m▟[48;2;224;133;0m[38;2;255;170;0m▙[48;2;237;102;0m[38;2;248;130;0m▟[48;2;255;129;0m[38;2;255;156;0m▘[48;2;255;134;0m[38;2;255;153;0m▜[48;2;248;100;0m[38;2;255;156;0m▌[48;2;255;110;0m[38;2;255;118;0m▟[48;2;253;117;0m[38;2;255;188;0m▗[48;2;237;99;0m[38;2;255;173;0m▛[48;2;212;69;0m[38;2;237;103;0m▚[48;2;255;118;0m[38;2;255;182;0m▟[48;2;255;124;0m[38;2;255;146;0m▌[48;2;236;115;0m[38;2;255;143;0m▛[48;2;205;103;0m[38;2;246;140;0m▛[48;2;255;142;0m[38;2;255;192;0m▝[48;2;255;152;0m[38;2;255;174;0m▘[48;2;234;90;0m[38;2;251;145;5m▜[48;2;219;91;0m[38;2;249;148;1m▟[48;2;222;91;0m[38;2;255;161;0m▀[48;2;219;80;0m[38;2;241;128;0m▘[48;2;235;81;0m[38;2;255;133;0m▟[48;2;218;78;0m[38;2;255;121;0m▘[48;2;220;82;0m[38;2;251;114;0m▟[48;2;248;128;0m[38;2;255;184;4m▞[48;2;249;117;0m[38;2;255;190;0m▘[48;2;231;92;0m[38;2;255;126;0m▟[48;2;255;136;0m[38;2;255;146;0m▛[48;2;225;83;0m[38;2;255;115;0m▘[48;2;209;67;0m[38;2;255;118;0m▀[48;2;232;77;0m[38;2;255;105;0m▚[48;2;254;100;0m[38;2;255;119;0m▟[48;2;255;122;0m[38;2;255;130;0m▞[48;2;202;58;0m[38;2;249;112;0m▛[48;2;248;87;0m[38;2;255;118;0m▝[48;2;249;97;0m[38;2;255;133;0m▗[48;2;219;70;0m[38;2;255;125;0m▌[48;2;228;78;0m[38;2;255;112;0m▜[48;2;239;87;0m[38;2;255;100;0m▝[48;2;208;59;0m[38;2;236;82;0m▘[48;2;211;61;0m[38;2;240;97;0m▐[48;2;189;45;0m[38;2;250;143;5m▜[48;2;200;55;0m[38;2;217;86;0m▖[48;2;101;17;0m[38;2;122;22;0m▌[48;2;108;19;0m[38;2;112;32;0m▜[48;2;140;34;0m[38;2;200;61;0m▟[48;2;211;64;0m[38;2;223;79;0m▗[48;2;230;73;0m[38;2;255;98;0m▘[48;2;211;56;0m[38;2;224;81;0m▚[48;2;204;57;0m[38;2;232;121;0m▟[48;2;222;75;0m[38;2;251;140;0m▄[48;2;243;112;0m[38;2;255;177;0m▗[48;2;255;123;0m[38;2;255;160;0m▌[48;2;244;88;0m[38;2;255;112;0m▖[48;2;251;86;0m[38;2;255;121;0m▗[48;2;255;132;0m[38;2;255;193;0m▗[48;2;255;102;0m[38;2;255;153;0m▛[48;2;255;103;0m[38;2;255;147;0m▗[48;2;255;121;0m[38;2;255;190;0m▄[48;2;255;114;0m[38;2;255;149;0m▌[48;2;255;112;0m[38;2;255;142;0m▟[48;2;255;134;0m[38;2;255;148;0m▖[48;2;255;131;0m[38;2;255;152;0m▐[48;2;255;154;0m[38;2;255;174;0m▄[48;2;204;63;0m[38;2;255;136;0m▌[48;2;237;80;0m[38;2;255;110;0m▚[48;2;247;86;0m[38;2;254;115;0m▜[48;2;219;68;0m[38;2;253;100;0m▖[48;2;251;92;0m[38;2;255;109;0m▝[48;2;242;92;0m[38;2;254;100;0m▀[48;2;220;76;0m[38;2;250;96;0m▝[48;2;189;46;0m[38;2;249;106;0m▌[48;2;186;40;0m[38;2;183;44;0m▜[0m
[48;2;0;0;0m[38;2;0;0;0m▘▘▘▘▘▘▘▘▘▘▘▘▘▘▘▘▘▘▘▘▘▘▘▘▘▘▘▘▘▘▘▘▘▘▘▘▘▘▘▘▘▘▘▘▘▘▘▘▘▘▘▘▘▘▘▘▘▘▘▘▘▘▘▘▘▘▘▘▘▘▘▘▘▘▘▘▘▘▘▘▘▘▘▘▘▘▘▘▘▘[38;2;0;2;0m▐[48;2;37;44;0m[38;2;129;107;0m▐[48;2;203;141;0m[38;2;255;167;0m▐[48;2;184;132;0m[38;2;246;157;0m▌[48;2;169;96;0m[38;2;248;116;0m▝[48;2;203;110;0m[38;2;255;149;0m▌[48;2;211;134;0m[38;2;255;164;0m▖[48;2;147;113;0m[38;2;181;131;0m▞[48;2;153;105;0m[38;2;211;150;0m▖[48;2;148;112;0m[38;2;192;117;0m▛[48;2;174;120;0m[38;2;231;130;0m▜[48;2;188;116;0m[38;2;209;141;0m▐[48;2;163;110;0m[38;2;198;128;0m▛[48;2;248;124;0m[38;2;255;148;0m▀[48;2;231;133;4m[38;2;255;166;0m▄[48;2;248;143;0m[38;2;255;181;0m▝[48;2;220;98;0m[38;2;240;122;0m▜[48;2;255;129;0m[38;2;255;149;0m▐[48;2;255;114;0m[38;2;255;162;0m▌[48;2;255;116;0m[38;2;255;133;0m▀[48;2;255;129;0m[38;2;255;147;0m▝[48;2;254;107;0m[38;2;255;153;0m▗[48;2;195;63;0m[38;2;255;149;0m▐[48;2;238;114;0m[38;2;251;165;7m▙[48;2;235;75;0m[38;2;247;107;0m▛[48;2;238;83;0m[38;2;250;93;0m▝[48;2;228;87;0m[38;2;255;114;0m▝[48;2;241;95;0m[38;2;255;103;0m▗[48;2;255;109;0m[38;2;255;135;0m▛[48;2;255;127;0m▗[48;2;255;149;0m[38;2;255;187;0m▝[48;2;234;92;0m[38;2;255;136;0m▛[48;2;208;64;0m[38;2;237;95;0m▜[48;2;230;87;0m[38;2;252;110;0m▛[48;2;217;63;0m[38;2;242;84;0m▜[48;2;237;96;0m[38;2;255;105;0m▙[48;2;210;68;0m[38;2;235;91;0m▀[48;2;255;100;0m[38;2;255;134;0m▌[48;2;223;100;0m[38;2;255;110;0m▖[48;2;254;142;0m[38;2;255;189;0m▀[48;2;223;100;0m[38;2;252;158;0m▌[48;2;240;84;0m[38;2;255;109;0m▜[48;2;255;146;0m[38;2;255;158;0m▖[48;2;241;91;0m[38;2;255;104;0m▜[48;2;239;106;0m[38;2;255;118;0m▌[48;2;255;117;0m[38;2;255;156;0m▛[48;2;223;76;0m[38;2;255;108;0m▚[48;2;255;117;0m[38;2;255;167;0m▐[48;2;255;166;0m[38;2;255;197;0m▀[48;2;253;137;0m[38;2;255;156;0m▖[48;2;255;148;0m[38;2;255;165;0m▀[48;2;221;90;0m[38;2;234;134;0m▘[48;2;218;67;0m[38;2;254;102;0m▐[48;2;230;78;0m[38;2;255;107;0m▛[48;2;229;89;0m[38;2;255;152;1m▝[48;2;232;85;0m[38;2;238;105;0m▘[48;2;240;92;0m[38;2;255;113;0m▟[48;2;255;102;0m[38;2;255;125;0m▐[48;2;205;66;0m[38;2;249;121;0m▛[48;2;183;46;0m[38;2;224;82;0m▜[48;2;255;114;0m[38;2;255;133;0m▞[48;2;224;76;0m[38;2;253;112;0m▛[48;2;251;100;0m[38;2;255;111;0m▗[48;2;255;105;0m[38;2;255;124;0m▌[48;2;234;82;0m[38;2;255;120;0m▛[48;2;220;78;0m[38;2;226;77;0m▚[48;2;242;85;0m[38;2;255;107;0m▛[48;2;251;89;0m[38;2;255;113;0m▀[48;2;255;108;0m[38;2;255;130;0m▐[48;2;213;60;0m[38;2;254;130;0m▛[48;2;204;48;0m[38;2;241;85;0m▘[48;2;203;56;0m[38;2;255;106;0m▌[48;2;234;98;0m[38;2;255;149;0m▐[48;2;210;59;0m[38;2;249;102;0m▘[48;2;218;65;0m[38;2;255;97;0m▝[48;2;227;72;0m[38;2;249;95;0m▌[48;2;192;42;0m[38;2;210;78;0m▝[48;2;203;68;0m[38;2;229;107;0m▌[48;2;189;38;0m[38;2;242;117;0m▐[48;2;176;43;0m[38;2;255;131;0m▌[48;2;95;17;0m[38;2;127;31;0m▐[48;2;125;32;0m[38;2;164;81;0m▗[48;2;207;79;0m[38;2;235;121;0m▛[48;2;207;63;0m[38;2;226;95;0m▀[48;2;202;52;0m[38;2;202;66;0m▟[48;2;206;79;0m[38;2;255;175;2m▟[48;2;249;141;0m[38;2;255;188;13m▝[48;2;255;156;0m[38;2;255;190;0m▗[48;2;255;191;0m[38;2;255;211;0m▖[48;2;255;148;0m[38;2;255;172;0m▖[48;2;255;142;0m[38;2;255;160;0m▗[48;2;255;147;0m[38;2;255;179;0m▟[48;2;255;132;0m[38;2;255;175;0m▘[48;2;255;123;0m[38;2;249;154;0m▐[48;2;253;148;0m[38;2;255;186;0m▝[48;2;255;153;0m[38;2;255;191;0m▛[48;2;248;110;0m[38;2;255;142;0m▌[48;2;201;73;0m[38;2;229;106;0m▜[48;2;245;135;0m[38;2;255;163;0m▗[48;2;252;136;0m[38;2;255;168;0m▖[48;2;254;121;0m[38;2;255;163;0m▝[48;2;208;84;0m[38;2;255;160;0m▙[48;2;237;86;0m[38;2;254;104;0m▝[48;2;246;92;0m[38;2;255;102;0m▛[48;2;208;61;0m[38;2;243;91;0m▌[48;2;219;69;0m[38;2;247;92;0m▜[48;2;212;74;0m[38;2;245;95;0m▛[48;2;195;55;0m[38;2;231;78;0m▐[48;2;188;43;0m[38;2;205;61;0m▘[48;2;219;69;0m[38;2;255;120;0m▗[0m
[48;2;0;0;0m[38;2;0;0;0m▘▘▘▘▘▘▘▘▘▘▘▘▘▘▘▘▘▘▘▘▘▘▘▘▘▘▘▘▘▘▘▘▘▘▘▘▘▘▘▘▘▘▘▘▘▘▘▘▘▘▘▘▘▘▘▘▘▘▘▘▘▘▘▘▘▘▘▘▘▘▘▘▘▘▘▘▘▘▘▘▘▘▘▘▘▘▘▘▘▘[38;2;0;3;0m▐[48;2;34;43;0m[38;2;148;108;0m▐[48;2;129;100;0m[38;2;202;132;0m▛[48;2;154;108;0m[38;2;170;116;0m▘[48;2;109;95;0m[38;2;124;105;0m▘[48;2;130;82;0m[38;2;207;98;0m▜[48;2;172;78;0m[38;2;251;152;0m▜[48;2;150;106;0m[38;2;234;139;0m▙[48;2;215;135;0m[38;2;255;171;0m▘[48;2;181;116;0m[38;2;194;131;0m▄[48;2;143;107;0m[38;2;171;117;0m▝[48;2;188;117;0m[38;2;222;130;0m▟[48;2;221;104;0m[38;2;243;118;0m▌[48;2;246;131;0m[38;2;255;170;0m▖[48;2;255;174;0m[38;2;255;205;0m▘[48;2;222;106;7m[38;2;255;163;0m▌[48;2;254;113;0m[38;2;255;133;0m▐[48;2;255;130;0m[38;2;255;143;0m▛[48;2;255;123;0m[38;2;255;146;0m▌[48;2;252;94;0m[38;2;255;109;0m▟[48;2;182;61;0m[38;2;243;116;1m▜[48;2;219;85;0m[38;2;255;136;4m▐[48;2;191;64;0m[38;2;205;92;0m▖[48;2;255;141;0m[38;2;255;200;3m▝[48;2;210;81;0m[38;2;250;160;0m▌[48;2;213;69;0m[38;2;223;79;0m▖[48;2;225;75;0m[38;2;255;116;0m▐[48;2;255;106;0m[38;2;255;128;0m▙[48;2;248;91;0m[38;2;255;116;0m▘[48;2;255;114;0m[38;2;255;153;0m▀[48;2;216;75;0m[38;2;255;136;0m▛[48;2;207;78;0m[38;2;246;138;0m▟[48;2;247;150;0m[38;2;255;160;1m▙[48;2;218;82;0m[38;2;255;123;0m▄[48;2;229;91;0m[38;2;255;112;0m▞[48;2;240;103;0m[38;2;252;142;0m▄[48;2;205;66;0m[38;2;238;94;0m▖[48;2;216;80;0m[38;2;255;120;0m▜[48;2;224;79;0m[38;2;254;113;0m▙[48;2;200;66;0m[38;2;254;120;0m▜[48;2;246;123;0m[38;2;252;165;0m▜[48;2;209;63;0m[38;2;254;100;0m▐[48;2;255;119;0m[38;2;255;154;0m▘[48;2;251;92;0m[38;2;255;113;0m▐[48;2;229;74;0m[38;2;253;110;0m▐[48;2;216;69;0m[38;2;255;115;0m▘[48;2;223;79;0m[38;2;255;128;0m▟[48;2;255;129;0m[38;2;255;161;0m▛[48;2;234;98;0m[38;2;253;138;0m▛[48;2;247;110;0m[38;2;255;147;0m▀[48;2;229;87;0m[38;2;249;122;0m▘[48;2;224;69;0m[38;2;243;84;0m▖[48;2;237;79;0m[38;2;255;121;0m▗[48;2;194;51;0m[38;2;230;86;0m▙[48;2;228;86;0m[38;2;255;108;0m▗[48;2;209;65;0m[38;2;244;98;0m▖[48;2;202;52;0m[38;2;249;112;0m▜[48;2;208;52;0m[38;2;249;96;0m▛[48;2;187;44;0m[38;2;223;74;0m▘[48;2;185;46;0m[38;2;212;72;0m▝[48;2;225;81;0m[38;2;240;91;0m▜[48;2;219;72;0m[38;2;250;96;0m▟[48;2;255;105;0m[38;2;255;129;0m▘[48;2;255;106;0m[38;2;255;118;0m▚[48;2;221;73;0m[38;2;255;98;0m▘[48;2;221;71;0m[38;2;255;106;0m▐[48;2;221;73;0m[38;2;255;104;0m▘[48;2;234;84;0m[38;2;253;98;0m▜[48;2;255;105;0m[38;2;255;111;0m▘[48;2;189;37;0m[38;2;251;107;0m▌[48;2;187;37;0m[38;2;224;67;0m▐[48;2;192;40;0m[38;2;212;61;0m▜[48;2;248;122;0m[38;2;255;151;0m▐[48;2;208;59;0m[38;2;237;91;0m▖[48;2;218;79;0m[38;2;237;93;0m▗[48;2;227;65;0m[38;2;255;99;0m▌[48;2;189;34;0m[38;2;196;39;0m▙[48;2;196;60;0m[38;2;255;162;2m▐[48;2;178;44;0m[38;2;229;104;0m▝[48;2;171;58;0m[38;2;255;164;0m▌[48;2;84;16;0m[38;2;132;50;0m▗[48;2;139;54;0m[38;2;205;111;3m▟[48;2;204;60;0m[38;2;241;122;0m▘[48;2;223;75;0m[38;2;255;159;3m▗[48;2;242;132;0m[38;2;255;168;0m▟[48;2;255;149;0m[38;2;255;198;14m▗[48;2;255;159;0m[38;2;255;207;5m▟[48;2;255;155;0m[38;2;255;203;0m▀[48;2;252;91;0m[38;2;255;153;0m▛[48;2;255;123;0m[38;2;255;172;0m▗[48;2;255;165;0m[38;2;255;207;0m▟[48;2;255;145;0m[38;2;255;195;0m▘[48;2;241;111;0m[38;2;255;171;0m▗[48;2;208;78;0m[38;2;255;162;0m▛[48;2;225;103;0m[38;2;255;135;0m▟[48;2;242;116;0m[38;2;255;156;0m▚[48;2;255;106;0m[38;2;255;120;0m▞[48;2;219;82;0m[38;2;240;96;0m▙[48;2;210;73;0m[38;2;221;81;0m▄[48;2;234;93;0m[38;2;255;148;0m▝[48;2;226;83;0m▘[48;2;205;65;0m[38;2;254;138;0m▝[48;2;250;104;0m[38;2;255;175;0m▙[48;2;255;100;0m[38;2;255;104;0m▌[48;2;195;53;0m[38;2;238;91;0m▌[48;2;164;36;0m[38;2;225;76;0m▐[48;2;183;47;0m[38;2;226;81;0m▌[48;2;212;69;0m[38;2;222;75;0m▝[48;2;198;45;0m[38;2;248;90;0m▗[48;2;189;54;0m[38;2;235;88;0m▛[0m
[48;2;0;0;0m[38;2;0;0;0m▘▘▘▘▘▘▘▘▘▘▘▘▘▘▘▘▘▘▘▘▘▘▘▘▘▘▘▘▘▘▘▘▘▘▘▘▘▘▘▘▘▘▘▘▘▘▘▘▘▘▘▘▘▘▘▘▘▘▘▘▘▘▘▘▘▘▘▘▘▘▘▘▘▘▘▘▘▘▘▘▘▘▘▘▘▘▘▘▘▘[38;2;0;2;0m▐[48;2;14;32;0m[38;2;115;86;0m▐[48;2;153;101;0m[38;2;196;125;0m▌[48;2;117;88;0m[38;2;194;123;0m▟[48;2;115;96;0m[38;2;201;130;0m▙[48;2;118;75;0m[38;2;135;86;0m▞[48;2;199;88;0m[38;2;245;123;0m▟[48;2;255;166;0m[38;2;255;175;0m▄[48;2;217;128;0m[38;2;255;159;0m▐[48;2;206;136;0m[38;2;255;169;0m▖[48;2;137;96;0m[38;2;197;112;0m▐[48;2;231;97;0m[38;2;254;130;0m▛[48;2;225;85;0m[38;2;251;127;0m▟[48;2;255;138;0m[38;2;255;164;0m▗[48;2;215;91;0m[38;2;253;138;0m▖[48;2;195;67;0m[38;2;247;112;0m▟[48;2;255;97;0m[38;2;255;108;0m▛[48;2;255;111;0m[38;2;255;133;0m▜[48;2;254;116;0m[38;2;255;140;0m▘[48;2;237;107;0m[38;2;255;182;2m▗[48;2;255;157;2m[38;2;255;165;25m▘[48;2;202;80;0m[38;2;254;170;11m▛[48;2;158;43;0m[38;2;213;69;0m▟[48;2;205;67;0m[38;2;255;136;0m▝[48;2;226;126;0m[38;2;255;163;0m▌[48;2;167;41;0m[38;2;210;66;0m▐[48;2;241;97;0m[38;2;255;138;0m▟[48;2;243;86;0m[38;2;255;123;0m▛[48;2;209;66;0m[38;2;253;112;0m▝[48;2;211;72;0m[38;2;255;148;0m▗[48;2;202;65;0m[38;2;255;126;0m▗[48;2;224;91;0m[38;2;255;133;0m▛[48;2;204;58;0m[38;2;238;114;0m▘[48;2;195;48;0m[38;2;239;100;0m▟[48;2;255;118;0m[38;2;255;144;0m▛[48;2;228;82;0m[38;2;255;126;0m▘[48;2;191;49;0m[38;2;244;84;0m▖[48;2;193;63;0m[38;2;255;132;0m▝[48;2;213;62;0m[38;2;248;104;0m▟[48;2;190;50;0m[38;2;236;94;0m▞[48;2;201;57;0m[38;2;255;140;0m▀[48;2;210;65;0m[38;2;225;84;0m▀[48;2;233;74;0m[38;2;255;105;0m▌[48;2;254;95;0m[38;2;255;115;0m▐[48;2;212;66;0m[38;2;227;77;0m▚[48;2;244;87;0m[38;2;253;103;0m▛[48;2;255;130;0m[38;2;255;163;0m▟[48;2;242;91;0m[38;2;255;117;0m▘[48;2;198;60;0m[38;2;255;108;0m▝[48;2;184;49;0m[38;2;214;66;0m▙[48;2;211;61;0m[38;2;255;110;0m▗[48;2;242;91;0m[38;2;255;116;0m▟[48;2;206;57;0m[38;2;250;112;0m▀[48;2;195;50;0m[38;2;230;80;0m▘[48;2;173;37;0m[38;2;212;59;0m▄[48;2;192;48;0m[38;2;218;72;0m▝[48;2;212;65;0m[38;2;243;89;0m▞[48;2;202;52;0m[38;2;248;98;0m▌[48;2;156;23;0m[38;2;172;32;0m▌[48;2;159;34;0m[38;2;202;65;0m▟[48;2;255;105;0m[38;2;255;123;0m▝[48;2;255;101;0m[38;2;255;119;0m▐[48;2;229;74;0m[38;2;255;113;0m▐[48;2;231;81;0m[38;2;253;104;0m▛[48;2;193;50;0m[38;2;221;77;0m▌[48;2;233;85;0m[38;2;255;105;0m▞[48;2;208;58;0m[38;2;212;64;0m▜[48;2;230;72;0m[38;2;255;107;0m▐[48;2;228;75;0m[38;2;254;100;0m▐[48;2;193;45;0m[38;2;223;67;0m▘[48;2;199;50;0m[38;2;247;99;0m▟[48;2;238;81;0m[38;2;255;122;0m▄[48;2;199;58;0m[38;2;249;134;0m▜[48;2;213;69;0m[38;2;255;134;0m▌[48;2;228;90;0m[38;2;253;123;0m▟[48;2;238;75;0m[38;2;255;113;0m▙[48;2;213;56;0m[38;2;240;85;0m▐[48;2;201;57;0m[38;2;248;136;0m▝[48;2;190;50;0m[38;2;247;164;11m▌[48;2;157;59;0m[38;2;255;158;0m▌[48;2;74;20;0m[38;2;213;130;0m▟[48;2;141;32;0m[38;2;203;94;0m▛[48;2;191;65;0m[38;2;255;165;0m▗[48;2;255;133;0m[38;2;255;176;0m▛[48;2;255;153;0m[38;2;255;212;10m▟[48;2;255;178;0m[38;2;255;226;18m▛[48;2;254;120;0m[38;2;255;178;0m▘[48;2;252;102;0m[38;2;255;127;0m▛[48;2;222;72;0m[38;2;255;144;0m▟[48;2;255;154;0m[38;2;255;200;0m▀[48;2;254;126;0m[38;2;255;184;0m▘[48;2;237;89;0m[38;2;255;115;0m▀[48;2;215;71;0m[38;2;255;133;0m▀[48;2;240;91;0m[38;2;255;115;0m▟[48;2;249;124;0m[38;2;255;168;0m▗[48;2;243;106;0m[38;2;255;193;0m▘[48;2;222;73;0m[38;2;255;116;0m▟[48;2;232;86;0m[38;2;255;124;0m▘[48;2;229;86;0m[38;2;244;99;0m▐[48;2;228;87;0m[38;2;243;99;0m▙[48;2;191;55;0m[38;2;255;111;0m▖[48;2;172;42;0m[38;2;207;79;0m▙[48;2;212;69;0m[38;2;255;176;0m▝[48;2;225;81;0m[38;2;253;159;0m▙[48;2;201;68;0m[38;2;224;93;0m▗[48;2;158;30;0m[38;2;186;44;0m▟[48;2;203;62;0m[38;2;204;66;0m▘[48;2;185;47;0m[38;2;229;78;0m▌[48;2;219;67;0m[38;2;255;117;0m▝[48;2;153;27;0m[38;2;182;44;0m▘[0m
[48;2;0;0;0m[38;2;0;0;0m▘▘▘▘▘▘▘▘▘▘▘▘▘▘▘▘▘▘▘▘▘▘▘▘▘▘▘▘▘▘▘▘▘▘▘▘▘▘▘▘▘▘▘▘▘▘▘▘▘▘▘▘▘▘▘▘▘▘▘▘▘▘▘▘▘▘▘▘▘▘▘▘▘▘▘▘▘▘▘▘▘▘▘▘▘▘▘▘▘▘[38;2;0;3;0m▐[48;2;14;32;0m[38;2;103;80;0m▐[48;2;170;106;0m[38;2;203;129;0m▌[48;2;157;97;0m[38;2;215;128;0m▐[48;2;178;108;0m[38;2;232;147;0m▝[48;2;157;88;0m[38;2;244;154;0m▖[48;2;204;97;0m[38;2;250;127;0m▘[48;2;255;135;0m[38;2;255;173;0m▐[48;2;243;128;0m[38;2;255;156;0m▛[48;2;248;127;0m[38;2;255;163;0m▌[48;2;219;94;0m[38;2;255;120;0m▟[48;2;227;93;0m[38;2;242;114;0m▘[48;2;230;87;0m[38;2;243;102;0m▘[48;2;198;60;0m[38;2;230;95;0m▜[48;2;210;60;0m[38;2;255;99;0m▗[48;2;245;86;0m[38;2;255;116;0m▘[48;2;248;81;0m[38;2;255;110;0m▌[48;2;251;93;0m[38;2;255;111;0m▝[48;2;240;104;0m[38;2;255;138;0m▗[48;2;255;142;0m[38;2;255;163;0m▝[48;2;200;79;0m[38;2;255;159;0m▘[48;2;193;48;0m[38;2;255;121;0m▐[48;2;216;56;0m[38;2;216;58;0m▗[48;2;192;48;0m[38;2;207;56;0m▗[48;2;195;64;0m[38;2;240;107;0m▀[48;2;190;60;0m[38;2;206;66;0m▗[48;2;246;97;0m[38;2;255;124;0m▜[48;2;211;62;0m[38;2;255;108;0m▘[48;2;210;58;0m[38;2;227;79;0m▌[48;2;188;48;0m[38;2;255;111;0m▛[48;2;192;51;0m[38;2;237;90;0m▛[48;2;178;46;0m[38;2;226;98;0m▘[48;2;166;39;0m[38;2;229;98;0m▟[48;2;251;117;0m[38;2;255;138;0m▖[48;2;237;108;0m[38;2;250;132;0m▀[48;2;207;72;0m[38;2;233;108;0m▀[48;2;198;48;0m[38;2;226;72;0m▙[48;2;154;37;0m[38;2;197;63;0m▌[48;2;196;52;0m[38;2;244;102;0m▛[48;2;204;53;0m[38;2;248;100;0m▌[48;2;194;48;0m[38;2;218;66;0m▟[48;2;205;60;0m[38;2;217;75;0m▘[48;2;227;69;0m[38;2;248;91;0m▌[48;2;225;80;0m[38;2;250;91;0m▛[48;2;203;59;0m[38;2;255;105;0m▐[48;2;230;73;0m▜[48;2;218;72;0m[38;2;255;150;0m▛[48;2;178;44;0m[38;2;224;88;0m▛[48;2;195;54;0m[38;2;214;69;0m▗[48;2;227;78;0m[38;2;246;92;0m▖[48;2;200;58;0m[38;2;251;102;0m▛[48;2;172;33;0m[38;2;217;72;0m▘[48;2;171;33;0m[38;2;206;70;0m▐[48;2;197;47;0m[38;2;224;74;0m▗[48;2;223;64;0m[38;2;234;77;0m▌[48;2;205;55;0m[38;2;255;108;0m▖[48;2;214;67;0m[38;2;244;86;0m▘[48;2;198;57;0m[38;2;235;85;0m▜[48;2;170;34;0m[38;2;191;57;0m▄[48;2;180;43;0m[38;2;231;85;0m▐[48;2;220;67;0m[38;2;255;104;0m▌[48;2;229;79;0m[38;2;254;103;0m▛[48;2;214;65;0m[38;2;249;99;0m▝[48;2;198;55;0m[38;2;230;80;0m▌[48;2;203;61;0m[38;2;243;88;0m▗[48;2;214;66;0m[38;2;250;99;0m▌[48;2;225;69;0m[38;2;253;90;0m▖[48;2;248;85;0m[38;2;255;97;0m▟[48;2;224;75;0m[38;2;254;102;0m▝[48;2;185;38;0m[38;2;205;56;0m▗[48;2;206;55;0m[38;2;249;110;0m▌[48;2;251;93;0m[38;2;255;136;0m▌[48;2;199;52;0m[38;2;244;122;0m▐[48;2;255;136;0m[38;2;255;189;0m▌[48;2;255;123;0m[38;2;255;153;0m▟[48;2;255;111;0m[38;2;255;136;0m▌[48;2;208;57;0m[38;2;240;85;0m▐[48;2;190;49;0m[38;2;217;72;0m▖[48;2;212;86;0m[38;2;251;180;5m▙[48;2;212;87;0m[38;2;243;122;0m▗[48;2;189;84;0m[38;2;247;146;0m▛[48;2;195;75;0m[38;2;250;153;0m▗[48;2;254;137;0m[38;2;255;180;0m▞[48;2;255;146;0m[38;2;255;193;1m▐[48;2;255;175;0m[38;2;255;213;7m▘[48;2;213;69;0m[38;2;255;148;0m▛[48;2;237;86;0m[38;2;255;134;0m▐[48;2;241;97;0m[38;2;255;169;0m▗[48;2;231;93;0m[38;2;255;160;0m▛[48;2;253;99;0m[38;2;255;129;0m▛[48;2;219;63;0m[38;2;251;94;0m▀[48;2;209;63;0m[38;2;235;87;0m▘[48;2;216;72;0m[38;2;247;93;0m▟[48;2;204;73;0m[38;2;240;89;0m▛[48;2;235;101;0m[38;2;255;153;0m▘[48;2;242;91;0m[38;2;255;110;0m▛[48;2;240;98;0m[38;2;255;104;0m▘[48;2;205;66;0m[38;2;218;87;0m▘[48;2;234;88;0m[38;2;255;105;0m▝[48;2;194;50;0m[38;2;233;83;0m▀[48;2;211;62;0m[38;2;255;114;0m▜[48;2;187;50;0m[38;2;208;84;0m▝[48;2;194;49;0m[38;2;194;62;0m▌[48;2;212;80;0m[38;2;255;147;0m▐[48;2;204;67;0m[38;2;232;105;0m▖[48;2;186;45;0m[38;2;197;56;0m▞[48;2;187;45;0m[38;2;195;56;0m▌[48;2;200;55;0m[38;2;238;86;0m▌[48;2;186;46;0m[38;2;249;96;0m▌[48;2;158;26;0m[38;2;189;54;0m▗[0m
[48;2;0;0;0m[38;2;0;0;0m▘▘▘▘▘▘▘▘▘▘▘▘▘▘▘▘▘▘▘▘▘▘▘▘▘▘▘▘▘▘▘▘▘▘▘▘▘▘▘▘▘▘▘▘▘▘▘▘▘▘▘▘▘▘▘▘▘▘▘▘▘▘▘▘▘▘▘▘▘▘▘▘▘▘▘▘▘▘▘▘▘▘▘▘▘▘▘▘▘▘[38;2;0;3;0m▐[48;2;3;19;0m[38;2;60;63;0m▝[48;2;22;26;0m[38;2;150;102;0m▀[48;2;34;29;0m[38;2;175;107;0m▀[48;2;46;32;0m[38;2;210;125;0m▀[48;2;48;38;0m[38;2;228;140;0m▀[48;2;27;17;0m[38;2;173;75;0m▀[48;2;62;43;1m[38;2;255;159;0m▀[48;2;56;38;0m[38;2;239;143;0m▀[48;2;57;32;0m[38;2;255;138;0m▀[48;2;58;32;0m[38;2;255;131;0m▀[48;2;45;22;0m[38;2;217;89;0m▀[48;2;54;27;0m[38;2;237;102;0m▀[48;2;55;28;0m[38;2;231;95;0m▀[48;2;48;18;0m[38;2;224;79;0m▀[48;2;50;22;0m[38;2;236;94;0m▀[48;2;54;23;0m[38;2;246;100;0m▀[48;2;51;27;0m[38;2;239;98;0m▀[48;2;47;25;0m[38;2;246;119;0m▀[48;2;27;13;0m[38;2;212;96;0m▀[48;2;40;15;0m[38;2;188;66;0m▀[48;2;95;29;0m[38;2;255;127;0m▝[48;2;42;10;0m[38;2;207;58;0m▀[48;2;40;13;0m[38;2;194;54;0m▀[48;2;37;15;0m[38;2;174;53;0m▀[48;2;41;18;0m[38;2;190;70;0m▀[48;2;41;17;0m[38;2;221;85;0m▀[48;2;29;10;0m[38;2;178;51;0m▀[48;2;34;13;0m[38;2;189;62;0m▀[48;2;41;17;0m[38;2;198;68;0m▀[48;2;91;28;0m[38;2;250;110;0m▘[48;2;92;38;1m[38;2;232;121;0m▝[48;2;61;36;0m[38;2;255;138;0m▀[48;2;30;13;0m[38;2;201;87;0m▀[48;2;36;12;0m[38;2;191;71;0m▀[48;2;39;13;0m[38;2;196;70;0m▀[48;2;45;20;0m[38;2;218;84;0m▀[48;2;72;16;0m[38;2;200;67;0m▘[48;2;98;33;0m[38;2;255;126;0m▘[48;2;46;17;0m[38;2;216;76;0m▀[48;2;45;17;0m[38;2;209;69;0m▀[48;2;41;18;0m[38;2;196;71;0m▀[48;2;48;18;0m[38;2;221;79;0m▀[48;2;47;21;0m[38;2;225;88;0m▀[48;2;47;18;0m[38;2;210;73;0m▀[48;2;96;32;0m[38;2;252;127;0m▝[48;2;39;15;0m[38;2;209;82;0m▀[48;2;76;21;0m[38;2;237;114;0m▘[48;2;41;20;0m[38;2;204;76;0m▀[48;2;43;17;0m[38;2;221;82;0m▀[48;2;38;10;0m[38;2;187;54;0m▀[48;2;28;5;0m[38;2;155;28;0m▀[48;2;37;13;0m[38;2;183;60;0m▀[48;2;47;17;0m[38;2;216;76;0m▀[48;2;49;15;0m[38;2;219;74;0m▀[48;2;47;21;0m[38;2;229;92;0m▀[48;2;34;11;0m[38;2;192;60;0m▀[48;2;34;14;0m[38;2;188;64;0m▀[48;2;44;20;0m[38;2;205;79;0m▀[48;2;45;16;0m[38;2;206;69;0m▀[48;2;50;18;0m[38;2;228;86;0m▀[48;2;52;21;0m[38;2;226;94;0m▀[48;2;44;13;0m[38;2;206;71;0m▀[48;2;37;12;0m[38;2;194;62;0m▀[48;2;43;20;0m[38;2;218;80;0m▀[48;2;44;18;0m[38;2;211;74;0m▀[48;2;52;19;0m[38;2;231;87;0m▀[48;2;53;24;0m[38;2;241;98;0m▀[48;2;41;13;0m[38;2;196;64;0m▀[48;2;43;14;0m[38;2;198;66;0m▀[48;2;42;17;0m[38;2;213;77;0m▀[48;2;51;21;0m[38;2;244;98;0m▀[48;2;97;41;0m[38;2;255;164;0m▝[48;2;64;49;0m[38;2;255;183;0m▀[48;2;64;41;0m[38;2;255;158;0m▀[48;2;51;25;0m[38;2;240;100;0m▀[48;2;52;19;0m[38;2;221;80;0m▀[48;2;37;13;0m[38;2;191;59;0m▀[48;2;52;37;1m[38;2;242;150;1m▀[48;2;87;39;0m[38;2;255;156;0m▝[48;2;34;19;0m[38;2;188;84;0m▀[48;2;57;43;3m[38;2;246;158;5m▀[48;2;53;31;0m[38;2;254;140;0m▀[48;2;62;44;3m[38;2;255;184;2m▀[48;2;62;42;0m[38;2;255;157;0m▀[48;2;72;17;0m[38;2;238;108;0m▘[48;2;53;24;0m[38;2;242;118;0m▀[48;2;60;44;1m[38;2;252;162;0m▀[48;2;49;23;0m[38;2;217;95;0m▀[48;2;43;16;0m[38;2;218;83;0m▀[48;2;34;11;0m[38;2;185;55;0m▀[48;2;42;18;0m[38;2;206;70;0m▀[48;2;46;18;0m[38;2;224;81;0m▀[48;2;51;27;2m[38;2;231;105;0m▀[48;2;45;21;0m[38;2;220;91;0m▀[48;2;47;21;0m[38;2;224;89;0m▀[48;2;30;8;0m[38;2;190;64;0m▀[48;2;40;17;0m[38;2;200;64;0m▀[48;2;48;26;0m[38;2;233;99;0m▀[48;2;26;8;0m[38;2;165;39;0m▀[48;2;29;9;0m[38;2;183;52;0m▀[48;2;68;20;0m[38;2;194;76;0m▘[48;2;43;17;0m[38;2;196;62;0m▀[48;2;44;17;0m[38;2;208;79;0m▀[48;2;93;34;0m[38;2;254;132;0m▘[48;2;29;9;0m[38;2;173;50;0m▀[48;2;35;12;0m[38;2;183;54;0m▀[48;2;39;16;0m[38;2;195;60;0m▀[48;2;37;13;0m[38;2;182;56;0m▀[48;2;36;11;0m[38;2;181;51;0m▀[0m
